CMS Code,Carrier,Plan Name,Year,Benefit,Value,Source,Verified By,Verified Date,Notes
H3146-001,Aetna,Aetna Medicare Signature (HMO),2026,Premium,$0.00,CMS,,,
H3146-001,Aetna,Aetna Medicare Signature (HMO),2026,Max out-of-pocket,"$5,500",CMS,,,
H3146-001,Aetna,Aetna Medicare Signature (HMO),2026,PCP,$0,CMS,,,
H3146-001,Aetna,Aetna Medicare Signature (HMO),2026,Specialist,$0 - $40,CMS,,,
H3146-001,Aetna,Aetna Medicare Signature (HMO),2026,Telehealth,$0 - $50,CMS,,,
H3146-001,Aetna,Aetna Medicare Signature (HMO),2026,Chiropractic,$15,CMS,,,
H3146-001,Aetna,Aetna Medicare Signature (HMO),2026,Podiatry,$35,CMS,,,
H3146-001,Aetna,Aetna Medicare Signature (HMO),2026,Other professional,$40,CMS,,,
H3146-001,Aetna,Aetna Medicare Signature (HMO),2026,Inpatient hospital,$382 days 1-8 / $0 days 9-90,CMS,,,
H3146-001,Aetna,Aetna Medicare Signature (HMO),2026,Inpatient psychiatric,$292 days 1-8 / $0 days 9-90,CMS,,,
H3146-001,Aetna,Aetna Medicare Signature (HMO),2026,Skilled nursing facility,$10 days 1-20 / $218 days 21-100,CMS,,,
H3146-001,Aetna,Aetna Medicare Signature (HMO),2026,Home health,$140,CMS,,,
H3146-001,Aetna,Aetna Medicare Signature (HMO),2026,Hospice,$0,CMS,,,
H3146-001,Aetna,Aetna Medicare Signature (HMO),2026,Outpatient hospital,$0 - $200,CMS,,,
H3146-001,Aetna,Aetna Medicare Signature (HMO),2026,Outpatient surgery (ASC),$0 - $300,CMS,,,
H3146-001,Aetna,Aetna Medicare Signature (HMO),2026,Outpatient surgery (hospital),20%,CMS,,,
H3146-001,Aetna,Aetna Medicare Signature (HMO),2026,Observation services,$0 - $35,CMS,,,
H3146-001,Aetna,Aetna Medicare Signature (HMO),2026,Emergency room,$130,CMS,,,
H3146-001,Aetna,Aetna Medicare Signature (HMO),2026,Urgent care,$50,CMS,,,
H3146-001,Aetna,Aetna Medicare Signature (HMO),2026,Ambulance (ground),$0 - $382,CMS,,,
H3146-001,Aetna,Aetna Medicare Signature (HMO),2026,Ambulance (air),$382,CMS,,,
H3146-001,Aetna,Aetna Medicare Signature (HMO),2026,Transportation,$0 - $332,CMS,,,
H3146-001,Aetna,Aetna Medicare Signature (HMO),2026,Lab services,$275,CMS,,,
H3146-001,Aetna,Aetna Medicare Signature (HMO),2026,Diagnostic radiology,20%,CMS,,,
H3146-001,Aetna,Aetna Medicare Signature (HMO),2026,Renal dialysis,20%,CMS,,,
H3146-001,Aetna,Aetna Medicare Signature (HMO),2026,Durable medical equipment,0% - 20%,CMS,,,
H3146-001,Aetna,Aetna Medicare Signature (HMO),2026,Prosthetics,20%,CMS,,,
H3146-001,Aetna,Aetna Medicare Signature (HMO),2026,Diabetic supplies,0% - 20%,CMS,,,
H3146-001,Aetna,Aetna Medicare Signature (HMO),2026,Physical therapy,$0 - $40,CMS,,,
H3146-001,Aetna,Aetna Medicare Signature (HMO),2026,Occupational therapy,$35,CMS,,,
H3146-001,Aetna,Aetna Medicare Signature (HMO),2026,Cardiac rehab,$20,CMS,,,
H3146-001,Aetna,Aetna Medicare Signature (HMO),2026,Pulmonary rehab,$15,CMS,,,
H3146-001,Aetna,Aetna Medicare Signature (HMO),2026,Mental health (individual),$40,CMS,,,
H3146-001,Aetna,Aetna Medicare Signature (HMO),2026,Mental health (group),$40,CMS,,,
H3146-001,Aetna,Aetna Medicare Signature (HMO),2026,Substance abuse (individual),$40,CMS,,,
H3146-001,Aetna,Aetna Medicare Signature (HMO),2026,Partial hospitalization,$40,CMS,,,
H3146-001,Aetna,Aetna Medicare Signature (HMO),2026,Preventive services,$0,CMS,,,
H3146-001,Aetna,Aetna Medicare Signature (HMO),2026,Wellness programs,20%,CMS,,,
H3146-001,Aetna,Aetna Medicare Signature (HMO),2026,Rx deductible,"$615 (tiers 1,2 exempt)",CMS,,,
H3146-001,Aetna,Aetna Medicare Signature (HMO),2026,Dental - preventive,$40,CMS,,,
H3146-001,Aetna,Aetna Medicare Signature (HMO),2026,Dental - oral exam,$0 (4 per year),CMS,,,
H3146-001,Aetna,Aetna Medicare Signature (HMO),2026,Dental - cleaning,$0 (See Notes),CMS,,,
H3146-001,Aetna,Aetna Medicare Signature (HMO),2026,Dental - fluoride,$0 (2 per year),CMS,,,
H3146-001,Aetna,Aetna Medicare Signature (HMO),2026,Dental - restorative,20% - 50% (See Notes),CMS,,,
H3146-001,Aetna,Aetna Medicare Signature (HMO),2026,Dental - endodontics,20% (See Notes),CMS,,,
H3146-001,Aetna,Aetna Medicare Signature (HMO),2026,Dental - periodontics,20% - 50% (See Notes),CMS,,,
H3146-001,Aetna,Aetna Medicare Signature (HMO),2026,Dental - extractions,50% (See Notes),CMS,,,
H3146-001,Aetna,Aetna Medicare Signature (HMO),2026,Dental - other comprehensive,20% - 50% (See Notes),CMS,,,
H3146-001,Aetna,Aetna Medicare Signature (HMO),2026,Vision - routine eye exam,$0 (1 per year),CMS,,,
H3146-001,Aetna,Aetna Medicare Signature (HMO),2026,Vision - eyeglasses,$0,CMS,,,
H3146-001,Aetna,Aetna Medicare Signature (HMO),2026,Vision - contact lenses,$0,CMS,,,
H3146-001,Aetna,Aetna Medicare Signature (HMO),2026,Vision - eyewear (post-cataract),$0,CMS,,,
H3146-001,Aetna,Aetna Medicare Signature (HMO),2026,Hearing - routine exam,$0 (1 per year),CMS,,,
H3146-001,Aetna,Aetna Medicare Signature (HMO),2026,Hearing aids,$0 (2 per year),CMS,,,
H3146-001,Aetna,Aetna Medicare Signature (HMO),2026,OTC allowance,$30 per visit,CMS,,,
H3146-002,Aetna,Aetna Medicare Dual (HMO D-SNP),2026,Premium,$36.20,CMS,,,
H3146-002,Aetna,Aetna Medicare Dual (HMO D-SNP),2026,Max out-of-pocket,"$9,250",CMS,,,
H3146-002,Aetna,Aetna Medicare Dual (HMO D-SNP),2026,PCP,20%,CMS,,,
H3146-002,Aetna,Aetna Medicare Dual (HMO D-SNP),2026,Specialist,20%,CMS,,,
H3146-002,Aetna,Aetna Medicare Dual (HMO D-SNP),2026,Telehealth,$0 - $40,CMS,,,
H3146-002,Aetna,Aetna Medicare Dual (HMO D-SNP),2026,Chiropractic,20%,CMS,,,
H3146-002,Aetna,Aetna Medicare Dual (HMO D-SNP),2026,Podiatry,20%,CMS,,,
H3146-002,Aetna,Aetna Medicare Dual (HMO D-SNP),2026,Other professional,20%,CMS,,,
H3146-002,Aetna,Aetna Medicare Dual (HMO D-SNP),2026,Skilled nursing facility,$0 days 1-20 / $218 days 21-100,CMS,,,
H3146-002,Aetna,Aetna Medicare Dual (HMO D-SNP),2026,Home health,20%,CMS,,,
H3146-002,Aetna,Aetna Medicare Dual (HMO D-SNP),2026,Hospice,$0,CMS,,,
H3146-002,Aetna,Aetna Medicare Dual (HMO D-SNP),2026,Outpatient hospital,20%,CMS,,,
H3146-002,Aetna,Aetna Medicare Dual (HMO D-SNP),2026,Outpatient surgery (ASC),0% - 20%,CMS,,,
H3146-002,Aetna,Aetna Medicare Dual (HMO D-SNP),2026,Outpatient surgery (hospital),20%,CMS,,,
H3146-002,Aetna,Aetna Medicare Dual (HMO D-SNP),2026,Observation services,20%,CMS,,,
H3146-002,Aetna,Aetna Medicare Dual (HMO D-SNP),2026,Emergency room,$115,CMS,,,
H3146-002,Aetna,Aetna Medicare Dual (HMO D-SNP),2026,Urgent care,$40,CMS,,,
H3146-002,Aetna,Aetna Medicare Dual (HMO D-SNP),2026,Ambulance (ground),20%,CMS,,,
H3146-002,Aetna,Aetna Medicare Dual (HMO D-SNP),2026,Ambulance (air),20%,CMS,,,
H3146-002,Aetna,Aetna Medicare Dual (HMO D-SNP),2026,Transportation,20%,CMS,,,
H3146-002,Aetna,Aetna Medicare Dual (HMO D-SNP),2026,Lab services,20%,CMS,,,
H3146-002,Aetna,Aetna Medicare Dual (HMO D-SNP),2026,Diagnostic radiology,20%,CMS,,,
H3146-002,Aetna,Aetna Medicare Dual (HMO D-SNP),2026,Renal dialysis,20%,CMS,,,
H3146-002,Aetna,Aetna Medicare Dual (HMO D-SNP),2026,Durable medical equipment,20%,CMS,,,
H3146-002,Aetna,Aetna Medicare Dual (HMO D-SNP),2026,Prosthetics,20%,CMS,,,
H3146-002,Aetna,Aetna Medicare Dual (HMO D-SNP),2026,Diabetic supplies,0%,CMS,,,
H3146-002,Aetna,Aetna Medicare Dual (HMO D-SNP),2026,Physical therapy,0% - 20%,CMS,,,
H3146-002,Aetna,Aetna Medicare Dual (HMO D-SNP),2026,Occupational therapy,20%,CMS,,,
H3146-002,Aetna,Aetna Medicare Dual (HMO D-SNP),2026,Cardiac rehab,20%,CMS,,,
H3146-002,Aetna,Aetna Medicare Dual (HMO D-SNP),2026,Pulmonary rehab,20%,CMS,,,
H3146-002,Aetna,Aetna Medicare Dual (HMO D-SNP),2026,Mental health (individual),20%,CMS,,,
H3146-002,Aetna,Aetna Medicare Dual (HMO D-SNP),2026,Mental health (group),20%,CMS,,,
H3146-002,Aetna,Aetna Medicare Dual (HMO D-SNP),2026,Substance abuse (individual),20%,CMS,,,
H3146-002,Aetna,Aetna Medicare Dual (HMO D-SNP),2026,Partial hospitalization,20%,CMS,,,
H3146-002,Aetna,Aetna Medicare Dual (HMO D-SNP),2026,Preventive services,$0,CMS,,,
H3146-002,Aetna,Aetna Medicare Dual (HMO D-SNP),2026,Wellness programs,20%,CMS,,,
H3146-002,Aetna,Aetna Medicare Dual (HMO D-SNP),2026,Rx deductible,"$615 (tiers 1,2 exempt)",CMS,,,
H3146-002,Aetna,Aetna Medicare Dual (HMO D-SNP),2026,Dental - allowance,"$2,000 per year",CMS,,,
H3146-002,Aetna,Aetna Medicare Dual (HMO D-SNP),2026,Dental - preventive,20%,CMS,,,
H3146-002,Aetna,Aetna Medicare Dual (HMO D-SNP),2026,Dental - oral exam,$0 (4 per year),CMS,,,
H3146-002,Aetna,Aetna Medicare Dual (HMO D-SNP),2026,Dental - cleaning,$0 (See Notes),CMS,,,
H3146-002,Aetna,Aetna Medicare Dual (HMO D-SNP),2026,Dental - X-ray,$0,CMS,,,
H3146-002,Aetna,Aetna Medicare Dual (HMO D-SNP),2026,Dental - fluoride,$0 (2 per year),CMS,,,
H3146-002,Aetna,Aetna Medicare Dual (HMO D-SNP),2026,Dental - other preventive,$0,CMS,,,
H3146-002,Aetna,Aetna Medicare Dual (HMO D-SNP),2026,Dental - restorative,$0 (See Notes),CMS,,,
H3146-002,Aetna,Aetna Medicare Dual (HMO D-SNP),2026,Dental - endodontics,$0 (See Notes),CMS,,,
H3146-002,Aetna,Aetna Medicare Dual (HMO D-SNP),2026,Dental - periodontics,$0 (See Notes),CMS,,,
H3146-002,Aetna,Aetna Medicare Dual (HMO D-SNP),2026,Dental - extractions,$0 (See Notes),CMS,,,
H3146-002,Aetna,Aetna Medicare Dual (HMO D-SNP),2026,Dental - other comprehensive,$0 (See Notes),CMS,,,
H3146-002,Aetna,Aetna Medicare Dual (HMO D-SNP),2026,Vision - routine eye exam,$0 (1 per year),CMS,,,
H3146-002,Aetna,Aetna Medicare Dual (HMO D-SNP),2026,Vision - eyeglasses,$0,CMS,,,
H3146-002,Aetna,Aetna Medicare Dual (HMO D-SNP),2026,Vision - contact lenses,$0,CMS,,,
H3146-002,Aetna,Aetna Medicare Dual (HMO D-SNP),2026,Vision - eyewear (post-cataract),$0,CMS,,,
H3146-002,Aetna,Aetna Medicare Dual (HMO D-SNP),2026,Hearing - routine exam,$0 (1 per year),CMS,,,
H3146-002,Aetna,Aetna Medicare Dual (HMO D-SNP),2026,Hearing aids,$0 (2 per year),CMS,,,
H3146-002,Aetna,Aetna Medicare Dual (HMO D-SNP),2026,OTC allowance,$205 per lifetime,CMS,,,
H3146-002,Aetna,Aetna Medicare Dual (HMO D-SNP),2026,Meals,$0,CMS,,,
H3146-004,Aetna,Aetna Medicare Signature (HMO),2026,Premium,$0.00,CMS,,,
H3146-004,Aetna,Aetna Medicare Signature (HMO),2026,Max out-of-pocket,"$6,750",CMS,,,
H3146-004,Aetna,Aetna Medicare Signature (HMO),2026,PCP,$0,CMS,,,
H3146-004,Aetna,Aetna Medicare Signature (HMO),2026,Specialist,$0 - $45,CMS,,,
H3146-004,Aetna,Aetna Medicare Signature (HMO),2026,Telehealth,$0 - $50,CMS,,,
H3146-004,Aetna,Aetna Medicare Signature (HMO),2026,Chiropractic,$15,CMS,,,
H3146-004,Aetna,Aetna Medicare Signature (HMO),2026,Podiatry,$35,CMS,,,
H3146-004,Aetna,Aetna Medicare Signature (HMO),2026,Other professional,$40,CMS,,,
H3146-004,Aetna,Aetna Medicare Signature (HMO),2026,Inpatient hospital,$382 days 1-8 / $0 days 9-90,CMS,,,
H3146-004,Aetna,Aetna Medicare Signature (HMO),2026,Inpatient psychiatric,$292 days 1-8 / $0 days 9-90,CMS,,,
H3146-004,Aetna,Aetna Medicare Signature (HMO),2026,Skilled nursing facility,$10 days 1-20 / $218 days 21-100,CMS,,,
H3146-004,Aetna,Aetna Medicare Signature (HMO),2026,Home health,$140,CMS,,,
H3146-004,Aetna,Aetna Medicare Signature (HMO),2026,Hospice,$0,CMS,,,
H3146-004,Aetna,Aetna Medicare Signature (HMO),2026,Outpatient hospital,$0 - $200,CMS,,,
H3146-004,Aetna,Aetna Medicare Signature (HMO),2026,Outpatient surgery (ASC),$0 - $300,CMS,,,
H3146-004,Aetna,Aetna Medicare Signature (HMO),2026,Outpatient surgery (hospital),20%,CMS,,,
H3146-004,Aetna,Aetna Medicare Signature (HMO),2026,Observation services,$0 - $35,CMS,,,
H3146-004,Aetna,Aetna Medicare Signature (HMO),2026,Emergency room,$130,CMS,,,
H3146-004,Aetna,Aetna Medicare Signature (HMO),2026,Urgent care,$50,CMS,,,
H3146-004,Aetna,Aetna Medicare Signature (HMO),2026,Ambulance (ground),$0 - $382,CMS,,,
H3146-004,Aetna,Aetna Medicare Signature (HMO),2026,Ambulance (air),$382,CMS,,,
H3146-004,Aetna,Aetna Medicare Signature (HMO),2026,Transportation,$0 - $332,CMS,,,
H3146-004,Aetna,Aetna Medicare Signature (HMO),2026,Lab services,$275,CMS,,,
H3146-004,Aetna,Aetna Medicare Signature (HMO),2026,Diagnostic radiology,20%,CMS,,,
H3146-004,Aetna,Aetna Medicare Signature (HMO),2026,Renal dialysis,20%,CMS,,,
H3146-004,Aetna,Aetna Medicare Signature (HMO),2026,Durable medical equipment,0% - 20%,CMS,,,
H3146-004,Aetna,Aetna Medicare Signature (HMO),2026,Prosthetics,20%,CMS,,,
H3146-004,Aetna,Aetna Medicare Signature (HMO),2026,Diabetic supplies,0% - 20%,CMS,,,
H3146-004,Aetna,Aetna Medicare Signature (HMO),2026,Physical therapy,$0 - $45,CMS,,,
H3146-004,Aetna,Aetna Medicare Signature (HMO),2026,Occupational therapy,$35,CMS,,,
H3146-004,Aetna,Aetna Medicare Signature (HMO),2026,Cardiac rehab,$20,CMS,,,
H3146-004,Aetna,Aetna Medicare Signature (HMO),2026,Pulmonary rehab,$15,CMS,,,
H3146-004,Aetna,Aetna Medicare Signature (HMO),2026,Mental health (individual),$40,CMS,,,
H3146-004,Aetna,Aetna Medicare Signature (HMO),2026,Mental health (group),$40,CMS,,,
H3146-004,Aetna,Aetna Medicare Signature (HMO),2026,Substance abuse (individual),$40,CMS,,,
H3146-004,Aetna,Aetna Medicare Signature (HMO),2026,Partial hospitalization,$40,CMS,,,
H3146-004,Aetna,Aetna Medicare Signature (HMO),2026,Preventive services,$0,CMS,,,
H3146-004,Aetna,Aetna Medicare Signature (HMO),2026,Wellness programs,20%,CMS,,,
H3146-004,Aetna,Aetna Medicare Signature (HMO),2026,Rx deductible,"$615 (tiers 1,2 exempt)",CMS,,,
H3146-004,Aetna,Aetna Medicare Signature (HMO),2026,Dental - preventive,$45,CMS,,,
H3146-004,Aetna,Aetna Medicare Signature (HMO),2026,Dental - oral exam,$0 (4 per year),CMS,,,
H3146-004,Aetna,Aetna Medicare Signature (HMO),2026,Dental - cleaning,$0 (1 per year),CMS,,,
H3146-004,Aetna,Aetna Medicare Signature (HMO),2026,Dental - fluoride,$0 (2 per year),CMS,,,
H3146-004,Aetna,Aetna Medicare Signature (HMO),2026,Vision - routine eye exam,$0 (1 per year),CMS,,,
H3146-004,Aetna,Aetna Medicare Signature (HMO),2026,Vision - eyeglasses,$0,CMS,,,
H3146-004,Aetna,Aetna Medicare Signature (HMO),2026,Vision - contact lenses,$0,CMS,,,
H3146-004,Aetna,Aetna Medicare Signature (HMO),2026,Vision - eyewear (post-cataract),$0,CMS,,,
H3146-004,Aetna,Aetna Medicare Signature (HMO),2026,Hearing - routine exam,$0 (1 per year),CMS,,,
H3146-004,Aetna,Aetna Medicare Signature (HMO),2026,Hearing aids,$0 (2 per year),CMS,,,
H3146-004,Aetna,Aetna Medicare Signature (HMO),2026,OTC allowance,$30 per visit,CMS,,,
H3146-007,Aetna,Aetna Medicare Prime (HMO),2026,Premium,$0.00,CMS,,,
H3146-007,Aetna,Aetna Medicare Prime (HMO),2026,Max out-of-pocket,"$5,200",CMS,,,
H3146-007,Aetna,Aetna Medicare Prime (HMO),2026,PCP,$0,CMS,,,
H3146-007,Aetna,Aetna Medicare Prime (HMO),2026,Specialist,$0 - $20,CMS,,,
H3146-007,Aetna,Aetna Medicare Prime (HMO),2026,Telehealth,$0 - $50,CMS,,,
H3146-007,Aetna,Aetna Medicare Prime (HMO),2026,Chiropractic,$15,CMS,,,
H3146-007,Aetna,Aetna Medicare Prime (HMO),2026,Podiatry,$35,CMS,,,
H3146-007,Aetna,Aetna Medicare Prime (HMO),2026,Other professional,$40,CMS,,,
H3146-007,Aetna,Aetna Medicare Prime (HMO),2026,Inpatient hospital,$382 days 1-8 / $0 days 9-90,CMS,,,
H3146-007,Aetna,Aetna Medicare Prime (HMO),2026,Inpatient psychiatric,$292 days 1-8 / $0 days 9-90,CMS,,,
H3146-007,Aetna,Aetna Medicare Prime (HMO),2026,Skilled nursing facility,$10 days 1-20 / $218 days 21-100,CMS,,,
H3146-007,Aetna,Aetna Medicare Prime (HMO),2026,Home health,$140,CMS,,,
H3146-007,Aetna,Aetna Medicare Prime (HMO),2026,Hospice,$0,CMS,,,
H3146-007,Aetna,Aetna Medicare Prime (HMO),2026,Outpatient hospital,$0 - $200,CMS,,,
H3146-007,Aetna,Aetna Medicare Prime (HMO),2026,Outpatient surgery (ASC),$0 - $300,CMS,,,
H3146-007,Aetna,Aetna Medicare Prime (HMO),2026,Outpatient surgery (hospital),20%,CMS,,,
H3146-007,Aetna,Aetna Medicare Prime (HMO),2026,Observation services,$0 - $35,CMS,,,
H3146-007,Aetna,Aetna Medicare Prime (HMO),2026,Emergency room,$130,CMS,,,
H3146-007,Aetna,Aetna Medicare Prime (HMO),2026,Urgent care,$50,CMS,,,
H3146-007,Aetna,Aetna Medicare Prime (HMO),2026,Ambulance (ground),$0 - $382,CMS,,,
H3146-007,Aetna,Aetna Medicare Prime (HMO),2026,Ambulance (air),$382,CMS,,,
H3146-007,Aetna,Aetna Medicare Prime (HMO),2026,Transportation,$0 - $332,CMS,,,
H3146-007,Aetna,Aetna Medicare Prime (HMO),2026,Lab services,$275,CMS,,,
H3146-007,Aetna,Aetna Medicare Prime (HMO),2026,Diagnostic radiology,20%,CMS,,,
H3146-007,Aetna,Aetna Medicare Prime (HMO),2026,Renal dialysis,20%,CMS,,,
H3146-007,Aetna,Aetna Medicare Prime (HMO),2026,Durable medical equipment,0% - 20%,CMS,,,
H3146-007,Aetna,Aetna Medicare Prime (HMO),2026,Prosthetics,20%,CMS,,,
H3146-007,Aetna,Aetna Medicare Prime (HMO),2026,Diabetic supplies,0% - 20%,CMS,,,
H3146-007,Aetna,Aetna Medicare Prime (HMO),2026,Physical therapy,$0 - $20,CMS,,,
H3146-007,Aetna,Aetna Medicare Prime (HMO),2026,Occupational therapy,$35,CMS,,,
H3146-007,Aetna,Aetna Medicare Prime (HMO),2026,Cardiac rehab,$20,CMS,,,
H3146-007,Aetna,Aetna Medicare Prime (HMO),2026,Pulmonary rehab,$15,CMS,,,
H3146-007,Aetna,Aetna Medicare Prime (HMO),2026,Mental health (individual),$40,CMS,,,
H3146-007,Aetna,Aetna Medicare Prime (HMO),2026,Mental health (group),$40,CMS,,,
H3146-007,Aetna,Aetna Medicare Prime (HMO),2026,Substance abuse (individual),$40,CMS,,,
H3146-007,Aetna,Aetna Medicare Prime (HMO),2026,Partial hospitalization,$40,CMS,,,
H3146-007,Aetna,Aetna Medicare Prime (HMO),2026,Preventive services,$0,CMS,,,
H3146-007,Aetna,Aetna Medicare Prime (HMO),2026,Wellness programs,20%,CMS,,,
H3146-007,Aetna,Aetna Medicare Prime (HMO),2026,Rx deductible,"$615 (tiers 1,2 exempt)",CMS,,,
H3146-007,Aetna,Aetna Medicare Prime (HMO),2026,Dental - preventive,$20,CMS,,,
H3146-007,Aetna,Aetna Medicare Prime (HMO),2026,Dental - oral exam,$0 (4 per year),CMS,,,
H3146-007,Aetna,Aetna Medicare Prime (HMO),2026,Dental - cleaning,$0 (See Notes),CMS,,,
H3146-007,Aetna,Aetna Medicare Prime (HMO),2026,Dental - fluoride,$0 (2 per year),CMS,,,
H3146-007,Aetna,Aetna Medicare Prime (HMO),2026,Dental - restorative,20% - 50% (See Notes),CMS,,,
H3146-007,Aetna,Aetna Medicare Prime (HMO),2026,Dental - endodontics,20% (See Notes),CMS,,,
H3146-007,Aetna,Aetna Medicare Prime (HMO),2026,Dental - periodontics,20% - 50% (See Notes),CMS,,,
H3146-007,Aetna,Aetna Medicare Prime (HMO),2026,Dental - extractions,50% (See Notes),CMS,,,
H3146-007,Aetna,Aetna Medicare Prime (HMO),2026,Dental - other comprehensive,20% - 50% (See Notes),CMS,,,
H3146-007,Aetna,Aetna Medicare Prime (HMO),2026,Vision - routine eye exam,$0 (1 per year),CMS,,,
H3146-007,Aetna,Aetna Medicare Prime (HMO),2026,Vision - eyeglasses,$0,CMS,,,
H3146-007,Aetna,Aetna Medicare Prime (HMO),2026,Vision - contact lenses,$0,CMS,,,
H3146-007,Aetna,Aetna Medicare Prime (HMO),2026,Vision - eyewear (post-cataract),$0,CMS,,,
H3146-007,Aetna,Aetna Medicare Prime (HMO),2026,Hearing - routine exam,$0 (1 per year),CMS,,,
H3146-007,Aetna,Aetna Medicare Prime (HMO),2026,Hearing aids,$0 (2 per year),CMS,,,
H3146-007,Aetna,Aetna Medicare Prime (HMO),2026,OTC allowance,$30 per visit,CMS,,,
H3146-022,Aetna,Aetna Medicare Full Dual Care (HMO D-SNP),2026,Premium,$28.20,CMS,,,
H3146-022,Aetna,Aetna Medicare Full Dual Care (HMO D-SNP),2026,Max out-of-pocket,"$9,250",CMS,,,
H3146-022,Aetna,Aetna Medicare Full Dual Care (HMO D-SNP),2026,PCP,20%,CMS,,,
H3146-022,Aetna,Aetna Medicare Full Dual Care (HMO D-SNP),2026,Specialist,20%,CMS,,,
H3146-022,Aetna,Aetna Medicare Full Dual Care (HMO D-SNP),2026,Telehealth,$0 - $40,CMS,,,
H3146-022,Aetna,Aetna Medicare Full Dual Care (HMO D-SNP),2026,Chiropractic,20%,CMS,,,
H3146-022,Aetna,Aetna Medicare Full Dual Care (HMO D-SNP),2026,Podiatry,20%,CMS,,,
H3146-022,Aetna,Aetna Medicare Full Dual Care (HMO D-SNP),2026,Other professional,20%,CMS,,,
H3146-022,Aetna,Aetna Medicare Full Dual Care (HMO D-SNP),2026,Skilled nursing facility,$0 days 1-20 / $218 days 21-100,CMS,,,
H3146-022,Aetna,Aetna Medicare Full Dual Care (HMO D-SNP),2026,Home health,20%,CMS,,,
H3146-022,Aetna,Aetna Medicare Full Dual Care (HMO D-SNP),2026,Hospice,$0,CMS,,,
H3146-022,Aetna,Aetna Medicare Full Dual Care (HMO D-SNP),2026,Outpatient hospital,20%,CMS,,,
H3146-022,Aetna,Aetna Medicare Full Dual Care (HMO D-SNP),2026,Outpatient surgery (ASC),0% - 20%,CMS,,,
H3146-022,Aetna,Aetna Medicare Full Dual Care (HMO D-SNP),2026,Outpatient surgery (hospital),20%,CMS,,,
H3146-022,Aetna,Aetna Medicare Full Dual Care (HMO D-SNP),2026,Observation services,20%,CMS,,,
H3146-022,Aetna,Aetna Medicare Full Dual Care (HMO D-SNP),2026,Emergency room,$115,CMS,,,
H3146-022,Aetna,Aetna Medicare Full Dual Care (HMO D-SNP),2026,Urgent care,$40,CMS,,,
H3146-022,Aetna,Aetna Medicare Full Dual Care (HMO D-SNP),2026,Ambulance (ground),20%,CMS,,,
H3146-022,Aetna,Aetna Medicare Full Dual Care (HMO D-SNP),2026,Ambulance (air),20%,CMS,,,
H3146-022,Aetna,Aetna Medicare Full Dual Care (HMO D-SNP),2026,Transportation,20%,CMS,,,
H3146-022,Aetna,Aetna Medicare Full Dual Care (HMO D-SNP),2026,Lab services,20%,CMS,,,
H3146-022,Aetna,Aetna Medicare Full Dual Care (HMO D-SNP),2026,Diagnostic radiology,20%,CMS,,,
H3146-022,Aetna,Aetna Medicare Full Dual Care (HMO D-SNP),2026,Renal dialysis,20%,CMS,,,
H3146-022,Aetna,Aetna Medicare Full Dual Care (HMO D-SNP),2026,Durable medical equipment,20%,CMS,,,
H3146-022,Aetna,Aetna Medicare Full Dual Care (HMO D-SNP),2026,Prosthetics,20%,CMS,,,
H3146-022,Aetna,Aetna Medicare Full Dual Care (HMO D-SNP),2026,Diabetic supplies,0%,CMS,,,
H3146-022,Aetna,Aetna Medicare Full Dual Care (HMO D-SNP),2026,Physical therapy,0% - 20%,CMS,,,
H3146-022,Aetna,Aetna Medicare Full Dual Care (HMO D-SNP),2026,Occupational therapy,20%,CMS,,,
H3146-022,Aetna,Aetna Medicare Full Dual Care (HMO D-SNP),2026,Cardiac rehab,20%,CMS,,,
H3146-022,Aetna,Aetna Medicare Full Dual Care (HMO D-SNP),2026,Pulmonary rehab,20%,CMS,,,
H3146-022,Aetna,Aetna Medicare Full Dual Care (HMO D-SNP),2026,Mental health (individual),20%,CMS,,,
H3146-022,Aetna,Aetna Medicare Full Dual Care (HMO D-SNP),2026,Mental health (group),20%,CMS,,,
H3146-022,Aetna,Aetna Medicare Full Dual Care (HMO D-SNP),2026,Substance abuse (individual),20%,CMS,,,
H3146-022,Aetna,Aetna Medicare Full Dual Care (HMO D-SNP),2026,Partial hospitalization,20%,CMS,,,
H3146-022,Aetna,Aetna Medicare Full Dual Care (HMO D-SNP),2026,Preventive services,$0,CMS,,,
H3146-022,Aetna,Aetna Medicare Full Dual Care (HMO D-SNP),2026,Wellness programs,20%,CMS,,,
H3146-022,Aetna,Aetna Medicare Full Dual Care (HMO D-SNP),2026,Rx deductible,"$615 (tiers 1,2 exempt)",CMS,,,
H3146-022,Aetna,Aetna Medicare Full Dual Care (HMO D-SNP),2026,Dental - preventive,20%,CMS,,,
H3146-022,Aetna,Aetna Medicare Full Dual Care (HMO D-SNP),2026,Dental - oral exam,$0 (4 per year),CMS,,,
H3146-022,Aetna,Aetna Medicare Full Dual Care (HMO D-SNP),2026,Dental - cleaning,$0 (1 per year),CMS,,,
H3146-022,Aetna,Aetna Medicare Full Dual Care (HMO D-SNP),2026,Dental - fluoride,$0 (2 per year),CMS,,,
H3146-022,Aetna,Aetna Medicare Full Dual Care (HMO D-SNP),2026,Vision - routine eye exam,$0 (1 per year),CMS,,,
H3146-022,Aetna,Aetna Medicare Full Dual Care (HMO D-SNP),2026,Vision - eyeglasses,$0,CMS,,,
H3146-022,Aetna,Aetna Medicare Full Dual Care (HMO D-SNP),2026,Vision - contact lenses,$0,CMS,,,
H3146-022,Aetna,Aetna Medicare Full Dual Care (HMO D-SNP),2026,Vision - eyewear (post-cataract),$0,CMS,,,
H3146-022,Aetna,Aetna Medicare Full Dual Care (HMO D-SNP),2026,Hearing - routine exam,$0 (1 per year),CMS,,,
H3146-022,Aetna,Aetna Medicare Full Dual Care (HMO D-SNP),2026,Hearing aids,$0 (2 per year),CMS,,,
H3146-022,Aetna,Aetna Medicare Full Dual Care (HMO D-SNP),2026,OTC allowance,$285 per lifetime,CMS,,,
H3146-022,Aetna,Aetna Medicare Full Dual Care (HMO D-SNP),2026,Meals,$0,CMS,,,
H3146-037,Aetna,Aetna Medicare Chronic Care (HMO C-SNP),2026,Premium,$0.00,CMS,,,
H3146-037,Aetna,Aetna Medicare Chronic Care (HMO C-SNP),2026,Max out-of-pocket,"$6,750",CMS,,,
H3146-037,Aetna,Aetna Medicare Chronic Care (HMO C-SNP),2026,PCP,$0,CMS,,,
H3146-037,Aetna,Aetna Medicare Chronic Care (HMO C-SNP),2026,Specialist,$0 - $45,CMS,,,
H3146-037,Aetna,Aetna Medicare Chronic Care (HMO C-SNP),2026,Telehealth,$0 - $50,CMS,,,
H3146-037,Aetna,Aetna Medicare Chronic Care (HMO C-SNP),2026,Chiropractic,$15,CMS,,,
H3146-037,Aetna,Aetna Medicare Chronic Care (HMO C-SNP),2026,Podiatry,$35,CMS,,,
H3146-037,Aetna,Aetna Medicare Chronic Care (HMO C-SNP),2026,Other professional,$25,CMS,,,
H3146-037,Aetna,Aetna Medicare Chronic Care (HMO C-SNP),2026,Inpatient hospital,$382 days 1-8 / $0 days 9-90,CMS,,,
H3146-037,Aetna,Aetna Medicare Chronic Care (HMO C-SNP),2026,Inpatient psychiatric,$292 days 1-8 / $0 days 9-90,CMS,,,
H3146-037,Aetna,Aetna Medicare Chronic Care (HMO C-SNP),2026,Skilled nursing facility,$10 days 1-20 / $218 days 21-100,CMS,,,
H3146-037,Aetna,Aetna Medicare Chronic Care (HMO C-SNP),2026,Home health,$140,CMS,,,
H3146-037,Aetna,Aetna Medicare Chronic Care (HMO C-SNP),2026,Hospice,$0,CMS,,,
H3146-037,Aetna,Aetna Medicare Chronic Care (HMO C-SNP),2026,Outpatient hospital,$0 - $200,CMS,,,
H3146-037,Aetna,Aetna Medicare Chronic Care (HMO C-SNP),2026,Outpatient surgery (ASC),$0 - $300,CMS,,,
H3146-037,Aetna,Aetna Medicare Chronic Care (HMO C-SNP),2026,Outpatient surgery (hospital),20%,CMS,,,
H3146-037,Aetna,Aetna Medicare Chronic Care (HMO C-SNP),2026,Observation services,$0,CMS,,,
H3146-037,Aetna,Aetna Medicare Chronic Care (HMO C-SNP),2026,Emergency room,$130,CMS,,,
H3146-037,Aetna,Aetna Medicare Chronic Care (HMO C-SNP),2026,Urgent care,$50,CMS,,,
H3146-037,Aetna,Aetna Medicare Chronic Care (HMO C-SNP),2026,Ambulance (ground),$0 - $382,CMS,,,
H3146-037,Aetna,Aetna Medicare Chronic Care (HMO C-SNP),2026,Ambulance (air),$382,CMS,,,
H3146-037,Aetna,Aetna Medicare Chronic Care (HMO C-SNP),2026,Transportation,$0 - $332,CMS,,,
H3146-037,Aetna,Aetna Medicare Chronic Care (HMO C-SNP),2026,Lab services,$275,CMS,,,
H3146-037,Aetna,Aetna Medicare Chronic Care (HMO C-SNP),2026,Diagnostic radiology,20%,CMS,,,
H3146-037,Aetna,Aetna Medicare Chronic Care (HMO C-SNP),2026,Renal dialysis,20%,CMS,,,
H3146-037,Aetna,Aetna Medicare Chronic Care (HMO C-SNP),2026,Durable medical equipment,0% - 20%,CMS,,,
H3146-037,Aetna,Aetna Medicare Chronic Care (HMO C-SNP),2026,Prosthetics,20%,CMS,,,
H3146-037,Aetna,Aetna Medicare Chronic Care (HMO C-SNP),2026,Diabetic supplies,$0,CMS,,,
H3146-037,Aetna,Aetna Medicare Chronic Care (HMO C-SNP),2026,Physical therapy,$0 - $45,CMS,,,
H3146-037,Aetna,Aetna Medicare Chronic Care (HMO C-SNP),2026,Occupational therapy,$40,CMS,,,
H3146-037,Aetna,Aetna Medicare Chronic Care (HMO C-SNP),2026,Cardiac rehab,$0,CMS,,,
H3146-037,Aetna,Aetna Medicare Chronic Care (HMO C-SNP),2026,Pulmonary rehab,$0,CMS,,,
H3146-037,Aetna,Aetna Medicare Chronic Care (HMO C-SNP),2026,Mental health (individual),$25,CMS,,,
H3146-037,Aetna,Aetna Medicare Chronic Care (HMO C-SNP),2026,Mental health (group),$25,CMS,,,
H3146-037,Aetna,Aetna Medicare Chronic Care (HMO C-SNP),2026,Substance abuse (individual),$25,CMS,,,
H3146-037,Aetna,Aetna Medicare Chronic Care (HMO C-SNP),2026,Partial hospitalization,$25,CMS,,,
H3146-037,Aetna,Aetna Medicare Chronic Care (HMO C-SNP),2026,Preventive services,$0,CMS,,,
H3146-037,Aetna,Aetna Medicare Chronic Care (HMO C-SNP),2026,Wellness programs,20%,CMS,,,
H3146-037,Aetna,Aetna Medicare Chronic Care (HMO C-SNP),2026,Rx deductible,"$615 (tiers 1,2 exempt)",CMS,,,
H3146-037,Aetna,Aetna Medicare Chronic Care (HMO C-SNP),2026,Dental - preventive,$45,CMS,,,
H3146-037,Aetna,Aetna Medicare Chronic Care (HMO C-SNP),2026,Dental - oral exam,$0 (4 per year),CMS,,,
H3146-037,Aetna,Aetna Medicare Chronic Care (HMO C-SNP),2026,Dental - cleaning,$0 (1 per year),CMS,,,
H3146-037,Aetna,Aetna Medicare Chronic Care (HMO C-SNP),2026,Dental - fluoride,$0 (2 per year),CMS,,,
H3146-037,Aetna,Aetna Medicare Chronic Care (HMO C-SNP),2026,Vision - routine eye exam,$0 (1 per year),CMS,,,
H3146-037,Aetna,Aetna Medicare Chronic Care (HMO C-SNP),2026,Vision - eyeglasses,$0,CMS,,,
H3146-037,Aetna,Aetna Medicare Chronic Care (HMO C-SNP),2026,Vision - contact lenses,$0,CMS,,,
H3146-037,Aetna,Aetna Medicare Chronic Care (HMO C-SNP),2026,Vision - eyewear (post-cataract),$0,CMS,,,
H3146-037,Aetna,Aetna Medicare Chronic Care (HMO C-SNP),2026,Hearing - routine exam,$0 (1 per year),CMS,,,
H3146-037,Aetna,Aetna Medicare Chronic Care (HMO C-SNP),2026,Hearing aids,$0 (2 per year),CMS,,,
H3146-037,Aetna,Aetna Medicare Chronic Care (HMO C-SNP),2026,OTC allowance,$40 per lifetime,CMS,,,
H3146-039,Aetna,Aetna Medicare Enhanced (HMO),2026,Premium,$63.00,CMS,,,
H3146-039,Aetna,Aetna Medicare Enhanced (HMO),2026,Max out-of-pocket,"$5,900",CMS,,,
H3146-039,Aetna,Aetna Medicare Enhanced (HMO),2026,PCP,$0,CMS,,,
H3146-039,Aetna,Aetna Medicare Enhanced (HMO),2026,Specialist,$0 - $10,CMS,,,
H3146-039,Aetna,Aetna Medicare Enhanced (HMO),2026,Telehealth,$0 - $40,CMS,,,
H3146-039,Aetna,Aetna Medicare Enhanced (HMO),2026,Chiropractic,$10,CMS,,,
H3146-039,Aetna,Aetna Medicare Enhanced (HMO),2026,Podiatry,$20,CMS,,,
H3146-039,Aetna,Aetna Medicare Enhanced (HMO),2026,Other professional,$40,CMS,,,
H3146-039,Aetna,Aetna Medicare Enhanced (HMO),2026,Inpatient hospital,$395 days 1-5 / $0 days 6-90,CMS,,,
H3146-039,Aetna,Aetna Medicare Enhanced (HMO),2026,Inpatient psychiatric,$292 days 1-8 / $0 days 9-90,CMS,,,
H3146-039,Aetna,Aetna Medicare Enhanced (HMO),2026,Skilled nursing facility,$10 days 1-20 / $218 days 21-100,CMS,,,
H3146-039,Aetna,Aetna Medicare Enhanced (HMO),2026,Home health,$140,CMS,,,
H3146-039,Aetna,Aetna Medicare Enhanced (HMO),2026,Hospice,$0,CMS,,,
H3146-039,Aetna,Aetna Medicare Enhanced (HMO),2026,Outpatient hospital,$0 - $20,CMS,,,
H3146-039,Aetna,Aetna Medicare Enhanced (HMO),2026,Outpatient surgery (ASC),$0 - $20,CMS,,,
H3146-039,Aetna,Aetna Medicare Enhanced (HMO),2026,Outpatient surgery (hospital),20%,CMS,,,
H3146-039,Aetna,Aetna Medicare Enhanced (HMO),2026,Observation services,$0 - $15,CMS,,,
H3146-039,Aetna,Aetna Medicare Enhanced (HMO),2026,Emergency room,$130,CMS,,,
H3146-039,Aetna,Aetna Medicare Enhanced (HMO),2026,Urgent care,$20,CMS,,,
H3146-039,Aetna,Aetna Medicare Enhanced (HMO),2026,Ambulance (ground),$0 - $395,CMS,,,
H3146-039,Aetna,Aetna Medicare Enhanced (HMO),2026,Ambulance (air),$395,CMS,,,
H3146-039,Aetna,Aetna Medicare Enhanced (HMO),2026,Transportation,$0 - $295,CMS,,,
H3146-039,Aetna,Aetna Medicare Enhanced (HMO),2026,Lab services,$275,CMS,,,
H3146-039,Aetna,Aetna Medicare Enhanced (HMO),2026,Diagnostic radiology,20%,CMS,,,
H3146-039,Aetna,Aetna Medicare Enhanced (HMO),2026,Renal dialysis,20%,CMS,,,
H3146-039,Aetna,Aetna Medicare Enhanced (HMO),2026,Durable medical equipment,0% - 20%,CMS,,,
H3146-039,Aetna,Aetna Medicare Enhanced (HMO),2026,Prosthetics,20%,CMS,,,
H3146-039,Aetna,Aetna Medicare Enhanced (HMO),2026,Diabetic supplies,0% - 20%,CMS,,,
H3146-039,Aetna,Aetna Medicare Enhanced (HMO),2026,Physical therapy,$0 - $10,CMS,,,
H3146-039,Aetna,Aetna Medicare Enhanced (HMO),2026,Occupational therapy,$20,CMS,,,
H3146-039,Aetna,Aetna Medicare Enhanced (HMO),2026,Cardiac rehab,$10,CMS,,,
H3146-039,Aetna,Aetna Medicare Enhanced (HMO),2026,Pulmonary rehab,$10,CMS,,,
H3146-039,Aetna,Aetna Medicare Enhanced (HMO),2026,Mental health (individual),$40,CMS,,,
H3146-039,Aetna,Aetna Medicare Enhanced (HMO),2026,Mental health (group),$40,CMS,,,
H3146-039,Aetna,Aetna Medicare Enhanced (HMO),2026,Substance abuse (individual),$40,CMS,,,
H3146-039,Aetna,Aetna Medicare Enhanced (HMO),2026,Partial hospitalization,$40,CMS,,,
H3146-039,Aetna,Aetna Medicare Enhanced (HMO),2026,Preventive services,$0,CMS,,,
H3146-039,Aetna,Aetna Medicare Enhanced (HMO),2026,Wellness programs,20%,CMS,,,
H3146-039,Aetna,Aetna Medicare Enhanced (HMO),2026,Rx deductible,"$615 (tiers 1,2 exempt)",CMS,,,
H3146-039,Aetna,Aetna Medicare Enhanced (HMO),2026,Dental - preventive,$10,CMS,,,
H3146-039,Aetna,Aetna Medicare Enhanced (HMO),2026,Dental - oral exam,$0 (4 per year),CMS,,,
H3146-039,Aetna,Aetna Medicare Enhanced (HMO),2026,Dental - cleaning,$0 (See Notes),CMS,,,
H3146-039,Aetna,Aetna Medicare Enhanced (HMO),2026,Dental - fluoride,$0 (2 per year),CMS,,,
H3146-039,Aetna,Aetna Medicare Enhanced (HMO),2026,Dental - restorative,20% - 50% (See Notes),CMS,,,
H3146-039,Aetna,Aetna Medicare Enhanced (HMO),2026,Dental - endodontics,20% (See Notes),CMS,,,
H3146-039,Aetna,Aetna Medicare Enhanced (HMO),2026,Dental - periodontics,20% - 50% (See Notes),CMS,,,
H3146-039,Aetna,Aetna Medicare Enhanced (HMO),2026,Dental - extractions,50% (See Notes),CMS,,,
H3146-039,Aetna,Aetna Medicare Enhanced (HMO),2026,Dental - other comprehensive,20% - 50% (See Notes),CMS,,,
H3146-039,Aetna,Aetna Medicare Enhanced (HMO),2026,Vision - routine eye exam,$0 (1 per year),CMS,,,
H3146-039,Aetna,Aetna Medicare Enhanced (HMO),2026,Vision - eyeglasses,$0,CMS,,,
H3146-039,Aetna,Aetna Medicare Enhanced (HMO),2026,Vision - contact lenses,$0,CMS,,,
H3146-039,Aetna,Aetna Medicare Enhanced (HMO),2026,Vision - eyewear (post-cataract),$0,CMS,,,
H3146-039,Aetna,Aetna Medicare Enhanced (HMO),2026,Hearing - routine exam,$0 (1 per year),CMS,,,
H3146-039,Aetna,Aetna Medicare Enhanced (HMO),2026,Hearing aids,$0 (2 per year),CMS,,,
H3146-039,Aetna,Aetna Medicare Enhanced (HMO),2026,OTC allowance,$30 per visit,CMS,,,
H5521-081,Aetna,Aetna Medicare Signature (PPO),2026,Premium,$0.00,CMS,,,
H5521-081,Aetna,Aetna Medicare Signature (PPO),2026,Max out-of-pocket,"$5,900.00",CMS,,,
H5521-081,Aetna,Aetna Medicare Signature (PPO),2026,PCP,$0,CMS,,,
H5521-081,Aetna,Aetna Medicare Signature (PPO),2026,Specialist,$0 - $35,CMS,,,
H5521-081,Aetna,Aetna Medicare Signature (PPO),2026,Telehealth,$0 - $50,CMS,,,
H5521-081,Aetna,Aetna Medicare Signature (PPO),2026,Chiropractic,$15,CMS,,,
H5521-081,Aetna,Aetna Medicare Signature (PPO),2026,Podiatry,$35,CMS,,,
H5521-081,Aetna,Aetna Medicare Signature (PPO),2026,Other professional,$40,CMS,,,
H5521-081,Aetna,Aetna Medicare Signature (PPO),2026,Inpatient hospital,$382 days 1-8 / $0 days 9-90,CMS,,,
H5521-081,Aetna,Aetna Medicare Signature (PPO),2026,Inpatient psychiatric,$292 days 1-8 / $0 days 9-90,CMS,,,
H5521-081,Aetna,Aetna Medicare Signature (PPO),2026,Skilled nursing facility,$10 days 1-20 / $218 days 21-100,CMS,,,
H5521-081,Aetna,Aetna Medicare Signature (PPO),2026,Home health,$140,CMS,,,
H5521-081,Aetna,Aetna Medicare Signature (PPO),2026,Hospice,$0,CMS,,,
H5521-081,Aetna,Aetna Medicare Signature (PPO),2026,Outpatient hospital,$0 - $200,CMS,,,
H5521-081,Aetna,Aetna Medicare Signature (PPO),2026,Outpatient surgery (ASC),$0 - $300,CMS,,,
H5521-081,Aetna,Aetna Medicare Signature (PPO),2026,Outpatient surgery (hospital),20%,CMS,,,
H5521-081,Aetna,Aetna Medicare Signature (PPO),2026,Observation services,$0 - $35,CMS,,,
H5521-081,Aetna,Aetna Medicare Signature (PPO),2026,Emergency room,$130,CMS,,,
H5521-081,Aetna,Aetna Medicare Signature (PPO),2026,Urgent care,$50,CMS,,,
H5521-081,Aetna,Aetna Medicare Signature (PPO),2026,Ambulance (ground),$0 - $382,CMS,,,
H5521-081,Aetna,Aetna Medicare Signature (PPO),2026,Ambulance (air),$382,CMS,,,
H5521-081,Aetna,Aetna Medicare Signature (PPO),2026,Transportation,$0 - $332,CMS,,,
H5521-081,Aetna,Aetna Medicare Signature (PPO),2026,Lab services,$275,CMS,,,
H5521-081,Aetna,Aetna Medicare Signature (PPO),2026,Diagnostic radiology,20%,CMS,,,
H5521-081,Aetna,Aetna Medicare Signature (PPO),2026,Renal dialysis,20%,CMS,,,
H5521-081,Aetna,Aetna Medicare Signature (PPO),2026,Durable medical equipment,0% - 20%,CMS,,,
H5521-081,Aetna,Aetna Medicare Signature (PPO),2026,Prosthetics,20%,CMS,,,
H5521-081,Aetna,Aetna Medicare Signature (PPO),2026,Diabetic supplies,0% - 20%,CMS,,,
H5521-081,Aetna,Aetna Medicare Signature (PPO),2026,Physical therapy,$0 - $35,CMS,,,
H5521-081,Aetna,Aetna Medicare Signature (PPO),2026,Occupational therapy,$35,CMS,,,
H5521-081,Aetna,Aetna Medicare Signature (PPO),2026,Cardiac rehab,$20,CMS,,,
H5521-081,Aetna,Aetna Medicare Signature (PPO),2026,Pulmonary rehab,$15,CMS,,,
H5521-081,Aetna,Aetna Medicare Signature (PPO),2026,Mental health (individual),$40,CMS,,,
H5521-081,Aetna,Aetna Medicare Signature (PPO),2026,Mental health (group),$40,CMS,,,
H5521-081,Aetna,Aetna Medicare Signature (PPO),2026,Substance abuse (individual),$40,CMS,,,
H5521-081,Aetna,Aetna Medicare Signature (PPO),2026,Partial hospitalization,$40,CMS,,,
H5521-081,Aetna,Aetna Medicare Signature (PPO),2026,Annual physical exam,$0,CMS,,,
H5521-081,Aetna,Aetna Medicare Signature (PPO),2026,Preventive services,$0,CMS,,,
H5521-081,Aetna,Aetna Medicare Signature (PPO),2026,Wellness programs,20%,CMS,,,
H5521-081,Aetna,Aetna Medicare Signature (PPO),2026,Rx deductible,"$500 (tiers 1,2 exempt)",CMS,,,
H5521-081,Aetna,Aetna Medicare Signature (PPO),2026,Dental - preventive,$35,CMS,,,
H5521-081,Aetna,Aetna Medicare Signature (PPO),2026,Dental - oral exam,$0 (4 per year),CMS,,,
H5521-081,Aetna,Aetna Medicare Signature (PPO),2026,Dental - cleaning,$0 (See Notes),CMS,,,
H5521-081,Aetna,Aetna Medicare Signature (PPO),2026,Dental - fluoride,$0 (2 per year),CMS,,,
H5521-081,Aetna,Aetna Medicare Signature (PPO),2026,Dental - restorative,20% - 50% (See Notes),CMS,,,
H5521-081,Aetna,Aetna Medicare Signature (PPO),2026,Dental - endodontics,20% (See Notes),CMS,,,
H5521-081,Aetna,Aetna Medicare Signature (PPO),2026,Dental - periodontics,20% - 50% (See Notes),CMS,,,
H5521-081,Aetna,Aetna Medicare Signature (PPO),2026,Dental - extractions,50% (See Notes),CMS,,,
H5521-081,Aetna,Aetna Medicare Signature (PPO),2026,Dental - other comprehensive,20% - 50% (See Notes),CMS,,,
H5521-081,Aetna,Aetna Medicare Signature (PPO),2026,Vision - routine eye exam,$0 (1 per year),CMS,,,
H5521-081,Aetna,Aetna Medicare Signature (PPO),2026,Vision - eyeglasses,$0,CMS,,,
H5521-081,Aetna,Aetna Medicare Signature (PPO),2026,Vision - contact lenses,$0,CMS,,,
H5521-081,Aetna,Aetna Medicare Signature (PPO),2026,Vision - eyewear (post-cataract),$0,CMS,,,
H5521-081,Aetna,Aetna Medicare Signature (PPO),2026,Hearing - routine exam,$0 (1 per year),CMS,,,
H5521-081,Aetna,Aetna Medicare Signature (PPO),2026,Hearing aids,$0 (2 per year),CMS,,,
H5521-081,Aetna,Aetna Medicare Signature (PPO),2026,OTC allowance,$30 per visit,CMS,,,
H5521-139,Aetna,Aetna Medicare Enhanced (PPO),2026,Premium,$21.00,CMS,,,
H5521-139,Aetna,Aetna Medicare Enhanced (PPO),2026,Max out-of-pocket,"$6,750.00",CMS,,,
H5521-139,Aetna,Aetna Medicare Enhanced (PPO),2026,PCP,$0,CMS,,,
H5521-139,Aetna,Aetna Medicare Enhanced (PPO),2026,Specialist,$0 - $35,CMS,,,
H5521-139,Aetna,Aetna Medicare Enhanced (PPO),2026,Telehealth,$0 - $50,CMS,,,
H5521-139,Aetna,Aetna Medicare Enhanced (PPO),2026,Chiropractic,$15,CMS,,,
H5521-139,Aetna,Aetna Medicare Enhanced (PPO),2026,Podiatry,$35,CMS,,,
H5521-139,Aetna,Aetna Medicare Enhanced (PPO),2026,Other professional,$40,CMS,,,
H5521-139,Aetna,Aetna Medicare Enhanced (PPO),2026,Inpatient hospital,$382 days 1-8 / $0 days 9-90,CMS,,,
H5521-139,Aetna,Aetna Medicare Enhanced (PPO),2026,Inpatient psychiatric,$292 days 1-8 / $0 days 9-90,CMS,,,
H5521-139,Aetna,Aetna Medicare Enhanced (PPO),2026,Skilled nursing facility,$10 days 1-20 / $218 days 21-100,CMS,,,
H5521-139,Aetna,Aetna Medicare Enhanced (PPO),2026,Home health,$140,CMS,,,
H5521-139,Aetna,Aetna Medicare Enhanced (PPO),2026,Hospice,$0,CMS,,,
H5521-139,Aetna,Aetna Medicare Enhanced (PPO),2026,Outpatient hospital,$0 - $200,CMS,,,
H5521-139,Aetna,Aetna Medicare Enhanced (PPO),2026,Outpatient surgery (ASC),$0 - $300,CMS,,,
H5521-139,Aetna,Aetna Medicare Enhanced (PPO),2026,Outpatient surgery (hospital),20%,CMS,,,
H5521-139,Aetna,Aetna Medicare Enhanced (PPO),2026,Observation services,$0 - $35,CMS,,,
H5521-139,Aetna,Aetna Medicare Enhanced (PPO),2026,Emergency room,$130,CMS,,,
H5521-139,Aetna,Aetna Medicare Enhanced (PPO),2026,Urgent care,$50,CMS,,,
H5521-139,Aetna,Aetna Medicare Enhanced (PPO),2026,Ambulance (ground),$0 - $382,CMS,,,
H5521-139,Aetna,Aetna Medicare Enhanced (PPO),2026,Ambulance (air),$382,CMS,,,
H5521-139,Aetna,Aetna Medicare Enhanced (PPO),2026,Transportation,$0 - $332,CMS,,,
H5521-139,Aetna,Aetna Medicare Enhanced (PPO),2026,Lab services,$275,CMS,,,
H5521-139,Aetna,Aetna Medicare Enhanced (PPO),2026,Diagnostic radiology,20%,CMS,,,
H5521-139,Aetna,Aetna Medicare Enhanced (PPO),2026,Renal dialysis,20%,CMS,,,
H5521-139,Aetna,Aetna Medicare Enhanced (PPO),2026,Durable medical equipment,0% - 20%,CMS,,,
H5521-139,Aetna,Aetna Medicare Enhanced (PPO),2026,Prosthetics,20%,CMS,,,
H5521-139,Aetna,Aetna Medicare Enhanced (PPO),2026,Diabetic supplies,0% - 20%,CMS,,,
H5521-139,Aetna,Aetna Medicare Enhanced (PPO),2026,Physical therapy,$0 - $35,CMS,,,
H5521-139,Aetna,Aetna Medicare Enhanced (PPO),2026,Occupational therapy,$35,CMS,,,
H5521-139,Aetna,Aetna Medicare Enhanced (PPO),2026,Cardiac rehab,$20,CMS,,,
H5521-139,Aetna,Aetna Medicare Enhanced (PPO),2026,Pulmonary rehab,$15,CMS,,,
H5521-139,Aetna,Aetna Medicare Enhanced (PPO),2026,Mental health (individual),$40,CMS,,,
H5521-139,Aetna,Aetna Medicare Enhanced (PPO),2026,Mental health (group),$40,CMS,,,
H5521-139,Aetna,Aetna Medicare Enhanced (PPO),2026,Substance abuse (individual),$40,CMS,,,
H5521-139,Aetna,Aetna Medicare Enhanced (PPO),2026,Partial hospitalization,$40,CMS,,,
H5521-139,Aetna,Aetna Medicare Enhanced (PPO),2026,Annual physical exam,$0,CMS,,,
H5521-139,Aetna,Aetna Medicare Enhanced (PPO),2026,Preventive services,$0,CMS,,,
H5521-139,Aetna,Aetna Medicare Enhanced (PPO),2026,Wellness programs,20%,CMS,,,
H5521-139,Aetna,Aetna Medicare Enhanced (PPO),2026,Rx deductible,"$615 (tiers 1,2 exempt)",CMS,,,
H5521-139,Aetna,Aetna Medicare Enhanced (PPO),2026,Dental - preventive,$35,CMS,,,
H5521-139,Aetna,Aetna Medicare Enhanced (PPO),2026,Dental - oral exam,$0 (4 per year),CMS,,,
H5521-139,Aetna,Aetna Medicare Enhanced (PPO),2026,Dental - cleaning,$0 (See Notes),CMS,,,
H5521-139,Aetna,Aetna Medicare Enhanced (PPO),2026,Dental - fluoride,$0 (2 per year),CMS,,,
H5521-139,Aetna,Aetna Medicare Enhanced (PPO),2026,Dental - restorative,20% - 50% (See Notes),CMS,,,
H5521-139,Aetna,Aetna Medicare Enhanced (PPO),2026,Dental - endodontics,20% (See Notes),CMS,,,
H5521-139,Aetna,Aetna Medicare Enhanced (PPO),2026,Dental - periodontics,20% - 50% (See Notes),CMS,,,
H5521-139,Aetna,Aetna Medicare Enhanced (PPO),2026,Dental - extractions,50% (See Notes),CMS,,,
H5521-139,Aetna,Aetna Medicare Enhanced (PPO),2026,Dental - other comprehensive,20% - 50% (See Notes),CMS,,,
H5521-139,Aetna,Aetna Medicare Enhanced (PPO),2026,Vision - routine eye exam,$0 (1 per year),CMS,,,
H5521-139,Aetna,Aetna Medicare Enhanced (PPO),2026,Vision - eyeglasses,$0,CMS,,,
H5521-139,Aetna,Aetna Medicare Enhanced (PPO),2026,Vision - contact lenses,$0,CMS,,,
H5521-139,Aetna,Aetna Medicare Enhanced (PPO),2026,Vision - eyewear (post-cataract),$0,CMS,,,
H5521-139,Aetna,Aetna Medicare Enhanced (PPO),2026,Hearing - routine exam,$0 (1 per year),CMS,,,
H5521-139,Aetna,Aetna Medicare Enhanced (PPO),2026,Hearing aids,$0 (2 per year),CMS,,,
H5521-139,Aetna,Aetna Medicare Enhanced (PPO),2026,OTC allowance,$30 per visit,CMS,,,
H5521-169,Aetna,Aetna Medicare Enhanced (PPO),2026,Premium,$20.00,CMS,,,
H5521-169,Aetna,Aetna Medicare Enhanced (PPO),2026,Max out-of-pocket,"$5,900.00",CMS,,,
H5521-169,Aetna,Aetna Medicare Enhanced (PPO),2026,PCP,$0,CMS,,,
H5521-169,Aetna,Aetna Medicare Enhanced (PPO),2026,Specialist,$0 - $40,CMS,,,
H5521-169,Aetna,Aetna Medicare Enhanced (PPO),2026,Telehealth,$0 - $50,CMS,,,
H5521-169,Aetna,Aetna Medicare Enhanced (PPO),2026,Chiropractic,$15,CMS,,,
H5521-169,Aetna,Aetna Medicare Enhanced (PPO),2026,Podiatry,$35,CMS,,,
H5521-169,Aetna,Aetna Medicare Enhanced (PPO),2026,Other professional,$40,CMS,,,
H5521-169,Aetna,Aetna Medicare Enhanced (PPO),2026,Inpatient hospital,$382 days 1-8 / $0 days 9-90,CMS,,,
H5521-169,Aetna,Aetna Medicare Enhanced (PPO),2026,Inpatient psychiatric,$292 days 1-8 / $0 days 9-90,CMS,,,
H5521-169,Aetna,Aetna Medicare Enhanced (PPO),2026,Skilled nursing facility,$10 days 1-20 / $218 days 21-100,CMS,,,
H5521-169,Aetna,Aetna Medicare Enhanced (PPO),2026,Home health,$140,CMS,,,
H5521-169,Aetna,Aetna Medicare Enhanced (PPO),2026,Hospice,$0,CMS,,,
H5521-169,Aetna,Aetna Medicare Enhanced (PPO),2026,Outpatient hospital,$0 - $200,CMS,,,
H5521-169,Aetna,Aetna Medicare Enhanced (PPO),2026,Outpatient surgery (ASC),$0 - $300,CMS,,,
H5521-169,Aetna,Aetna Medicare Enhanced (PPO),2026,Outpatient surgery (hospital),20%,CMS,,,
H5521-169,Aetna,Aetna Medicare Enhanced (PPO),2026,Observation services,$0 - $35,CMS,,,
H5521-169,Aetna,Aetna Medicare Enhanced (PPO),2026,Emergency room,$130,CMS,,,
H5521-169,Aetna,Aetna Medicare Enhanced (PPO),2026,Urgent care,$50,CMS,,,
H5521-169,Aetna,Aetna Medicare Enhanced (PPO),2026,Ambulance (ground),$0 - $382,CMS,,,
H5521-169,Aetna,Aetna Medicare Enhanced (PPO),2026,Ambulance (air),$382,CMS,,,
H5521-169,Aetna,Aetna Medicare Enhanced (PPO),2026,Transportation,$0 - $332,CMS,,,
H5521-169,Aetna,Aetna Medicare Enhanced (PPO),2026,Lab services,$275,CMS,,,
H5521-169,Aetna,Aetna Medicare Enhanced (PPO),2026,Diagnostic radiology,20%,CMS,,,
H5521-169,Aetna,Aetna Medicare Enhanced (PPO),2026,Renal dialysis,20%,CMS,,,
H5521-169,Aetna,Aetna Medicare Enhanced (PPO),2026,Durable medical equipment,0% - 20%,CMS,,,
H5521-169,Aetna,Aetna Medicare Enhanced (PPO),2026,Prosthetics,20%,CMS,,,
H5521-169,Aetna,Aetna Medicare Enhanced (PPO),2026,Diabetic supplies,0% - 20%,CMS,,,
H5521-169,Aetna,Aetna Medicare Enhanced (PPO),2026,Physical therapy,$0 - $40,CMS,,,
H5521-169,Aetna,Aetna Medicare Enhanced (PPO),2026,Occupational therapy,$35,CMS,,,
H5521-169,Aetna,Aetna Medicare Enhanced (PPO),2026,Cardiac rehab,$20,CMS,,,
H5521-169,Aetna,Aetna Medicare Enhanced (PPO),2026,Pulmonary rehab,$15,CMS,,,
H5521-169,Aetna,Aetna Medicare Enhanced (PPO),2026,Mental health (individual),$40,CMS,,,
H5521-169,Aetna,Aetna Medicare Enhanced (PPO),2026,Mental health (group),$40,CMS,,,
H5521-169,Aetna,Aetna Medicare Enhanced (PPO),2026,Substance abuse (individual),$40,CMS,,,
H5521-169,Aetna,Aetna Medicare Enhanced (PPO),2026,Partial hospitalization,$40,CMS,,,
H5521-169,Aetna,Aetna Medicare Enhanced (PPO),2026,Annual physical exam,$0,CMS,,,
H5521-169,Aetna,Aetna Medicare Enhanced (PPO),2026,Preventive services,$0,CMS,,,
H5521-169,Aetna,Aetna Medicare Enhanced (PPO),2026,Wellness programs,20%,CMS,,,
H5521-169,Aetna,Aetna Medicare Enhanced (PPO),2026,Rx deductible,"$615 (tiers 1,2 exempt)",CMS,,,
H5521-169,Aetna,Aetna Medicare Enhanced (PPO),2026,Dental - preventive,$40,CMS,,,
H5521-169,Aetna,Aetna Medicare Enhanced (PPO),2026,Dental - oral exam,$0 (4 per year),CMS,,,
H5521-169,Aetna,Aetna Medicare Enhanced (PPO),2026,Dental - cleaning,$0 (See Notes),CMS,,,
H5521-169,Aetna,Aetna Medicare Enhanced (PPO),2026,Dental - fluoride,$0 (2 per year),CMS,,,
H5521-169,Aetna,Aetna Medicare Enhanced (PPO),2026,Dental - restorative,20% - 50% (See Notes),CMS,,,
H5521-169,Aetna,Aetna Medicare Enhanced (PPO),2026,Dental - endodontics,20% (See Notes),CMS,,,
H5521-169,Aetna,Aetna Medicare Enhanced (PPO),2026,Dental - periodontics,20% - 50% (See Notes),CMS,,,
H5521-169,Aetna,Aetna Medicare Enhanced (PPO),2026,Dental - extractions,50% (See Notes),CMS,,,
H5521-169,Aetna,Aetna Medicare Enhanced (PPO),2026,Dental - other comprehensive,20% - 50% (See Notes),CMS,,,
H5521-169,Aetna,Aetna Medicare Enhanced (PPO),2026,Vision - routine eye exam,$0 (1 per year),CMS,,,
H5521-169,Aetna,Aetna Medicare Enhanced (PPO),2026,Vision - eyeglasses,$0,CMS,,,
H5521-169,Aetna,Aetna Medicare Enhanced (PPO),2026,Vision - contact lenses,$0,CMS,,,
H5521-169,Aetna,Aetna Medicare Enhanced (PPO),2026,Vision - eyewear (post-cataract),$0,CMS,,,
H5521-169,Aetna,Aetna Medicare Enhanced (PPO),2026,Hearing - routine exam,$0 (1 per year),CMS,,,
H5521-169,Aetna,Aetna Medicare Enhanced (PPO),2026,Hearing aids,$0 (2 per year),CMS,,,
H5521-169,Aetna,Aetna Medicare Enhanced (PPO),2026,OTC allowance,$30 per visit,CMS,,,
H5521-170,Aetna,Aetna Medicare Signature Extra (PPO),2026,Premium,$0.00,CMS,,,
H5521-170,Aetna,Aetna Medicare Signature Extra (PPO),2026,Max out-of-pocket,"$5,900.00",CMS,,,
H5521-170,Aetna,Aetna Medicare Signature Extra (PPO),2026,PCP,$0,CMS,,,
H5521-170,Aetna,Aetna Medicare Signature Extra (PPO),2026,Specialist,$0 - $30,CMS,,,
H5521-170,Aetna,Aetna Medicare Signature Extra (PPO),2026,Telehealth,$0 - $40,CMS,,,
H5521-170,Aetna,Aetna Medicare Signature Extra (PPO),2026,Chiropractic,$15,CMS,,,
H5521-170,Aetna,Aetna Medicare Signature Extra (PPO),2026,Podiatry,$35,CMS,,,
H5521-170,Aetna,Aetna Medicare Signature Extra (PPO),2026,Other professional,$40,CMS,,,
H5521-170,Aetna,Aetna Medicare Signature Extra (PPO),2026,Inpatient hospital,$382 days 1-8 / $0 days 9-90,CMS,,,
H5521-170,Aetna,Aetna Medicare Signature Extra (PPO),2026,Inpatient psychiatric,$286 days 1-8 / $0 days 9-90,CMS,,,
H5521-170,Aetna,Aetna Medicare Signature Extra (PPO),2026,Skilled nursing facility,$10 days 1-20 / $218 days 21-100,CMS,,,
H5521-170,Aetna,Aetna Medicare Signature Extra (PPO),2026,Home health,$140,CMS,,,
H5521-170,Aetna,Aetna Medicare Signature Extra (PPO),2026,Hospice,$0,CMS,,,
H5521-170,Aetna,Aetna Medicare Signature Extra (PPO),2026,Outpatient hospital,$0 - $200,CMS,,,
H5521-170,Aetna,Aetna Medicare Signature Extra (PPO),2026,Outpatient surgery (ASC),$0 - $300,CMS,,,
H5521-170,Aetna,Aetna Medicare Signature Extra (PPO),2026,Outpatient surgery (hospital),20%,CMS,,,
H5521-170,Aetna,Aetna Medicare Signature Extra (PPO),2026,Observation services,$0 - $25,CMS,,,
H5521-170,Aetna,Aetna Medicare Signature Extra (PPO),2026,Emergency room,$130,CMS,,,
H5521-170,Aetna,Aetna Medicare Signature Extra (PPO),2026,Urgent care,$20,CMS,,,
H5521-170,Aetna,Aetna Medicare Signature Extra (PPO),2026,Ambulance (ground),$0 - $382,CMS,,,
H5521-170,Aetna,Aetna Medicare Signature Extra (PPO),2026,Ambulance (air),$382,CMS,,,
H5521-170,Aetna,Aetna Medicare Signature Extra (PPO),2026,Transportation,$0 - $332,CMS,,,
H5521-170,Aetna,Aetna Medicare Signature Extra (PPO),2026,Lab services,$275,CMS,,,
H5521-170,Aetna,Aetna Medicare Signature Extra (PPO),2026,Diagnostic radiology,20%,CMS,,,
H5521-170,Aetna,Aetna Medicare Signature Extra (PPO),2026,Renal dialysis,20%,CMS,,,
H5521-170,Aetna,Aetna Medicare Signature Extra (PPO),2026,Durable medical equipment,0% - 20%,CMS,,,
H5521-170,Aetna,Aetna Medicare Signature Extra (PPO),2026,Prosthetics,20%,CMS,,,
H5521-170,Aetna,Aetna Medicare Signature Extra (PPO),2026,Diabetic supplies,0% - 20%,CMS,,,
H5521-170,Aetna,Aetna Medicare Signature Extra (PPO),2026,Physical therapy,$0 - $30,CMS,,,
H5521-170,Aetna,Aetna Medicare Signature Extra (PPO),2026,Occupational therapy,$35,CMS,,,
H5521-170,Aetna,Aetna Medicare Signature Extra (PPO),2026,Cardiac rehab,$20,CMS,,,
H5521-170,Aetna,Aetna Medicare Signature Extra (PPO),2026,Pulmonary rehab,$15,CMS,,,
H5521-170,Aetna,Aetna Medicare Signature Extra (PPO),2026,Mental health (individual),$40,CMS,,,
H5521-170,Aetna,Aetna Medicare Signature Extra (PPO),2026,Mental health (group),$40,CMS,,,
H5521-170,Aetna,Aetna Medicare Signature Extra (PPO),2026,Substance abuse (individual),$40,CMS,,,
H5521-170,Aetna,Aetna Medicare Signature Extra (PPO),2026,Partial hospitalization,$40,CMS,,,
H5521-170,Aetna,Aetna Medicare Signature Extra (PPO),2026,Annual physical exam,$0,CMS,,,
H5521-170,Aetna,Aetna Medicare Signature Extra (PPO),2026,Preventive services,$0,CMS,,,
H5521-170,Aetna,Aetna Medicare Signature Extra (PPO),2026,Wellness programs,20%,CMS,,,
H5521-170,Aetna,Aetna Medicare Signature Extra (PPO),2026,Rx deductible,"$500 (tiers 1,2 exempt)",CMS,,,
H5521-170,Aetna,Aetna Medicare Signature Extra (PPO),2026,Dental - preventive,$30,CMS,,,
H5521-170,Aetna,Aetna Medicare Signature Extra (PPO),2026,Dental - oral exam,$0 (4 per year),CMS,,,
H5521-170,Aetna,Aetna Medicare Signature Extra (PPO),2026,Dental - cleaning,$0 (See Notes),CMS,,,
H5521-170,Aetna,Aetna Medicare Signature Extra (PPO),2026,Dental - fluoride,$0 (2 per year),CMS,,,
H5521-170,Aetna,Aetna Medicare Signature Extra (PPO),2026,Dental - restorative,20% - 50% (See Notes),CMS,,,
H5521-170,Aetna,Aetna Medicare Signature Extra (PPO),2026,Dental - endodontics,20% (See Notes),CMS,,,
H5521-170,Aetna,Aetna Medicare Signature Extra (PPO),2026,Dental - periodontics,20% - 50% (See Notes),CMS,,,
H5521-170,Aetna,Aetna Medicare Signature Extra (PPO),2026,Dental - extractions,50% (See Notes),CMS,,,
H5521-170,Aetna,Aetna Medicare Signature Extra (PPO),2026,Dental - other comprehensive,20% - 50% (See Notes),CMS,,,
H5521-170,Aetna,Aetna Medicare Signature Extra (PPO),2026,Vision - routine eye exam,$0 (1 per year),CMS,,,
H5521-170,Aetna,Aetna Medicare Signature Extra (PPO),2026,Vision - eyeglasses,$0,CMS,,,
H5521-170,Aetna,Aetna Medicare Signature Extra (PPO),2026,Vision - contact lenses,$0,CMS,,,
H5521-170,Aetna,Aetna Medicare Signature Extra (PPO),2026,Vision - eyewear (post-cataract),$0,CMS,,,
H5521-170,Aetna,Aetna Medicare Signature Extra (PPO),2026,Hearing - routine exam,$0 (1 per year),CMS,,,
H5521-170,Aetna,Aetna Medicare Signature Extra (PPO),2026,Hearing aids,$0 (2 per year),CMS,,,
H5521-170,Aetna,Aetna Medicare Signature Extra (PPO),2026,OTC allowance,$30 per visit,CMS,,,
H5521-236,Aetna,Aetna Medicare Signature (PPO),2026,Premium,$0.00,CMS,,,
H5521-236,Aetna,Aetna Medicare Signature (PPO),2026,Max out-of-pocket,"$6,750.00",CMS,,,
H5521-236,Aetna,Aetna Medicare Signature (PPO),2026,PCP,$0,CMS,,,
H5521-236,Aetna,Aetna Medicare Signature (PPO),2026,Specialist,$0 - $50,CMS,,,
H5521-236,Aetna,Aetna Medicare Signature (PPO),2026,Telehealth,$0 - $50,CMS,,,
H5521-236,Aetna,Aetna Medicare Signature (PPO),2026,Chiropractic,$15,CMS,,,
H5521-236,Aetna,Aetna Medicare Signature (PPO),2026,Podiatry,$35,CMS,,,
H5521-236,Aetna,Aetna Medicare Signature (PPO),2026,Other professional,$40,CMS,,,
H5521-236,Aetna,Aetna Medicare Signature (PPO),2026,Inpatient hospital,$382 days 1-8 / $0 days 9-90,CMS,,,
H5521-236,Aetna,Aetna Medicare Signature (PPO),2026,Inpatient psychiatric,$292 days 1-8 / $0 days 9-90,CMS,,,
H5521-236,Aetna,Aetna Medicare Signature (PPO),2026,Skilled nursing facility,$10 days 1-20 / $218 days 21-100,CMS,,,
H5521-236,Aetna,Aetna Medicare Signature (PPO),2026,Home health,$140,CMS,,,
H5521-236,Aetna,Aetna Medicare Signature (PPO),2026,Hospice,$0,CMS,,,
H5521-236,Aetna,Aetna Medicare Signature (PPO),2026,Outpatient hospital,$0 - $200,CMS,,,
H5521-236,Aetna,Aetna Medicare Signature (PPO),2026,Outpatient surgery (ASC),$0 - $300,CMS,,,
H5521-236,Aetna,Aetna Medicare Signature (PPO),2026,Outpatient surgery (hospital),20%,CMS,,,
H5521-236,Aetna,Aetna Medicare Signature (PPO),2026,Observation services,$0 - $35,CMS,,,
H5521-236,Aetna,Aetna Medicare Signature (PPO),2026,Emergency room,$130,CMS,,,
H5521-236,Aetna,Aetna Medicare Signature (PPO),2026,Urgent care,$50,CMS,,,
H5521-236,Aetna,Aetna Medicare Signature (PPO),2026,Ambulance (ground),$0 - $382,CMS,,,
H5521-236,Aetna,Aetna Medicare Signature (PPO),2026,Ambulance (air),$382,CMS,,,
H5521-236,Aetna,Aetna Medicare Signature (PPO),2026,Transportation,$0 - $332,CMS,,,
H5521-236,Aetna,Aetna Medicare Signature (PPO),2026,Lab services,$275,CMS,,,
H5521-236,Aetna,Aetna Medicare Signature (PPO),2026,Diagnostic radiology,20%,CMS,,,
H5521-236,Aetna,Aetna Medicare Signature (PPO),2026,Renal dialysis,20%,CMS,,,
H5521-236,Aetna,Aetna Medicare Signature (PPO),2026,Durable medical equipment,0% - 20%,CMS,,,
H5521-236,Aetna,Aetna Medicare Signature (PPO),2026,Prosthetics,20%,CMS,,,
H5521-236,Aetna,Aetna Medicare Signature (PPO),2026,Diabetic supplies,0% - 20%,CMS,,,
H5521-236,Aetna,Aetna Medicare Signature (PPO),2026,Physical therapy,$0 - $50,CMS,,,
H5521-236,Aetna,Aetna Medicare Signature (PPO),2026,Occupational therapy,$35,CMS,,,
H5521-236,Aetna,Aetna Medicare Signature (PPO),2026,Cardiac rehab,$20,CMS,,,
H5521-236,Aetna,Aetna Medicare Signature (PPO),2026,Pulmonary rehab,$15,CMS,,,
H5521-236,Aetna,Aetna Medicare Signature (PPO),2026,Mental health (individual),$40,CMS,,,
H5521-236,Aetna,Aetna Medicare Signature (PPO),2026,Mental health (group),$40,CMS,,,
H5521-236,Aetna,Aetna Medicare Signature (PPO),2026,Substance abuse (individual),$40,CMS,,,
H5521-236,Aetna,Aetna Medicare Signature (PPO),2026,Partial hospitalization,$40,CMS,,,
H5521-236,Aetna,Aetna Medicare Signature (PPO),2026,Annual physical exam,$0,CMS,,,
H5521-236,Aetna,Aetna Medicare Signature (PPO),2026,Preventive services,$0,CMS,,,
H5521-236,Aetna,Aetna Medicare Signature (PPO),2026,Wellness programs,20%,CMS,,,
H5521-236,Aetna,Aetna Medicare Signature (PPO),2026,Rx deductible,"$615 (tiers 1,2 exempt)",CMS,,,
H5521-236,Aetna,Aetna Medicare Signature (PPO),2026,Dental - preventive,$50,CMS,,,
H5521-236,Aetna,Aetna Medicare Signature (PPO),2026,Dental - oral exam,$0 (4 per year),CMS,,,
H5521-236,Aetna,Aetna Medicare Signature (PPO),2026,Dental - cleaning,$0 (See Notes),CMS,,,
H5521-236,Aetna,Aetna Medicare Signature (PPO),2026,Dental - fluoride,$0 (2 per year),CMS,,,
H5521-236,Aetna,Aetna Medicare Signature (PPO),2026,Dental - restorative,20% - 50% (See Notes),CMS,,,
H5521-236,Aetna,Aetna Medicare Signature (PPO),2026,Dental - endodontics,20% (See Notes),CMS,,,
H5521-236,Aetna,Aetna Medicare Signature (PPO),2026,Dental - periodontics,20% - 50% (See Notes),CMS,,,
H5521-236,Aetna,Aetna Medicare Signature (PPO),2026,Dental - extractions,50% (See Notes),CMS,,,
H5521-236,Aetna,Aetna Medicare Signature (PPO),2026,Dental - other comprehensive,20% - 50% (See Notes),CMS,,,
H5521-236,Aetna,Aetna Medicare Signature (PPO),2026,Vision - routine eye exam,$0 (1 per year),CMS,,,
H5521-236,Aetna,Aetna Medicare Signature (PPO),2026,Vision - eyeglasses,$0,CMS,,,
H5521-236,Aetna,Aetna Medicare Signature (PPO),2026,Vision - contact lenses,$0,CMS,,,
H5521-236,Aetna,Aetna Medicare Signature (PPO),2026,Vision - eyewear (post-cataract),$0,CMS,,,
H5521-236,Aetna,Aetna Medicare Signature (PPO),2026,Hearing - routine exam,$0 (1 per year),CMS,,,
H5521-236,Aetna,Aetna Medicare Signature (PPO),2026,Hearing aids,$0 (2 per year),CMS,,,
H5521-236,Aetna,Aetna Medicare Signature (PPO),2026,OTC allowance,$30 per visit,CMS,,,
H5521-241,Aetna,Aetna Medicare Eagle Giveback (PPO),2026,Premium,Not Applicable,CMS,,,
H5521-241,Aetna,Aetna Medicare Eagle Giveback (PPO),2026,Max out-of-pocket,"$6,750.00",CMS,,,
H5521-241,Aetna,Aetna Medicare Eagle Giveback (PPO),2026,PCP,$0,CMS,,,
H5521-241,Aetna,Aetna Medicare Eagle Giveback (PPO),2026,Specialist,$0 - $35,CMS,,,
H5521-241,Aetna,Aetna Medicare Eagle Giveback (PPO),2026,Telehealth,$0 - $50,CMS,,,
H5521-241,Aetna,Aetna Medicare Eagle Giveback (PPO),2026,Chiropractic,$15,CMS,,,
H5521-241,Aetna,Aetna Medicare Eagle Giveback (PPO),2026,Podiatry,$30,CMS,,,
H5521-241,Aetna,Aetna Medicare Eagle Giveback (PPO),2026,Other professional,$40,CMS,,,
H5521-241,Aetna,Aetna Medicare Eagle Giveback (PPO),2026,Inpatient hospital,$382 days 1-8 / $0 days 9-90,CMS,,,
H5521-241,Aetna,Aetna Medicare Eagle Giveback (PPO),2026,Inpatient psychiatric,$292 days 1-8 / $0 days 9-90,CMS,,,
H5521-241,Aetna,Aetna Medicare Eagle Giveback (PPO),2026,Skilled nursing facility,$10 days 1-20 / $218 days 21-100,CMS,,,
H5521-241,Aetna,Aetna Medicare Eagle Giveback (PPO),2026,Home health,$140,CMS,,,
H5521-241,Aetna,Aetna Medicare Eagle Giveback (PPO),2026,Hospice,$0,CMS,,,
H5521-241,Aetna,Aetna Medicare Eagle Giveback (PPO),2026,Outpatient hospital,$0 - $200,CMS,,,
H5521-241,Aetna,Aetna Medicare Eagle Giveback (PPO),2026,Outpatient surgery (ASC),$0 - $300,CMS,,,
H5521-241,Aetna,Aetna Medicare Eagle Giveback (PPO),2026,Outpatient surgery (hospital),20%,CMS,,,
H5521-241,Aetna,Aetna Medicare Eagle Giveback (PPO),2026,Observation services,$0,CMS,,,
H5521-241,Aetna,Aetna Medicare Eagle Giveback (PPO),2026,Emergency room,$130,CMS,,,
H5521-241,Aetna,Aetna Medicare Eagle Giveback (PPO),2026,Urgent care,$50,CMS,,,
H5521-241,Aetna,Aetna Medicare Eagle Giveback (PPO),2026,Ambulance (ground),$0 - $382,CMS,,,
H5521-241,Aetna,Aetna Medicare Eagle Giveback (PPO),2026,Ambulance (air),$382,CMS,,,
H5521-241,Aetna,Aetna Medicare Eagle Giveback (PPO),2026,Transportation,$0 - $282,CMS,,,
H5521-241,Aetna,Aetna Medicare Eagle Giveback (PPO),2026,Lab services,$275,CMS,,,
H5521-241,Aetna,Aetna Medicare Eagle Giveback (PPO),2026,Diagnostic radiology,20%,CMS,,,
H5521-241,Aetna,Aetna Medicare Eagle Giveback (PPO),2026,Renal dialysis,20%,CMS,,,
H5521-241,Aetna,Aetna Medicare Eagle Giveback (PPO),2026,Durable medical equipment,0% - 20%,CMS,,,
H5521-241,Aetna,Aetna Medicare Eagle Giveback (PPO),2026,Prosthetics,20%,CMS,,,
H5521-241,Aetna,Aetna Medicare Eagle Giveback (PPO),2026,Diabetic supplies,0% - 20%,CMS,,,
H5521-241,Aetna,Aetna Medicare Eagle Giveback (PPO),2026,Physical therapy,$0 - $35,CMS,,,
H5521-241,Aetna,Aetna Medicare Eagle Giveback (PPO),2026,Occupational therapy,$30,CMS,,,
H5521-241,Aetna,Aetna Medicare Eagle Giveback (PPO),2026,Cardiac rehab,$20,CMS,,,
H5521-241,Aetna,Aetna Medicare Eagle Giveback (PPO),2026,Pulmonary rehab,$15,CMS,,,
H5521-241,Aetna,Aetna Medicare Eagle Giveback (PPO),2026,Mental health (individual),$40,CMS,,,
H5521-241,Aetna,Aetna Medicare Eagle Giveback (PPO),2026,Mental health (group),$40,CMS,,,
H5521-241,Aetna,Aetna Medicare Eagle Giveback (PPO),2026,Substance abuse (individual),$40,CMS,,,
H5521-241,Aetna,Aetna Medicare Eagle Giveback (PPO),2026,Partial hospitalization,$40,CMS,,,
H5521-241,Aetna,Aetna Medicare Eagle Giveback (PPO),2026,Annual physical exam,$0,CMS,,,
H5521-241,Aetna,Aetna Medicare Eagle Giveback (PPO),2026,Preventive services,$0,CMS,,,
H5521-241,Aetna,Aetna Medicare Eagle Giveback (PPO),2026,Wellness programs,20%,CMS,,,
H5521-241,Aetna,Aetna Medicare Eagle Giveback (PPO),2026,Dental - allowance,"$2,000 per year",CMS,,,
H5521-241,Aetna,Aetna Medicare Eagle Giveback (PPO),2026,Dental - preventive,$35,CMS,,,
H5521-241,Aetna,Aetna Medicare Eagle Giveback (PPO),2026,Dental - oral exam,$0,CMS,,,
H5521-241,Aetna,Aetna Medicare Eagle Giveback (PPO),2026,Dental - cleaning,$0,CMS,,,
H5521-241,Aetna,Aetna Medicare Eagle Giveback (PPO),2026,Dental - X-ray,$0,CMS,,,
H5521-241,Aetna,Aetna Medicare Eagle Giveback (PPO),2026,Dental - fluoride,$0,CMS,,,
H5521-241,Aetna,Aetna Medicare Eagle Giveback (PPO),2026,Dental - other preventive,$0,CMS,,,
H5521-241,Aetna,Aetna Medicare Eagle Giveback (PPO),2026,Dental - restorative,$0,CMS,,,
H5521-241,Aetna,Aetna Medicare Eagle Giveback (PPO),2026,Dental - endodontics,$0,CMS,,,
H5521-241,Aetna,Aetna Medicare Eagle Giveback (PPO),2026,Dental - periodontics,$0,CMS,,,
H5521-241,Aetna,Aetna Medicare Eagle Giveback (PPO),2026,Dental - extractions,$0,CMS,,,
H5521-241,Aetna,Aetna Medicare Eagle Giveback (PPO),2026,Dental - other comprehensive,$0,CMS,,,
H5521-241,Aetna,Aetna Medicare Eagle Giveback (PPO),2026,Vision - routine eye exam,$0 (1 per year),CMS,,,
H5521-241,Aetna,Aetna Medicare Eagle Giveback (PPO),2026,Vision - eyeglasses,$0,CMS,,,
H5521-241,Aetna,Aetna Medicare Eagle Giveback (PPO),2026,Vision - contact lenses,$0,CMS,,,
H5521-241,Aetna,Aetna Medicare Eagle Giveback (PPO),2026,Vision - eyewear (post-cataract),$0,CMS,,,
H5521-241,Aetna,Aetna Medicare Eagle Giveback (PPO),2026,Hearing - routine exam,$0 (1 per year),CMS,,,
H5521-241,Aetna,Aetna Medicare Eagle Giveback (PPO),2026,Hearing aids,$0 (2 per year),CMS,,,
H5521-241,Aetna,Aetna Medicare Eagle Giveback (PPO),2026,OTC allowance,$50 per visit,CMS,,,
H5521-243,Aetna,Aetna Medicare Signature (PPO),2026,Premium,$0.00,CMS,,,
H5521-243,Aetna,Aetna Medicare Signature (PPO),2026,Max out-of-pocket,"$6,750.00",CMS,,,
H5521-243,Aetna,Aetna Medicare Signature (PPO),2026,PCP,$0,CMS,,,
H5521-243,Aetna,Aetna Medicare Signature (PPO),2026,Specialist,$0 - $50,CMS,,,
H5521-243,Aetna,Aetna Medicare Signature (PPO),2026,Telehealth,$0 - $50,CMS,,,
H5521-243,Aetna,Aetna Medicare Signature (PPO),2026,Chiropractic,$15,CMS,,,
H5521-243,Aetna,Aetna Medicare Signature (PPO),2026,Podiatry,$35,CMS,,,
H5521-243,Aetna,Aetna Medicare Signature (PPO),2026,Other professional,$40,CMS,,,
H5521-243,Aetna,Aetna Medicare Signature (PPO),2026,Inpatient hospital,$382 days 1-8 / $0 days 9-90,CMS,,,
H5521-243,Aetna,Aetna Medicare Signature (PPO),2026,Inpatient psychiatric,$292 days 1-8 / $0 days 9-90,CMS,,,
H5521-243,Aetna,Aetna Medicare Signature (PPO),2026,Skilled nursing facility,$10 days 1-20 / $218 days 21-100,CMS,,,
H5521-243,Aetna,Aetna Medicare Signature (PPO),2026,Home health,$140,CMS,,,
H5521-243,Aetna,Aetna Medicare Signature (PPO),2026,Hospice,$0,CMS,,,
H5521-243,Aetna,Aetna Medicare Signature (PPO),2026,Outpatient hospital,$0 - $200,CMS,,,
H5521-243,Aetna,Aetna Medicare Signature (PPO),2026,Outpatient surgery (ASC),$0 - $300,CMS,,,
H5521-243,Aetna,Aetna Medicare Signature (PPO),2026,Outpatient surgery (hospital),20%,CMS,,,
H5521-243,Aetna,Aetna Medicare Signature (PPO),2026,Observation services,$0 - $35,CMS,,,
H5521-243,Aetna,Aetna Medicare Signature (PPO),2026,Emergency room,$130,CMS,,,
H5521-243,Aetna,Aetna Medicare Signature (PPO),2026,Urgent care,$50,CMS,,,
H5521-243,Aetna,Aetna Medicare Signature (PPO),2026,Ambulance (ground),$0 - $382,CMS,,,
H5521-243,Aetna,Aetna Medicare Signature (PPO),2026,Ambulance (air),$382,CMS,,,
H5521-243,Aetna,Aetna Medicare Signature (PPO),2026,Transportation,$0 - $332,CMS,,,
H5521-243,Aetna,Aetna Medicare Signature (PPO),2026,Lab services,$275,CMS,,,
H5521-243,Aetna,Aetna Medicare Signature (PPO),2026,Diagnostic radiology,20%,CMS,,,
H5521-243,Aetna,Aetna Medicare Signature (PPO),2026,Renal dialysis,20%,CMS,,,
H5521-243,Aetna,Aetna Medicare Signature (PPO),2026,Durable medical equipment,0% - 20%,CMS,,,
H5521-243,Aetna,Aetna Medicare Signature (PPO),2026,Prosthetics,20%,CMS,,,
H5521-243,Aetna,Aetna Medicare Signature (PPO),2026,Diabetic supplies,0% - 20%,CMS,,,
H5521-243,Aetna,Aetna Medicare Signature (PPO),2026,Physical therapy,$0 - $50,CMS,,,
H5521-243,Aetna,Aetna Medicare Signature (PPO),2026,Occupational therapy,$35,CMS,,,
H5521-243,Aetna,Aetna Medicare Signature (PPO),2026,Cardiac rehab,$20,CMS,,,
H5521-243,Aetna,Aetna Medicare Signature (PPO),2026,Pulmonary rehab,$15,CMS,,,
H5521-243,Aetna,Aetna Medicare Signature (PPO),2026,Mental health (individual),$40,CMS,,,
H5521-243,Aetna,Aetna Medicare Signature (PPO),2026,Mental health (group),$40,CMS,,,
H5521-243,Aetna,Aetna Medicare Signature (PPO),2026,Substance abuse (individual),$40,CMS,,,
H5521-243,Aetna,Aetna Medicare Signature (PPO),2026,Partial hospitalization,$40,CMS,,,
H5521-243,Aetna,Aetna Medicare Signature (PPO),2026,Annual physical exam,$0,CMS,,,
H5521-243,Aetna,Aetna Medicare Signature (PPO),2026,Preventive services,$0,CMS,,,
H5521-243,Aetna,Aetna Medicare Signature (PPO),2026,Wellness programs,20%,CMS,,,
H5521-243,Aetna,Aetna Medicare Signature (PPO),2026,Rx deductible,"$615 (tiers 1,2 exempt)",CMS,,,
H5521-243,Aetna,Aetna Medicare Signature (PPO),2026,Dental - preventive,$50,CMS,,,
H5521-243,Aetna,Aetna Medicare Signature (PPO),2026,Dental - oral exam,$0 (4 per year),CMS,,,
H5521-243,Aetna,Aetna Medicare Signature (PPO),2026,Dental - cleaning,$0 (See Notes),CMS,,,
H5521-243,Aetna,Aetna Medicare Signature (PPO),2026,Dental - fluoride,$0 (2 per year),CMS,,,
H5521-243,Aetna,Aetna Medicare Signature (PPO),2026,Dental - restorative,20% - 50% (See Notes),CMS,,,
H5521-243,Aetna,Aetna Medicare Signature (PPO),2026,Dental - endodontics,20% (See Notes),CMS,,,
H5521-243,Aetna,Aetna Medicare Signature (PPO),2026,Dental - periodontics,20% - 50% (See Notes),CMS,,,
H5521-243,Aetna,Aetna Medicare Signature (PPO),2026,Dental - extractions,50% (See Notes),CMS,,,
H5521-243,Aetna,Aetna Medicare Signature (PPO),2026,Dental - other comprehensive,20% - 50% (See Notes),CMS,,,
H5521-243,Aetna,Aetna Medicare Signature (PPO),2026,Vision - routine eye exam,$0 (1 per year),CMS,,,
H5521-243,Aetna,Aetna Medicare Signature (PPO),2026,Vision - eyeglasses,$0,CMS,,,
H5521-243,Aetna,Aetna Medicare Signature (PPO),2026,Vision - contact lenses,$0,CMS,,,
H5521-243,Aetna,Aetna Medicare Signature (PPO),2026,Vision - eyewear (post-cataract),$0,CMS,,,
H5521-243,Aetna,Aetna Medicare Signature (PPO),2026,Hearing - routine exam,$0 (1 per year),CMS,,,
H5521-243,Aetna,Aetna Medicare Signature (PPO),2026,Hearing aids,$0 (2 per year),CMS,,,
H5521-243,Aetna,Aetna Medicare Signature (PPO),2026,OTC allowance,$30 per visit,CMS,,,
H5521-348,Aetna,Aetna Medicare Signature Giveback (PPO),2026,Premium,$0.00,CMS,,,
H5521-348,Aetna,Aetna Medicare Signature Giveback (PPO),2026,Max out-of-pocket,"$7,500.00",CMS,,,
H5521-348,Aetna,Aetna Medicare Signature Giveback (PPO),2026,PCP,$0,CMS,,,
H5521-348,Aetna,Aetna Medicare Signature Giveback (PPO),2026,Specialist,$0 - $50,CMS,,,
H5521-348,Aetna,Aetna Medicare Signature Giveback (PPO),2026,Telehealth,$0 - $50,CMS,,,
H5521-348,Aetna,Aetna Medicare Signature Giveback (PPO),2026,Chiropractic,$15,CMS,,,
H5521-348,Aetna,Aetna Medicare Signature Giveback (PPO),2026,Podiatry,$35,CMS,,,
H5521-348,Aetna,Aetna Medicare Signature Giveback (PPO),2026,Other professional,$40,CMS,,,
H5521-348,Aetna,Aetna Medicare Signature Giveback (PPO),2026,Inpatient hospital,$388 days 1-7 / $0 days 8-90,CMS,,,
H5521-348,Aetna,Aetna Medicare Signature Giveback (PPO),2026,Inpatient psychiatric,$260 days 1-8 / $0 days 9-90,CMS,,,
H5521-348,Aetna,Aetna Medicare Signature Giveback (PPO),2026,Skilled nursing facility,$0 days 1-20 / $218 days 21-100,CMS,,,
H5521-348,Aetna,Aetna Medicare Signature Giveback (PPO),2026,Home health,$105,CMS,,,
H5521-348,Aetna,Aetna Medicare Signature Giveback (PPO),2026,Hospice,$0,CMS,,,
H5521-348,Aetna,Aetna Medicare Signature Giveback (PPO),2026,Outpatient hospital,$0 - $200,CMS,,,
H5521-348,Aetna,Aetna Medicare Signature Giveback (PPO),2026,Outpatient surgery (ASC),$0 - $300,CMS,,,
H5521-348,Aetna,Aetna Medicare Signature Giveback (PPO),2026,Outpatient surgery (hospital),20%,CMS,,,
H5521-348,Aetna,Aetna Medicare Signature Giveback (PPO),2026,Observation services,$0 - $35,CMS,,,
H5521-348,Aetna,Aetna Medicare Signature Giveback (PPO),2026,Emergency room,$115,CMS,,,
H5521-348,Aetna,Aetna Medicare Signature Giveback (PPO),2026,Urgent care,$40,CMS,,,
H5521-348,Aetna,Aetna Medicare Signature Giveback (PPO),2026,Ambulance (ground),$0 - $388,CMS,,,
H5521-348,Aetna,Aetna Medicare Signature Giveback (PPO),2026,Ambulance (air),$388,CMS,,,
H5521-348,Aetna,Aetna Medicare Signature Giveback (PPO),2026,Transportation,$0 - $338,CMS,,,
H5521-348,Aetna,Aetna Medicare Signature Giveback (PPO),2026,Lab services,$275,CMS,,,
H5521-348,Aetna,Aetna Medicare Signature Giveback (PPO),2026,Diagnostic radiology,20%,CMS,,,
H5521-348,Aetna,Aetna Medicare Signature Giveback (PPO),2026,Renal dialysis,20%,CMS,,,
H5521-348,Aetna,Aetna Medicare Signature Giveback (PPO),2026,Durable medical equipment,0% - 20%,CMS,,,
H5521-348,Aetna,Aetna Medicare Signature Giveback (PPO),2026,Prosthetics,20%,CMS,,,
H5521-348,Aetna,Aetna Medicare Signature Giveback (PPO),2026,Diabetic supplies,0% - 20%,CMS,,,
H5521-348,Aetna,Aetna Medicare Signature Giveback (PPO),2026,Physical therapy,$0 - $50,CMS,,,
H5521-348,Aetna,Aetna Medicare Signature Giveback (PPO),2026,Occupational therapy,$35,CMS,,,
H5521-348,Aetna,Aetna Medicare Signature Giveback (PPO),2026,Cardiac rehab,$20,CMS,,,
H5521-348,Aetna,Aetna Medicare Signature Giveback (PPO),2026,Pulmonary rehab,$15,CMS,,,
H5521-348,Aetna,Aetna Medicare Signature Giveback (PPO),2026,Mental health (individual),$40,CMS,,,
H5521-348,Aetna,Aetna Medicare Signature Giveback (PPO),2026,Mental health (group),$40,CMS,,,
H5521-348,Aetna,Aetna Medicare Signature Giveback (PPO),2026,Substance abuse (individual),$40,CMS,,,
H5521-348,Aetna,Aetna Medicare Signature Giveback (PPO),2026,Partial hospitalization,$40,CMS,,,
H5521-348,Aetna,Aetna Medicare Signature Giveback (PPO),2026,Annual physical exam,$0,CMS,,,
H5521-348,Aetna,Aetna Medicare Signature Giveback (PPO),2026,Preventive services,$0,CMS,,,
H5521-348,Aetna,Aetna Medicare Signature Giveback (PPO),2026,Wellness programs,20%,CMS,,,
H5521-348,Aetna,Aetna Medicare Signature Giveback (PPO),2026,Rx deductible,"$615 (tiers 1,2 exempt)",CMS,,,
H5521-348,Aetna,Aetna Medicare Signature Giveback (PPO),2026,Dental - preventive,$50,CMS,,,
H5521-348,Aetna,Aetna Medicare Signature Giveback (PPO),2026,Dental - oral exam,$0 (4 per year),CMS,,,
H5521-348,Aetna,Aetna Medicare Signature Giveback (PPO),2026,Dental - cleaning,$0 (See Notes),CMS,,,
H5521-348,Aetna,Aetna Medicare Signature Giveback (PPO),2026,Dental - fluoride,$0 (2 per year),CMS,,,
H5521-348,Aetna,Aetna Medicare Signature Giveback (PPO),2026,Dental - restorative,20% - 50% (See Notes),CMS,,,
H5521-348,Aetna,Aetna Medicare Signature Giveback (PPO),2026,Dental - endodontics,20% (See Notes),CMS,,,
H5521-348,Aetna,Aetna Medicare Signature Giveback (PPO),2026,Dental - periodontics,20% - 50% (See Notes),CMS,,,
H5521-348,Aetna,Aetna Medicare Signature Giveback (PPO),2026,Dental - extractions,50% (See Notes),CMS,,,
H5521-348,Aetna,Aetna Medicare Signature Giveback (PPO),2026,Dental - other comprehensive,20% - 50% (See Notes),CMS,,,
H5521-348,Aetna,Aetna Medicare Signature Giveback (PPO),2026,Vision - routine eye exam,$0 (1 per year),CMS,,,
H5521-348,Aetna,Aetna Medicare Signature Giveback (PPO),2026,Vision - eyeglasses,$0,CMS,,,
H5521-348,Aetna,Aetna Medicare Signature Giveback (PPO),2026,Vision - contact lenses,$0,CMS,,,
H5521-348,Aetna,Aetna Medicare Signature Giveback (PPO),2026,Vision - eyewear (post-cataract),$0,CMS,,,
H5521-348,Aetna,Aetna Medicare Signature Giveback (PPO),2026,Hearing - routine exam,$0 (1 per year),CMS,,,
H5521-348,Aetna,Aetna Medicare Signature Giveback (PPO),2026,Hearing aids,$0 (2 per year),CMS,,,
H5521-348,Aetna,Aetna Medicare Signature Giveback (PPO),2026,OTC allowance,$30 per visit,CMS,,,
H5521-609,Aetna,Aetna Medicare Signature (PPO),2026,Premium,$0.00,CMS,,,
H5521-609,Aetna,Aetna Medicare Signature (PPO),2026,Max out-of-pocket,"$6,750.00",CMS,,,
H5521-609,Aetna,Aetna Medicare Signature (PPO),2026,PCP,$10,CMS,,,
H5521-609,Aetna,Aetna Medicare Signature (PPO),2026,Specialist,$0 - $55,CMS,,,
H5521-609,Aetna,Aetna Medicare Signature (PPO),2026,Telehealth,$0 - $55,CMS,,,
H5521-609,Aetna,Aetna Medicare Signature (PPO),2026,Chiropractic,$15,CMS,,,
H5521-609,Aetna,Aetna Medicare Signature (PPO),2026,Podiatry,$40,CMS,,,
H5521-609,Aetna,Aetna Medicare Signature (PPO),2026,Other professional,$40,CMS,,,
H5521-609,Aetna,Aetna Medicare Signature (PPO),2026,Inpatient hospital,$382 days 1-8 / $0 days 9-90,CMS,,,
H5521-609,Aetna,Aetna Medicare Signature (PPO),2026,Inpatient psychiatric,$292 days 1-8 / $0 days 9-90,CMS,,,
H5521-609,Aetna,Aetna Medicare Signature (PPO),2026,Skilled nursing facility,$10 days 1-20 / $218 days 21-100,CMS,,,
H5521-609,Aetna,Aetna Medicare Signature (PPO),2026,Home health,$140,CMS,,,
H5521-609,Aetna,Aetna Medicare Signature (PPO),2026,Hospice,$0,CMS,,,
H5521-609,Aetna,Aetna Medicare Signature (PPO),2026,Outpatient hospital,$0 - $200,CMS,,,
H5521-609,Aetna,Aetna Medicare Signature (PPO),2026,Outpatient surgery (ASC),$0 - $300,CMS,,,
H5521-609,Aetna,Aetna Medicare Signature (PPO),2026,Outpatient surgery (hospital),20%,CMS,,,
H5521-609,Aetna,Aetna Medicare Signature (PPO),2026,Observation services,$0 - $35,CMS,,,
H5521-609,Aetna,Aetna Medicare Signature (PPO),2026,Emergency room,$130,CMS,,,
H5521-609,Aetna,Aetna Medicare Signature (PPO),2026,Urgent care,$50,CMS,,,
H5521-609,Aetna,Aetna Medicare Signature (PPO),2026,Ambulance (ground),$0 - $382,CMS,,,
H5521-609,Aetna,Aetna Medicare Signature (PPO),2026,Ambulance (air),$382,CMS,,,
H5521-609,Aetna,Aetna Medicare Signature (PPO),2026,Transportation,$0 - $332,CMS,,,
H5521-609,Aetna,Aetna Medicare Signature (PPO),2026,Lab services,$275,CMS,,,
H5521-609,Aetna,Aetna Medicare Signature (PPO),2026,Diagnostic radiology,20%,CMS,,,
H5521-609,Aetna,Aetna Medicare Signature (PPO),2026,Renal dialysis,20%,CMS,,,
H5521-609,Aetna,Aetna Medicare Signature (PPO),2026,Durable medical equipment,0% - 20%,CMS,,,
H5521-609,Aetna,Aetna Medicare Signature (PPO),2026,Prosthetics,20%,CMS,,,
H5521-609,Aetna,Aetna Medicare Signature (PPO),2026,Diabetic supplies,0% - 20%,CMS,,,
H5521-609,Aetna,Aetna Medicare Signature (PPO),2026,Physical therapy,$0 - $55,CMS,,,
H5521-609,Aetna,Aetna Medicare Signature (PPO),2026,Occupational therapy,$40,CMS,,,
H5521-609,Aetna,Aetna Medicare Signature (PPO),2026,Cardiac rehab,$20,CMS,,,
H5521-609,Aetna,Aetna Medicare Signature (PPO),2026,Pulmonary rehab,$15,CMS,,,
H5521-609,Aetna,Aetna Medicare Signature (PPO),2026,Mental health (individual),$40,CMS,,,
H5521-609,Aetna,Aetna Medicare Signature (PPO),2026,Mental health (group),$40,CMS,,,
H5521-609,Aetna,Aetna Medicare Signature (PPO),2026,Substance abuse (individual),$40,CMS,,,
H5521-609,Aetna,Aetna Medicare Signature (PPO),2026,Partial hospitalization,$40,CMS,,,
H5521-609,Aetna,Aetna Medicare Signature (PPO),2026,Annual physical exam,$0,CMS,,,
H5521-609,Aetna,Aetna Medicare Signature (PPO),2026,Preventive services,$0,CMS,,,
H5521-609,Aetna,Aetna Medicare Signature (PPO),2026,Wellness programs,20%,CMS,,,
H5521-609,Aetna,Aetna Medicare Signature (PPO),2026,Rx deductible,"$615 (tiers 1,2 exempt)",CMS,,,
H5521-609,Aetna,Aetna Medicare Signature (PPO),2026,Dental - preventive,$55,CMS,,,
H5521-609,Aetna,Aetna Medicare Signature (PPO),2026,Dental - oral exam,$0 (4 per year),CMS,,,
H5521-609,Aetna,Aetna Medicare Signature (PPO),2026,Dental - cleaning,$0 (1 per year),CMS,,,
H5521-609,Aetna,Aetna Medicare Signature (PPO),2026,Dental - fluoride,$0 (2 per year),CMS,,,
H5521-609,Aetna,Aetna Medicare Signature (PPO),2026,Vision - routine eye exam,$0 (1 per year),CMS,,,
H5521-609,Aetna,Aetna Medicare Signature (PPO),2026,Vision - eyeglasses,$0,CMS,,,
H5521-609,Aetna,Aetna Medicare Signature (PPO),2026,Vision - contact lenses,$0,CMS,,,
H5521-609,Aetna,Aetna Medicare Signature (PPO),2026,Vision - eyewear (post-cataract),$0,CMS,,,
H5521-609,Aetna,Aetna Medicare Signature (PPO),2026,Hearing - routine exam,$0 (1 per year),CMS,,,
H5521-609,Aetna,Aetna Medicare Signature (PPO),2026,Hearing aids,$0 (2 per year),CMS,,,
S5601-016-000,Aetna,SilverScript Choice (PDP),2026,Premium,$90.20,CMS,,,
S5601-016-000,Aetna,SilverScript Choice (PDP),2026,Benefit type,Actuarially Equivalent,CMS,,,
S5601-016-000,Aetna,SilverScript Choice (PDP),2026,Number of tiers,5,CMS,,,
S5601-016-000,Aetna,SilverScript Choice (PDP),2026,Insulin tiers,"3,4,5",CMS,,,
S5601-016-000,Aetna,SilverScript Choice (PDP),2026,Tier 1 (preferred generic) — Long-term care,$0,CMS,,,
S5601-016-000,Aetna,SilverScript Choice (PDP),2026,Tier 1 (preferred generic) — Mail 30-day,$0,CMS,,,
S5601-016-000,Aetna,SilverScript Choice (PDP),2026,Tier 1 (preferred generic) — Mail 90-day,$0,CMS,,,
S5601-016-000,Aetna,SilverScript Choice (PDP),2026,Tier 1 (preferred generic) — Out of network,$0,CMS,,,
S5601-016-000,Aetna,SilverScript Choice (PDP),2026,Tier 1 (preferred generic) — Retail 30-day (standard),$0,CMS,,,
S5601-016-000,Aetna,SilverScript Choice (PDP),2026,Tier 1 (preferred generic) — Retail 90-day (standard),$0,CMS,,,
S5601-016-000,Aetna,SilverScript Choice (PDP),2026,Tier 2 (generic) — Long-term care,$7,CMS,,,
S5601-016-000,Aetna,SilverScript Choice (PDP),2026,Tier 2 (generic) — Mail 30-day,$7,CMS,,,
S5601-016-000,Aetna,SilverScript Choice (PDP),2026,Tier 2 (generic) — Mail 90-day,$21,CMS,,,
S5601-016-000,Aetna,SilverScript Choice (PDP),2026,Tier 2 (generic) — Out of network,$7,CMS,,,
S5601-016-000,Aetna,SilverScript Choice (PDP),2026,Tier 2 (generic) — Retail 30-day (standard),$7,CMS,,,
S5601-016-000,Aetna,SilverScript Choice (PDP),2026,Tier 2 (generic) — Retail 90-day (standard),$21,CMS,,,
S5601-016-000,Aetna,SilverScript Choice (PDP),2026,Tier 3 (preferred brand) — Long-term care,18%,CMS,,,
S5601-016-000,Aetna,SilverScript Choice (PDP),2026,Tier 3 (preferred brand) — Mail 30-day,18%,CMS,,,
S5601-016-000,Aetna,SilverScript Choice (PDP),2026,Tier 3 (preferred brand) — Mail 90-day,18%,CMS,,,
S5601-016-000,Aetna,SilverScript Choice (PDP),2026,Tier 3 (preferred brand) — Out of network,18%,CMS,,,
S5601-016-000,Aetna,SilverScript Choice (PDP),2026,Tier 3 (preferred brand) — Retail 30-day (standard),18%,CMS,,,
S5601-016-000,Aetna,SilverScript Choice (PDP),2026,Tier 3 (preferred brand) — Retail 90-day (standard),18%,CMS,,,
S5601-016-000,Aetna,SilverScript Choice (PDP),2026,Tier 4 (non-preferred) — Long-term care,33%,CMS,,,
S5601-016-000,Aetna,SilverScript Choice (PDP),2026,Tier 4 (non-preferred) — Mail 30-day,33%,CMS,,,
S5601-016-000,Aetna,SilverScript Choice (PDP),2026,Tier 4 (non-preferred) — Mail 90-day,33%,CMS,,,
S5601-016-000,Aetna,SilverScript Choice (PDP),2026,Tier 4 (non-preferred) — Out of network,33%,CMS,,,
S5601-016-000,Aetna,SilverScript Choice (PDP),2026,Tier 4 (non-preferred) — Retail 30-day (standard),33%,CMS,,,
S5601-016-000,Aetna,SilverScript Choice (PDP),2026,Tier 4 (non-preferred) — Retail 90-day (standard),33%,CMS,,,
S5601-016-000,Aetna,SilverScript Choice (PDP),2026,Tier 5 (specialty) — Long-term care,25%,CMS,,,
S5601-016-000,Aetna,SilverScript Choice (PDP),2026,Tier 5 (specialty) — Mail 30-day,25%,CMS,,,
S5601-016-000,Aetna,SilverScript Choice (PDP),2026,Tier 5 (specialty) — Out of network,25%,CMS,,,
S5601-016-000,Aetna,SilverScript Choice (PDP),2026,Tier 5 (specialty) — Retail 30-day (standard),25%,CMS,,,
H3404-003-001,BCBS,Blue Medicare PPO Enhanced (PPO),2026,Premium,$35.00,CMS,,,
H3404-003-001,BCBS,Blue Medicare PPO Enhanced (PPO),2026,Max out-of-pocket,"$6,300.00",CMS,,,
H3404-003-001,BCBS,Blue Medicare PPO Enhanced (PPO),2026,PCP,$0,CMS,,,
H3404-003-001,BCBS,Blue Medicare PPO Enhanced (PPO),2026,Specialist,$20,CMS,,,
H3404-003-001,BCBS,Blue Medicare PPO Enhanced (PPO),2026,Telehealth,$0 - $20,CMS,,,
H3404-003-001,BCBS,Blue Medicare PPO Enhanced (PPO),2026,Chiropractic,$15,CMS,,,
H3404-003-001,BCBS,Blue Medicare PPO Enhanced (PPO),2026,Podiatry,$10,CMS,,,
H3404-003-001,BCBS,Blue Medicare PPO Enhanced (PPO),2026,Other professional,$10,CMS,,,
H3404-003-001,BCBS,Blue Medicare PPO Enhanced (PPO),2026,Inpatient hospital,$350 days 1-6 / $0 days 7-90,CMS,,,
H3404-003-001,BCBS,Blue Medicare PPO Enhanced (PPO),2026,Inpatient psychiatric,$350 days 1-5 / $0 days 6-90,CMS,,,
H3404-003-001,BCBS,Blue Medicare PPO Enhanced (PPO),2026,Skilled nursing facility,$0 days 1-20 / $218 days 21-100,CMS,,,
H3404-003-001,BCBS,Blue Medicare PPO Enhanced (PPO),2026,Home health,$60,CMS,,,
H3404-003-001,BCBS,Blue Medicare PPO Enhanced (PPO),2026,Hospice,$0,CMS,,,
H3404-003-001,BCBS,Blue Medicare PPO Enhanced (PPO),2026,Outpatient hospital,$0 - $25,CMS,,,
H3404-003-001,BCBS,Blue Medicare PPO Enhanced (PPO),2026,Outpatient surgery (ASC),$0 - $300,CMS,,,
H3404-003-001,BCBS,Blue Medicare PPO Enhanced (PPO),2026,Outpatient surgery (hospital),$0 - $60,CMS,,,
H3404-003-001,BCBS,Blue Medicare PPO Enhanced (PPO),2026,Observation services,$0 - $5,CMS,,,
H3404-003-001,BCBS,Blue Medicare PPO Enhanced (PPO),2026,Emergency room,$130,CMS,,,
H3404-003-001,BCBS,Blue Medicare PPO Enhanced (PPO),2026,Urgent care,$50,CMS,,,
H3404-003-001,BCBS,Blue Medicare PPO Enhanced (PPO),2026,Ambulance (ground),$0 - $335,CMS,,,
H3404-003-001,BCBS,Blue Medicare PPO Enhanced (PPO),2026,Ambulance (air),$335,CMS,,,
H3404-003-001,BCBS,Blue Medicare PPO Enhanced (PPO),2026,Transportation,$0 - $300,CMS,,,
H3404-003-001,BCBS,Blue Medicare PPO Enhanced (PPO),2026,Lab services,$250,CMS,,,
H3404-003-001,BCBS,Blue Medicare PPO Enhanced (PPO),2026,Diagnostic radiology,$250,CMS,,,
H3404-003-001,BCBS,Blue Medicare PPO Enhanced (PPO),2026,Renal dialysis,20%,CMS,,,
H3404-003-001,BCBS,Blue Medicare PPO Enhanced (PPO),2026,Durable medical equipment,20%,CMS,,,
H3404-003-001,BCBS,Blue Medicare PPO Enhanced (PPO),2026,Prosthetics,20%,CMS,,,
H3404-003-001,BCBS,Blue Medicare PPO Enhanced (PPO),2026,Diabetic supplies,0% - 20%,CMS,,,
H3404-003-001,BCBS,Blue Medicare PPO Enhanced (PPO),2026,Physical therapy,$0 - $20,CMS,,,
H3404-003-001,BCBS,Blue Medicare PPO Enhanced (PPO),2026,Occupational therapy,$10,CMS,,,
H3404-003-001,BCBS,Blue Medicare PPO Enhanced (PPO),2026,Cardiac rehab,$0,CMS,,,
H3404-003-001,BCBS,Blue Medicare PPO Enhanced (PPO),2026,Pulmonary rehab,$15,CMS,,,
H3404-003-001,BCBS,Blue Medicare PPO Enhanced (PPO),2026,Mental health (individual),$20,CMS,,,
H3404-003-001,BCBS,Blue Medicare PPO Enhanced (PPO),2026,Mental health (group),$20,CMS,,,
H3404-003-001,BCBS,Blue Medicare PPO Enhanced (PPO),2026,Substance abuse (individual),$20,CMS,,,
H3404-003-001,BCBS,Blue Medicare PPO Enhanced (PPO),2026,Partial hospitalization,$20,CMS,,,
H3404-003-001,BCBS,Blue Medicare PPO Enhanced (PPO),2026,Annual physical exam,$0,CMS,,,
H3404-003-001,BCBS,Blue Medicare PPO Enhanced (PPO),2026,Preventive services,$0,CMS,,,
H3404-003-001,BCBS,Blue Medicare PPO Enhanced (PPO),2026,Wellness programs,$0,CMS,,,
H3404-003-001,BCBS,Blue Medicare PPO Enhanced (PPO),2026,Rx deductible,"$100 (tiers 1,2,6 exempt)",CMS,,,
H3404-003-001,BCBS,Blue Medicare PPO Enhanced (PPO),2026,Dental - allowance,"$2,000 per year",CMS,,,
H3404-003-001,BCBS,Blue Medicare PPO Enhanced (PPO),2026,Dental - preventive,$20,CMS,,,
H3404-003-001,BCBS,Blue Medicare PPO Enhanced (PPO),2026,Dental - restorative,$0 (1 per month),CMS,,,
H3404-003-001,BCBS,Blue Medicare PPO Enhanced (PPO),2026,Dental - endodontics,$0 (Endodontic Services are covered once per tooth per lifetime.),CMS,,,
H3404-003-001,BCBS,Blue Medicare PPO Enhanced (PPO),2026,Dental - periodontics,$0 (See detailed note below.),CMS,,,
H3404-003-001,BCBS,Blue Medicare PPO Enhanced (PPO),2026,Dental - extractions,$0 (Complete and partial dentures covered 1 per arch every 60 months.),CMS,,,
H3404-003-001,BCBS,Blue Medicare PPO Enhanced (PPO),2026,Dental - other comprehensive,$0,CMS,,,
H3404-003-001,BCBS,Blue Medicare PPO Enhanced (PPO),2026,Vision - routine eye exam,$0 (1 per year),CMS,,,
H3404-003-001,BCBS,Blue Medicare PPO Enhanced (PPO),2026,Vision - eyeglasses,$0,CMS,,,
H3404-003-001,BCBS,Blue Medicare PPO Enhanced (PPO),2026,Vision - contact lenses,$0,CMS,,,
H3404-003-001,BCBS,Blue Medicare PPO Enhanced (PPO),2026,Vision - eyewear (post-cataract),$0,CMS,,,
H3404-003-001,BCBS,Blue Medicare PPO Enhanced (PPO),2026,Hearing - routine exam,$0 (1 per year),CMS,,,
H3404-003-001,BCBS,Blue Medicare PPO Enhanced (PPO),2026,Hearing aids,$499 - $999 (2 per year),CMS,,,
H3404-003-001,BCBS,Blue Medicare PPO Enhanced (PPO),2026,OTC allowance,$40 per visit,CMS,,,
H3404-003-001,BCBS,Blue Medicare PPO Enhanced (PPO),2026,Meals,$0,CMS,,,
H3404-003-002,BCBS,Blue Medicare PPO Enhanced (PPO),2026,Premium,$53.00,CMS,,,
H3404-003-002,BCBS,Blue Medicare PPO Enhanced (PPO),2026,Max out-of-pocket,"$6,300.00",CMS,,,
H3404-003-002,BCBS,Blue Medicare PPO Enhanced (PPO),2026,PCP,$0,CMS,,,
H3404-003-002,BCBS,Blue Medicare PPO Enhanced (PPO),2026,Specialist,$30,CMS,,,
H3404-003-002,BCBS,Blue Medicare PPO Enhanced (PPO),2026,Telehealth,$0 - $30,CMS,,,
H3404-003-002,BCBS,Blue Medicare PPO Enhanced (PPO),2026,Chiropractic,$15,CMS,,,
H3404-003-002,BCBS,Blue Medicare PPO Enhanced (PPO),2026,Podiatry,$10,CMS,,,
H3404-003-002,BCBS,Blue Medicare PPO Enhanced (PPO),2026,Other professional,$10,CMS,,,
H3404-003-002,BCBS,Blue Medicare PPO Enhanced (PPO),2026,Inpatient hospital,$350 days 1-6 / $0 days 7-90,CMS,,,
H3404-003-002,BCBS,Blue Medicare PPO Enhanced (PPO),2026,Inpatient psychiatric,$350 days 1-5 / $0 days 6-90,CMS,,,
H3404-003-002,BCBS,Blue Medicare PPO Enhanced (PPO),2026,Skilled nursing facility,$0 days 1-20 / $218 days 21-100,CMS,,,
H3404-003-002,BCBS,Blue Medicare PPO Enhanced (PPO),2026,Home health,$60,CMS,,,
H3404-003-002,BCBS,Blue Medicare PPO Enhanced (PPO),2026,Hospice,$0,CMS,,,
H3404-003-002,BCBS,Blue Medicare PPO Enhanced (PPO),2026,Outpatient hospital,$0 - $25,CMS,,,
H3404-003-002,BCBS,Blue Medicare PPO Enhanced (PPO),2026,Outpatient surgery (ASC),$0 - $300,CMS,,,
H3404-003-002,BCBS,Blue Medicare PPO Enhanced (PPO),2026,Outpatient surgery (hospital),$0 - $60,CMS,,,
H3404-003-002,BCBS,Blue Medicare PPO Enhanced (PPO),2026,Observation services,$0 - $5,CMS,,,
H3404-003-002,BCBS,Blue Medicare PPO Enhanced (PPO),2026,Emergency room,$130,CMS,,,
H3404-003-002,BCBS,Blue Medicare PPO Enhanced (PPO),2026,Urgent care,$50,CMS,,,
H3404-003-002,BCBS,Blue Medicare PPO Enhanced (PPO),2026,Ambulance (ground),$0 - $335,CMS,,,
H3404-003-002,BCBS,Blue Medicare PPO Enhanced (PPO),2026,Ambulance (air),$335,CMS,,,
H3404-003-002,BCBS,Blue Medicare PPO Enhanced (PPO),2026,Transportation,$0 - $300,CMS,,,
H3404-003-002,BCBS,Blue Medicare PPO Enhanced (PPO),2026,Lab services,$250,CMS,,,
H3404-003-002,BCBS,Blue Medicare PPO Enhanced (PPO),2026,Diagnostic radiology,$250,CMS,,,
H3404-003-002,BCBS,Blue Medicare PPO Enhanced (PPO),2026,Renal dialysis,20%,CMS,,,
H3404-003-002,BCBS,Blue Medicare PPO Enhanced (PPO),2026,Durable medical equipment,20%,CMS,,,
H3404-003-002,BCBS,Blue Medicare PPO Enhanced (PPO),2026,Prosthetics,20%,CMS,,,
H3404-003-002,BCBS,Blue Medicare PPO Enhanced (PPO),2026,Diabetic supplies,0% - 20%,CMS,,,
H3404-003-002,BCBS,Blue Medicare PPO Enhanced (PPO),2026,Physical therapy,$0 - $30,CMS,,,
H3404-003-002,BCBS,Blue Medicare PPO Enhanced (PPO),2026,Occupational therapy,$10,CMS,,,
H3404-003-002,BCBS,Blue Medicare PPO Enhanced (PPO),2026,Cardiac rehab,$0,CMS,,,
H3404-003-002,BCBS,Blue Medicare PPO Enhanced (PPO),2026,Pulmonary rehab,$15,CMS,,,
H3404-003-002,BCBS,Blue Medicare PPO Enhanced (PPO),2026,Mental health (individual),$30,CMS,,,
H3404-003-002,BCBS,Blue Medicare PPO Enhanced (PPO),2026,Mental health (group),$30,CMS,,,
H3404-003-002,BCBS,Blue Medicare PPO Enhanced (PPO),2026,Substance abuse (individual),$30,CMS,,,
H3404-003-002,BCBS,Blue Medicare PPO Enhanced (PPO),2026,Partial hospitalization,$30,CMS,,,
H3404-003-002,BCBS,Blue Medicare PPO Enhanced (PPO),2026,Annual physical exam,$0,CMS,,,
H3404-003-002,BCBS,Blue Medicare PPO Enhanced (PPO),2026,Preventive services,$0,CMS,,,
H3404-003-002,BCBS,Blue Medicare PPO Enhanced (PPO),2026,Wellness programs,$0,CMS,,,
H3404-003-002,BCBS,Blue Medicare PPO Enhanced (PPO),2026,Rx deductible,"$100 (tiers 1,2,6 exempt)",CMS,,,
H3404-003-002,BCBS,Blue Medicare PPO Enhanced (PPO),2026,Dental - allowance,"$2,000 per year",CMS,,,
H3404-003-002,BCBS,Blue Medicare PPO Enhanced (PPO),2026,Dental - preventive,$30,CMS,,,
H3404-003-002,BCBS,Blue Medicare PPO Enhanced (PPO),2026,Dental - restorative,$0 (1 per month),CMS,,,
H3404-003-002,BCBS,Blue Medicare PPO Enhanced (PPO),2026,Dental - endodontics,$0 (Endodontic Services are covered once per tooth per lifetime.),CMS,,,
H3404-003-002,BCBS,Blue Medicare PPO Enhanced (PPO),2026,Dental - periodontics,$0 (See detailed note below.),CMS,,,
H3404-003-002,BCBS,Blue Medicare PPO Enhanced (PPO),2026,Dental - extractions,$0 (Complete and partial dentures covered 1 per arch every 60 months.),CMS,,,
H3404-003-002,BCBS,Blue Medicare PPO Enhanced (PPO),2026,Dental - other comprehensive,$0,CMS,,,
H3404-003-002,BCBS,Blue Medicare PPO Enhanced (PPO),2026,Vision - routine eye exam,$0 (1 per year),CMS,,,
H3404-003-002,BCBS,Blue Medicare PPO Enhanced (PPO),2026,Vision - eyeglasses,$0,CMS,,,
H3404-003-002,BCBS,Blue Medicare PPO Enhanced (PPO),2026,Vision - contact lenses,$0,CMS,,,
H3404-003-002,BCBS,Blue Medicare PPO Enhanced (PPO),2026,Vision - eyewear (post-cataract),$0,CMS,,,
H3404-003-002,BCBS,Blue Medicare PPO Enhanced (PPO),2026,Hearing - routine exam,$0 (1 per year),CMS,,,
H3404-003-002,BCBS,Blue Medicare PPO Enhanced (PPO),2026,Hearing aids,$499 - $999 (2 per year),CMS,,,
H3404-003-002,BCBS,Blue Medicare PPO Enhanced (PPO),2026,OTC allowance,$30 per visit,CMS,,,
H3404-003-002,BCBS,Blue Medicare PPO Enhanced (PPO),2026,Meals,$0,CMS,,,
H3404-004,BCBS,Blue Medicare Freedom+ (PPO),2026,Premium,Not Applicable,CMS,,,
H3404-004,BCBS,Blue Medicare Freedom+ (PPO),2026,Max out-of-pocket,"$9,250.00",CMS,,,
H3404-004,BCBS,Blue Medicare Freedom+ (PPO),2026,PCP,20%,CMS,,,
H3404-004,BCBS,Blue Medicare Freedom+ (PPO),2026,Specialist,20%,CMS,,,
H3404-004,BCBS,Blue Medicare Freedom+ (PPO),2026,Telehealth,0% - 20%,CMS,,,
H3404-004,BCBS,Blue Medicare Freedom+ (PPO),2026,Chiropractic,$15,CMS,,,
H3404-004,BCBS,Blue Medicare Freedom+ (PPO),2026,Podiatry,$30,CMS,,,
H3404-004,BCBS,Blue Medicare Freedom+ (PPO),2026,Other professional,20%,CMS,,,
H3404-004,BCBS,Blue Medicare Freedom+ (PPO),2026,Inpatient hospital,$838 days 1-60,CMS,,,
H3404-004,BCBS,Blue Medicare Freedom+ (PPO),2026,Inpatient psychiatric,$838 days 1-60,CMS,,,
H3404-004,BCBS,Blue Medicare Freedom+ (PPO),2026,Skilled nursing facility,$0 days 1-20 / $218 days 21-60,CMS,,,
H3404-004,BCBS,Blue Medicare Freedom+ (PPO),2026,Home health,20%,CMS,,,
H3404-004,BCBS,Blue Medicare Freedom+ (PPO),2026,Hospice,0%,CMS,,,
H3404-004,BCBS,Blue Medicare Freedom+ (PPO),2026,Outpatient hospital,20%,CMS,,,
H3404-004,BCBS,Blue Medicare Freedom+ (PPO),2026,Outpatient surgery (ASC),20%,CMS,,,
H3404-004,BCBS,Blue Medicare Freedom+ (PPO),2026,Outpatient surgery (hospital),20%,CMS,,,
H3404-004,BCBS,Blue Medicare Freedom+ (PPO),2026,Observation services,20%,CMS,,,
H3404-004,BCBS,Blue Medicare Freedom+ (PPO),2026,Emergency room,$115,CMS,,,
H3404-004,BCBS,Blue Medicare Freedom+ (PPO),2026,Urgent care,$40,CMS,,,
H3404-004,BCBS,Blue Medicare Freedom+ (PPO),2026,Ambulance (ground),20%,CMS,,,
H3404-004,BCBS,Blue Medicare Freedom+ (PPO),2026,Ambulance (air),20%,CMS,,,
H3404-004,BCBS,Blue Medicare Freedom+ (PPO),2026,Transportation,20%,CMS,,,
H3404-004,BCBS,Blue Medicare Freedom+ (PPO),2026,Lab services,20%,CMS,,,
H3404-004,BCBS,Blue Medicare Freedom+ (PPO),2026,Diagnostic radiology,20%,CMS,,,
H3404-004,BCBS,Blue Medicare Freedom+ (PPO),2026,Renal dialysis,20%,CMS,,,
H3404-004,BCBS,Blue Medicare Freedom+ (PPO),2026,Durable medical equipment,20%,CMS,,,
H3404-004,BCBS,Blue Medicare Freedom+ (PPO),2026,Prosthetics,20%,CMS,,,
H3404-004,BCBS,Blue Medicare Freedom+ (PPO),2026,Diabetic supplies,20%,CMS,,,
H3404-004,BCBS,Blue Medicare Freedom+ (PPO),2026,Physical therapy,20%,CMS,,,
H3404-004,BCBS,Blue Medicare Freedom+ (PPO),2026,Occupational therapy,$30,CMS,,,
H3404-004,BCBS,Blue Medicare Freedom+ (PPO),2026,Cardiac rehab,$30,CMS,,,
H3404-004,BCBS,Blue Medicare Freedom+ (PPO),2026,Pulmonary rehab,$25,CMS,,,
H3404-004,BCBS,Blue Medicare Freedom+ (PPO),2026,Mental health (individual),20%,CMS,,,
H3404-004,BCBS,Blue Medicare Freedom+ (PPO),2026,Mental health (group),20%,CMS,,,
H3404-004,BCBS,Blue Medicare Freedom+ (PPO),2026,Substance abuse (individual),20%,CMS,,,
H3404-004,BCBS,Blue Medicare Freedom+ (PPO),2026,Partial hospitalization,20%,CMS,,,
H3404-004,BCBS,Blue Medicare Freedom+ (PPO),2026,Preventive services,$0,CMS,,,
H3404-004,BCBS,Blue Medicare Freedom+ (PPO),2026,Wellness programs,$0,CMS,,,
H3404-004,BCBS,Blue Medicare Freedom+ (PPO),2026,Dental - preventive,20%,CMS,,,
H3404-004,BCBS,Blue Medicare Freedom+ (PPO),2026,Vision - eyeglasses,$0,CMS,,,
H3404-004,BCBS,Blue Medicare Freedom+ (PPO),2026,OTC allowance,$0,CMS,,,
H3404-004,BCBS,Blue Medicare Freedom+ (PPO),2026,Meals,$0,CMS,,,
H3449-012,BCBS,Blue Medicare Medical Only (HMO-POS),2026,Premium,Not Applicable,CMS,,,
H3449-012,BCBS,Blue Medicare Medical Only (HMO-POS),2026,Max out-of-pocket,"$3,900",CMS,,,
H3449-012,BCBS,Blue Medicare Medical Only (HMO-POS),2026,PCP,$0,CMS,,,
H3449-012,BCBS,Blue Medicare Medical Only (HMO-POS),2026,Specialist,$25,CMS,,,
H3449-012,BCBS,Blue Medicare Medical Only (HMO-POS),2026,Telehealth,$0 - $25,CMS,,,
H3449-012,BCBS,Blue Medicare Medical Only (HMO-POS),2026,Chiropractic,$20,CMS,,,
H3449-012,BCBS,Blue Medicare Medical Only (HMO-POS),2026,Podiatry,$25,CMS,,,
H3449-012,BCBS,Blue Medicare Medical Only (HMO-POS),2026,Other professional,$10,CMS,,,
H3449-012,BCBS,Blue Medicare Medical Only (HMO-POS),2026,Inpatient hospital,$295 days 1-6 / $0 days 7-90,CMS,,,
H3449-012,BCBS,Blue Medicare Medical Only (HMO-POS),2026,Inpatient psychiatric,$295 days 1-5 / $0 days 6-90,CMS,,,
H3449-012,BCBS,Blue Medicare Medical Only (HMO-POS),2026,Skilled nursing facility,$0 days 1-20 / $218 days 21-100,CMS,,,
H3449-012,BCBS,Blue Medicare Medical Only (HMO-POS),2026,Home health,$40,CMS,,,
H3449-012,BCBS,Blue Medicare Medical Only (HMO-POS),2026,Hospice,$0,CMS,,,
H3449-012,BCBS,Blue Medicare Medical Only (HMO-POS),2026,Outpatient hospital,$0 - $25,CMS,,,
H3449-012,BCBS,Blue Medicare Medical Only (HMO-POS),2026,Outpatient surgery (ASC),$0 - $300,CMS,,,
H3449-012,BCBS,Blue Medicare Medical Only (HMO-POS),2026,Outpatient surgery (hospital),$0 - $60,CMS,,,
H3449-012,BCBS,Blue Medicare Medical Only (HMO-POS),2026,Observation services,$0 - $5,CMS,,,
H3449-012,BCBS,Blue Medicare Medical Only (HMO-POS),2026,Emergency room,$150,CMS,,,
H3449-012,BCBS,Blue Medicare Medical Only (HMO-POS),2026,Urgent care,$65,CMS,,,
H3449-012,BCBS,Blue Medicare Medical Only (HMO-POS),2026,Ambulance (ground),$0 - $275,CMS,,,
H3449-012,BCBS,Blue Medicare Medical Only (HMO-POS),2026,Ambulance (air),$0,CMS,,,
H3449-012,BCBS,Blue Medicare Medical Only (HMO-POS),2026,Transportation,$0 - $225,CMS,,,
H3449-012,BCBS,Blue Medicare Medical Only (HMO-POS),2026,Lab services,$250,CMS,,,
H3449-012,BCBS,Blue Medicare Medical Only (HMO-POS),2026,Diagnostic radiology,$250,CMS,,,
H3449-012,BCBS,Blue Medicare Medical Only (HMO-POS),2026,Renal dialysis,20%,CMS,,,
H3449-012,BCBS,Blue Medicare Medical Only (HMO-POS),2026,Durable medical equipment,20%,CMS,,,
H3449-012,BCBS,Blue Medicare Medical Only (HMO-POS),2026,Prosthetics,20%,CMS,,,
H3449-012,BCBS,Blue Medicare Medical Only (HMO-POS),2026,Diabetic supplies,0% - 20%,CMS,,,
H3449-012,BCBS,Blue Medicare Medical Only (HMO-POS),2026,Physical therapy,$0 - $25,CMS,,,
H3449-012,BCBS,Blue Medicare Medical Only (HMO-POS),2026,Occupational therapy,$25,CMS,,,
H3449-012,BCBS,Blue Medicare Medical Only (HMO-POS),2026,Cardiac rehab,$0,CMS,,,
H3449-012,BCBS,Blue Medicare Medical Only (HMO-POS),2026,Pulmonary rehab,$15,CMS,,,
H3449-012,BCBS,Blue Medicare Medical Only (HMO-POS),2026,Mental health (individual),$25,CMS,,,
H3449-012,BCBS,Blue Medicare Medical Only (HMO-POS),2026,Mental health (group),$25,CMS,,,
H3449-012,BCBS,Blue Medicare Medical Only (HMO-POS),2026,Substance abuse (individual),$25,CMS,,,
H3449-012,BCBS,Blue Medicare Medical Only (HMO-POS),2026,Partial hospitalization,$25,CMS,,,
H3449-012,BCBS,Blue Medicare Medical Only (HMO-POS),2026,Preventive services,$0,CMS,,,
H3449-012,BCBS,Blue Medicare Medical Only (HMO-POS),2026,Wellness programs,$0,CMS,,,
H3449-012,BCBS,Blue Medicare Medical Only (HMO-POS),2026,Dental - allowance,"$2,000 per year",CMS,,,
H3449-012,BCBS,Blue Medicare Medical Only (HMO-POS),2026,Dental - preventive,$25,CMS,,,
H3449-012,BCBS,Blue Medicare Medical Only (HMO-POS),2026,Dental - oral exam,$0 (2 per year),CMS,,,
H3449-012,BCBS,Blue Medicare Medical Only (HMO-POS),2026,Dental - cleaning,$0 (See detailed benefit description below.),CMS,,,
H3449-012,BCBS,Blue Medicare Medical Only (HMO-POS),2026,Dental - fluoride,$0 (2 per year),CMS,,,
H3449-012,BCBS,Blue Medicare Medical Only (HMO-POS),2026,Dental - restorative,$0 (See detailed benefit description below.),CMS,,,
H3449-012,BCBS,Blue Medicare Medical Only (HMO-POS),2026,Dental - endodontics,$0 (Endodontic Services are covered once per tooth per lifetime.),CMS,,,
H3449-012,BCBS,Blue Medicare Medical Only (HMO-POS),2026,Dental - periodontics,$0 (See detailed benefit description below.),CMS,,,
H3449-012,BCBS,Blue Medicare Medical Only (HMO-POS),2026,Dental - extractions,$0 (See detailed benefit description below.),CMS,,,
H3449-012,BCBS,Blue Medicare Medical Only (HMO-POS),2026,Dental - other comprehensive,$0 (See detailed benefit description below.),CMS,,,
H3449-012,BCBS,Blue Medicare Medical Only (HMO-POS),2026,Vision - routine eye exam,$0 (1 per year),CMS,,,
H3449-012,BCBS,Blue Medicare Medical Only (HMO-POS),2026,Vision - eyeglasses,$0,CMS,,,
H3449-012,BCBS,Blue Medicare Medical Only (HMO-POS),2026,Vision - contact lenses,$0,CMS,,,
H3449-012,BCBS,Blue Medicare Medical Only (HMO-POS),2026,Vision - eyewear (post-cataract),$0,CMS,,,
H3449-012,BCBS,Blue Medicare Medical Only (HMO-POS),2026,Hearing - routine exam,$0 (1 per year),CMS,,,
H3449-012,BCBS,Blue Medicare Medical Only (HMO-POS),2026,Hearing aids,$499 - $999 (2 per year),CMS,,,
H3449-012,BCBS,Blue Medicare Medical Only (HMO-POS),2026,OTC allowance,$100 per visit,CMS,,,
H3449-012,BCBS,Blue Medicare Medical Only (HMO-POS),2026,Meals,$0,CMS,,,
H3449-023-001,BCBS,Blue Medicare Essential Plus (HMO-POS),2026,Premium,$0.00,CMS,,,
H3449-023-001,BCBS,Blue Medicare Essential Plus (HMO-POS),2026,Max out-of-pocket,"$4,900",CMS,,,
H3449-023-001,BCBS,Blue Medicare Essential Plus (HMO-POS),2026,PCP,$0,CMS,,,
H3449-023-001,BCBS,Blue Medicare Essential Plus (HMO-POS),2026,Specialist,$20,CMS,,,
H3449-023-001,BCBS,Blue Medicare Essential Plus (HMO-POS),2026,Telehealth,$0 - $20,CMS,,,
H3449-023-001,BCBS,Blue Medicare Essential Plus (HMO-POS),2026,Chiropractic,$15,CMS,,,
H3449-023-001,BCBS,Blue Medicare Essential Plus (HMO-POS),2026,Podiatry,$15,CMS,,,
H3449-023-001,BCBS,Blue Medicare Essential Plus (HMO-POS),2026,Other professional,$10,CMS,,,
H3449-023-001,BCBS,Blue Medicare Essential Plus (HMO-POS),2026,Inpatient hospital,$400 days 1-6 / $0 days 7-90,CMS,,,
H3449-023-001,BCBS,Blue Medicare Essential Plus (HMO-POS),2026,Inpatient psychiatric,$400 days 1-5 / $0 days 6-90,CMS,,,
H3449-023-001,BCBS,Blue Medicare Essential Plus (HMO-POS),2026,Skilled nursing facility,$0 days 1-20 / $218 days 21-100,CMS,,,
H3449-023-001,BCBS,Blue Medicare Essential Plus (HMO-POS),2026,Home health,$60,CMS,,,
H3449-023-001,BCBS,Blue Medicare Essential Plus (HMO-POS),2026,Hospice,$0,CMS,,,
H3449-023-001,BCBS,Blue Medicare Essential Plus (HMO-POS),2026,Outpatient hospital,$0 - $25,CMS,,,
H3449-023-001,BCBS,Blue Medicare Essential Plus (HMO-POS),2026,Outpatient surgery (ASC),$0 - $300,CMS,,,
H3449-023-001,BCBS,Blue Medicare Essential Plus (HMO-POS),2026,Outpatient surgery (hospital),$0 - $60,CMS,,,
H3449-023-001,BCBS,Blue Medicare Essential Plus (HMO-POS),2026,Observation services,$0 - $5,CMS,,,
H3449-023-001,BCBS,Blue Medicare Essential Plus (HMO-POS),2026,Emergency room,$130,CMS,,,
H3449-023-001,BCBS,Blue Medicare Essential Plus (HMO-POS),2026,Urgent care,$50,CMS,,,
H3449-023-001,BCBS,Blue Medicare Essential Plus (HMO-POS),2026,Ambulance (ground),$0 - $400,CMS,,,
H3449-023-001,BCBS,Blue Medicare Essential Plus (HMO-POS),2026,Ambulance (air),$400,CMS,,,
H3449-023-001,BCBS,Blue Medicare Essential Plus (HMO-POS),2026,Transportation,$0 - $350,CMS,,,
H3449-023-001,BCBS,Blue Medicare Essential Plus (HMO-POS),2026,Lab services,$300,CMS,,,
H3449-023-001,BCBS,Blue Medicare Essential Plus (HMO-POS),2026,Diagnostic radiology,$300,CMS,,,
H3449-023-001,BCBS,Blue Medicare Essential Plus (HMO-POS),2026,Renal dialysis,20%,CMS,,,
H3449-023-001,BCBS,Blue Medicare Essential Plus (HMO-POS),2026,Durable medical equipment,20%,CMS,,,
H3449-023-001,BCBS,Blue Medicare Essential Plus (HMO-POS),2026,Prosthetics,20%,CMS,,,
H3449-023-001,BCBS,Blue Medicare Essential Plus (HMO-POS),2026,Diabetic supplies,0% - 20%,CMS,,,
H3449-023-001,BCBS,Blue Medicare Essential Plus (HMO-POS),2026,Physical therapy,$0 - $20,CMS,,,
H3449-023-001,BCBS,Blue Medicare Essential Plus (HMO-POS),2026,Occupational therapy,$15,CMS,,,
H3449-023-001,BCBS,Blue Medicare Essential Plus (HMO-POS),2026,Cardiac rehab,$0,CMS,,,
H3449-023-001,BCBS,Blue Medicare Essential Plus (HMO-POS),2026,Pulmonary rehab,$15,CMS,,,
H3449-023-001,BCBS,Blue Medicare Essential Plus (HMO-POS),2026,Mental health (individual),$20,CMS,,,
H3449-023-001,BCBS,Blue Medicare Essential Plus (HMO-POS),2026,Mental health (group),$20,CMS,,,
H3449-023-001,BCBS,Blue Medicare Essential Plus (HMO-POS),2026,Substance abuse (individual),$20,CMS,,,
H3449-023-001,BCBS,Blue Medicare Essential Plus (HMO-POS),2026,Partial hospitalization,$20,CMS,,,
H3449-023-001,BCBS,Blue Medicare Essential Plus (HMO-POS),2026,Preventive services,$0,CMS,,,
H3449-023-001,BCBS,Blue Medicare Essential Plus (HMO-POS),2026,Wellness programs,$0,CMS,,,
H3449-023-001,BCBS,Blue Medicare Essential Plus (HMO-POS),2026,Rx deductible,"$615 (tiers 1,2,6 exempt)",CMS,,,
H3449-023-001,BCBS,Blue Medicare Essential Plus (HMO-POS),2026,Dental - allowance,"$1,500 per year",CMS,,,
H3449-023-001,BCBS,Blue Medicare Essential Plus (HMO-POS),2026,Dental - preventive,$20,CMS,,,
H3449-023-001,BCBS,Blue Medicare Essential Plus (HMO-POS),2026,Dental - oral exam,$0 (2 per year),CMS,,,
H3449-023-001,BCBS,Blue Medicare Essential Plus (HMO-POS),2026,Dental - cleaning,$0 (See detailed benefit description below.),CMS,,,
H3449-023-001,BCBS,Blue Medicare Essential Plus (HMO-POS),2026,Dental - fluoride,$0 (2 per year),CMS,,,
H3449-023-001,BCBS,Blue Medicare Essential Plus (HMO-POS),2026,Dental - restorative,$0 (See detailed benefit description below.),CMS,,,
H3449-023-001,BCBS,Blue Medicare Essential Plus (HMO-POS),2026,Dental - endodontics,$0 (Endodontic Services are covered once per tooth per lifetime.),CMS,,,
H3449-023-001,BCBS,Blue Medicare Essential Plus (HMO-POS),2026,Dental - periodontics,$0 (See detailed benefit description below.),CMS,,,
H3449-023-001,BCBS,Blue Medicare Essential Plus (HMO-POS),2026,Dental - extractions,$0 (See detailed benefit description below.),CMS,,,
H3449-023-001,BCBS,Blue Medicare Essential Plus (HMO-POS),2026,Dental - other comprehensive,$0 (See detailed benefit description below.),CMS,,,
H3449-023-001,BCBS,Blue Medicare Essential Plus (HMO-POS),2026,Vision - routine eye exam,$0 (1 per year),CMS,,,
H3449-023-001,BCBS,Blue Medicare Essential Plus (HMO-POS),2026,Vision - eyeglasses,$0,CMS,,,
H3449-023-001,BCBS,Blue Medicare Essential Plus (HMO-POS),2026,Vision - contact lenses,$0,CMS,,,
H3449-023-001,BCBS,Blue Medicare Essential Plus (HMO-POS),2026,Vision - eyewear (post-cataract),$0,CMS,,,
H3449-023-001,BCBS,Blue Medicare Essential Plus (HMO-POS),2026,Hearing - routine exam,$0 (1 per year),CMS,,,
H3449-023-001,BCBS,Blue Medicare Essential Plus (HMO-POS),2026,Hearing aids,$499 - $999 (2 per year),CMS,,,
H3449-023-001,BCBS,Blue Medicare Essential Plus (HMO-POS),2026,OTC allowance,$49 per visit,CMS,,,
H3449-023-001,BCBS,Blue Medicare Essential Plus (HMO-POS),2026,Meals,$0,CMS,,,
H3449-023-002,BCBS,Blue Medicare Essential Plus (HMO-POS),2026,Premium,$0.00,CMS,,,
H3449-023-002,BCBS,Blue Medicare Essential Plus (HMO-POS),2026,Max out-of-pocket,"$5,400",CMS,,,
H3449-023-002,BCBS,Blue Medicare Essential Plus (HMO-POS),2026,PCP,$0,CMS,,,
H3449-023-002,BCBS,Blue Medicare Essential Plus (HMO-POS),2026,Specialist,$25,CMS,,,
H3449-023-002,BCBS,Blue Medicare Essential Plus (HMO-POS),2026,Telehealth,$0 - $25,CMS,,,
H3449-023-002,BCBS,Blue Medicare Essential Plus (HMO-POS),2026,Chiropractic,$15,CMS,,,
H3449-023-002,BCBS,Blue Medicare Essential Plus (HMO-POS),2026,Podiatry,$15,CMS,,,
H3449-023-002,BCBS,Blue Medicare Essential Plus (HMO-POS),2026,Other professional,$10,CMS,,,
H3449-023-002,BCBS,Blue Medicare Essential Plus (HMO-POS),2026,Inpatient hospital,$400 days 1-6 / $0 days 7-90,CMS,,,
H3449-023-002,BCBS,Blue Medicare Essential Plus (HMO-POS),2026,Inpatient psychiatric,$400 days 1-5 / $0 days 6-90,CMS,,,
H3449-023-002,BCBS,Blue Medicare Essential Plus (HMO-POS),2026,Skilled nursing facility,$0 days 1-20 / $218 days 21-100,CMS,,,
H3449-023-002,BCBS,Blue Medicare Essential Plus (HMO-POS),2026,Home health,$60,CMS,,,
H3449-023-002,BCBS,Blue Medicare Essential Plus (HMO-POS),2026,Hospice,$0,CMS,,,
H3449-023-002,BCBS,Blue Medicare Essential Plus (HMO-POS),2026,Outpatient hospital,$0 - $25,CMS,,,
H3449-023-002,BCBS,Blue Medicare Essential Plus (HMO-POS),2026,Outpatient surgery (ASC),$0 - $300,CMS,,,
H3449-023-002,BCBS,Blue Medicare Essential Plus (HMO-POS),2026,Outpatient surgery (hospital),$0 - $60,CMS,,,
H3449-023-002,BCBS,Blue Medicare Essential Plus (HMO-POS),2026,Observation services,$0 - $5,CMS,,,
H3449-023-002,BCBS,Blue Medicare Essential Plus (HMO-POS),2026,Emergency room,$130,CMS,,,
H3449-023-002,BCBS,Blue Medicare Essential Plus (HMO-POS),2026,Urgent care,$50,CMS,,,
H3449-023-002,BCBS,Blue Medicare Essential Plus (HMO-POS),2026,Ambulance (ground),$0 - $400,CMS,,,
H3449-023-002,BCBS,Blue Medicare Essential Plus (HMO-POS),2026,Ambulance (air),$400,CMS,,,
H3449-023-002,BCBS,Blue Medicare Essential Plus (HMO-POS),2026,Transportation,$0 - $350,CMS,,,
H3449-023-002,BCBS,Blue Medicare Essential Plus (HMO-POS),2026,Lab services,$300,CMS,,,
H3449-023-002,BCBS,Blue Medicare Essential Plus (HMO-POS),2026,Diagnostic radiology,$300,CMS,,,
H3449-023-002,BCBS,Blue Medicare Essential Plus (HMO-POS),2026,Renal dialysis,20%,CMS,,,
H3449-023-002,BCBS,Blue Medicare Essential Plus (HMO-POS),2026,Durable medical equipment,20%,CMS,,,
H3449-023-002,BCBS,Blue Medicare Essential Plus (HMO-POS),2026,Prosthetics,20%,CMS,,,
H3449-023-002,BCBS,Blue Medicare Essential Plus (HMO-POS),2026,Diabetic supplies,0% - 20%,CMS,,,
H3449-023-002,BCBS,Blue Medicare Essential Plus (HMO-POS),2026,Physical therapy,$0 - $25,CMS,,,
H3449-023-002,BCBS,Blue Medicare Essential Plus (HMO-POS),2026,Occupational therapy,$15,CMS,,,
H3449-023-002,BCBS,Blue Medicare Essential Plus (HMO-POS),2026,Cardiac rehab,$0,CMS,,,
H3449-023-002,BCBS,Blue Medicare Essential Plus (HMO-POS),2026,Pulmonary rehab,$15,CMS,,,
H3449-023-002,BCBS,Blue Medicare Essential Plus (HMO-POS),2026,Mental health (individual),$25,CMS,,,
H3449-023-002,BCBS,Blue Medicare Essential Plus (HMO-POS),2026,Mental health (group),$25,CMS,,,
H3449-023-002,BCBS,Blue Medicare Essential Plus (HMO-POS),2026,Substance abuse (individual),$25,CMS,,,
H3449-023-002,BCBS,Blue Medicare Essential Plus (HMO-POS),2026,Partial hospitalization,$25,CMS,,,
H3449-023-002,BCBS,Blue Medicare Essential Plus (HMO-POS),2026,Preventive services,$0,CMS,,,
H3449-023-002,BCBS,Blue Medicare Essential Plus (HMO-POS),2026,Wellness programs,$0,CMS,,,
H3449-023-002,BCBS,Blue Medicare Essential Plus (HMO-POS),2026,Rx deductible,"$615 (tiers 1,2,6 exempt)",CMS,,,
H3449-023-002,BCBS,Blue Medicare Essential Plus (HMO-POS),2026,Dental - allowance,"$1,500 per year",CMS,,,
H3449-023-002,BCBS,Blue Medicare Essential Plus (HMO-POS),2026,Dental - preventive,$25,CMS,,,
H3449-023-002,BCBS,Blue Medicare Essential Plus (HMO-POS),2026,Dental - oral exam,$0 (2 per year),CMS,,,
H3449-023-002,BCBS,Blue Medicare Essential Plus (HMO-POS),2026,Dental - cleaning,$0 (See detailed benefit description below.),CMS,,,
H3449-023-002,BCBS,Blue Medicare Essential Plus (HMO-POS),2026,Dental - fluoride,$0 (2 per year),CMS,,,
H3449-023-002,BCBS,Blue Medicare Essential Plus (HMO-POS),2026,Dental - restorative,$0 (See detailed benefit description below.),CMS,,,
H3449-023-002,BCBS,Blue Medicare Essential Plus (HMO-POS),2026,Dental - endodontics,$0 (Endodontic Services are covered once per tooth per lifetime.),CMS,,,
H3449-023-002,BCBS,Blue Medicare Essential Plus (HMO-POS),2026,Dental - periodontics,$0 (See detailed benefit description below.),CMS,,,
H3449-023-002,BCBS,Blue Medicare Essential Plus (HMO-POS),2026,Dental - extractions,$0 (See detailed benefit description below.),CMS,,,
H3449-023-002,BCBS,Blue Medicare Essential Plus (HMO-POS),2026,Dental - other comprehensive,$0 (See detailed benefit description below.),CMS,,,
H3449-023-002,BCBS,Blue Medicare Essential Plus (HMO-POS),2026,Vision - routine eye exam,$0 (1 per year),CMS,,,
H3449-023-002,BCBS,Blue Medicare Essential Plus (HMO-POS),2026,Vision - eyeglasses,$0,CMS,,,
H3449-023-002,BCBS,Blue Medicare Essential Plus (HMO-POS),2026,Vision - contact lenses,$0,CMS,,,
H3449-023-002,BCBS,Blue Medicare Essential Plus (HMO-POS),2026,Vision - eyewear (post-cataract),$0,CMS,,,
H3449-023-002,BCBS,Blue Medicare Essential Plus (HMO-POS),2026,Hearing - routine exam,$0 (1 per year),CMS,,,
H3449-023-002,BCBS,Blue Medicare Essential Plus (HMO-POS),2026,Hearing aids,$499 - $999 (2 per year),CMS,,,
H3449-023-002,BCBS,Blue Medicare Essential Plus (HMO-POS),2026,OTC allowance,$40 per visit,CMS,,,
H3449-023-002,BCBS,Blue Medicare Essential Plus (HMO-POS),2026,Meals,$0,CMS,,,
H3449-023-004,BCBS,Blue Medicare Essential Plus (HMO-POS),2026,Premium,$0.00,CMS,,,
H3449-023-004,BCBS,Blue Medicare Essential Plus (HMO-POS),2026,Max out-of-pocket,"$6,750",CMS,,,
H3449-023-004,BCBS,Blue Medicare Essential Plus (HMO-POS),2026,PCP,$0,CMS,,,
H3449-023-004,BCBS,Blue Medicare Essential Plus (HMO-POS),2026,Specialist,$30,CMS,,,
H3449-023-004,BCBS,Blue Medicare Essential Plus (HMO-POS),2026,Telehealth,$0 - $30,CMS,,,
H3449-023-004,BCBS,Blue Medicare Essential Plus (HMO-POS),2026,Chiropractic,$15,CMS,,,
H3449-023-004,BCBS,Blue Medicare Essential Plus (HMO-POS),2026,Podiatry,$20,CMS,,,
H3449-023-004,BCBS,Blue Medicare Essential Plus (HMO-POS),2026,Other professional,$10,CMS,,,
H3449-023-004,BCBS,Blue Medicare Essential Plus (HMO-POS),2026,Inpatient hospital,$400 days 1-6 / $0 days 7-90,CMS,,,
H3449-023-004,BCBS,Blue Medicare Essential Plus (HMO-POS),2026,Inpatient psychiatric,$400 days 1-5 / $0 days 6-90,CMS,,,
H3449-023-004,BCBS,Blue Medicare Essential Plus (HMO-POS),2026,Skilled nursing facility,$0 days 1-20 / $218 days 21-100,CMS,,,
H3449-023-004,BCBS,Blue Medicare Essential Plus (HMO-POS),2026,Home health,$60,CMS,,,
H3449-023-004,BCBS,Blue Medicare Essential Plus (HMO-POS),2026,Hospice,$0,CMS,,,
H3449-023-004,BCBS,Blue Medicare Essential Plus (HMO-POS),2026,Outpatient hospital,$0 - $25,CMS,,,
H3449-023-004,BCBS,Blue Medicare Essential Plus (HMO-POS),2026,Outpatient surgery (ASC),$0 - $300,CMS,,,
H3449-023-004,BCBS,Blue Medicare Essential Plus (HMO-POS),2026,Outpatient surgery (hospital),$0 - $60,CMS,,,
H3449-023-004,BCBS,Blue Medicare Essential Plus (HMO-POS),2026,Observation services,$0 - $5,CMS,,,
H3449-023-004,BCBS,Blue Medicare Essential Plus (HMO-POS),2026,Emergency room,$130,CMS,,,
H3449-023-004,BCBS,Blue Medicare Essential Plus (HMO-POS),2026,Urgent care,$50,CMS,,,
H3449-023-004,BCBS,Blue Medicare Essential Plus (HMO-POS),2026,Ambulance (ground),$0 - $400,CMS,,,
H3449-023-004,BCBS,Blue Medicare Essential Plus (HMO-POS),2026,Ambulance (air),$400,CMS,,,
H3449-023-004,BCBS,Blue Medicare Essential Plus (HMO-POS),2026,Transportation,$0 - $350,CMS,,,
H3449-023-004,BCBS,Blue Medicare Essential Plus (HMO-POS),2026,Lab services,$300,CMS,,,
H3449-023-004,BCBS,Blue Medicare Essential Plus (HMO-POS),2026,Diagnostic radiology,$300,CMS,,,
H3449-023-004,BCBS,Blue Medicare Essential Plus (HMO-POS),2026,Renal dialysis,20%,CMS,,,
H3449-023-004,BCBS,Blue Medicare Essential Plus (HMO-POS),2026,Durable medical equipment,20%,CMS,,,
H3449-023-004,BCBS,Blue Medicare Essential Plus (HMO-POS),2026,Prosthetics,20%,CMS,,,
H3449-023-004,BCBS,Blue Medicare Essential Plus (HMO-POS),2026,Diabetic supplies,0% - 20%,CMS,,,
H3449-023-004,BCBS,Blue Medicare Essential Plus (HMO-POS),2026,Physical therapy,$0 - $30,CMS,,,
H3449-023-004,BCBS,Blue Medicare Essential Plus (HMO-POS),2026,Occupational therapy,$20,CMS,,,
H3449-023-004,BCBS,Blue Medicare Essential Plus (HMO-POS),2026,Cardiac rehab,$0,CMS,,,
H3449-023-004,BCBS,Blue Medicare Essential Plus (HMO-POS),2026,Pulmonary rehab,$15,CMS,,,
H3449-023-004,BCBS,Blue Medicare Essential Plus (HMO-POS),2026,Mental health (individual),$30,CMS,,,
H3449-023-004,BCBS,Blue Medicare Essential Plus (HMO-POS),2026,Mental health (group),$30,CMS,,,
H3449-023-004,BCBS,Blue Medicare Essential Plus (HMO-POS),2026,Substance abuse (individual),$30,CMS,,,
H3449-023-004,BCBS,Blue Medicare Essential Plus (HMO-POS),2026,Partial hospitalization,$30,CMS,,,
H3449-023-004,BCBS,Blue Medicare Essential Plus (HMO-POS),2026,Preventive services,$0,CMS,,,
H3449-023-004,BCBS,Blue Medicare Essential Plus (HMO-POS),2026,Wellness programs,$0,CMS,,,
H3449-023-004,BCBS,Blue Medicare Essential Plus (HMO-POS),2026,Rx deductible,"$615 (tiers 1,2,6 exempt)",CMS,,,
H3449-023-004,BCBS,Blue Medicare Essential Plus (HMO-POS),2026,Dental - allowance,"$1,500 per year",CMS,,,
H3449-023-004,BCBS,Blue Medicare Essential Plus (HMO-POS),2026,Dental - preventive,$30,CMS,,,
H3449-023-004,BCBS,Blue Medicare Essential Plus (HMO-POS),2026,Dental - oral exam,$0 (2 per year),CMS,,,
H3449-023-004,BCBS,Blue Medicare Essential Plus (HMO-POS),2026,Dental - cleaning,$0 (See detailed benefit description below.),CMS,,,
H3449-023-004,BCBS,Blue Medicare Essential Plus (HMO-POS),2026,Dental - fluoride,$0 (2 per year),CMS,,,
H3449-023-004,BCBS,Blue Medicare Essential Plus (HMO-POS),2026,Dental - restorative,$0 (See detailed benefit description below.),CMS,,,
H3449-023-004,BCBS,Blue Medicare Essential Plus (HMO-POS),2026,Dental - endodontics,$0 (Endodontic Services are covered once per tooth per lifetime.),CMS,,,
H3449-023-004,BCBS,Blue Medicare Essential Plus (HMO-POS),2026,Dental - periodontics,$0 (See detailed benefit description below.),CMS,,,
H3449-023-004,BCBS,Blue Medicare Essential Plus (HMO-POS),2026,Dental - extractions,$0 (See detailed benefit description below.),CMS,,,
H3449-023-004,BCBS,Blue Medicare Essential Plus (HMO-POS),2026,Dental - other comprehensive,$0 (See detailed benefit description below.),CMS,,,
H3449-023-004,BCBS,Blue Medicare Essential Plus (HMO-POS),2026,Vision - routine eye exam,$0 (1 per year),CMS,,,
H3449-023-004,BCBS,Blue Medicare Essential Plus (HMO-POS),2026,Vision - eyeglasses,$0,CMS,,,
H3449-023-004,BCBS,Blue Medicare Essential Plus (HMO-POS),2026,Vision - contact lenses,$0,CMS,,,
H3449-023-004,BCBS,Blue Medicare Essential Plus (HMO-POS),2026,Vision - eyewear (post-cataract),$0,CMS,,,
H3449-023-004,BCBS,Blue Medicare Essential Plus (HMO-POS),2026,Hearing - routine exam,$0 (1 per year),CMS,,,
H3449-023-004,BCBS,Blue Medicare Essential Plus (HMO-POS),2026,Hearing aids,$499 - $999 (2 per year),CMS,,,
H3449-023-004,BCBS,Blue Medicare Essential Plus (HMO-POS),2026,OTC allowance,$30 per visit,CMS,,,
H3449-023-004,BCBS,Blue Medicare Essential Plus (HMO-POS),2026,Meals,$0,CMS,,,
H3449-023-005,BCBS,Blue Medicare Essential Plus (HMO-POS),2026,Premium,$0.00,CMS,,,
H3449-023-005,BCBS,Blue Medicare Essential Plus (HMO-POS),2026,Max out-of-pocket,"$7,450",CMS,,,
H3449-023-005,BCBS,Blue Medicare Essential Plus (HMO-POS),2026,PCP,$0,CMS,,,
H3449-023-005,BCBS,Blue Medicare Essential Plus (HMO-POS),2026,Specialist,$40,CMS,,,
H3449-023-005,BCBS,Blue Medicare Essential Plus (HMO-POS),2026,Telehealth,$0 - $40,CMS,,,
H3449-023-005,BCBS,Blue Medicare Essential Plus (HMO-POS),2026,Chiropractic,$15,CMS,,,
H3449-023-005,BCBS,Blue Medicare Essential Plus (HMO-POS),2026,Podiatry,$20,CMS,,,
H3449-023-005,BCBS,Blue Medicare Essential Plus (HMO-POS),2026,Other professional,$10,CMS,,,
H3449-023-005,BCBS,Blue Medicare Essential Plus (HMO-POS),2026,Inpatient hospital,$400 days 1-6 / $0 days 7-90,CMS,,,
H3449-023-005,BCBS,Blue Medicare Essential Plus (HMO-POS),2026,Inpatient psychiatric,$400 days 1-5 / $0 days 6-90,CMS,,,
H3449-023-005,BCBS,Blue Medicare Essential Plus (HMO-POS),2026,Skilled nursing facility,$0 days 1-20 / $218 days 21-100,CMS,,,
H3449-023-005,BCBS,Blue Medicare Essential Plus (HMO-POS),2026,Home health,$60,CMS,,,
H3449-023-005,BCBS,Blue Medicare Essential Plus (HMO-POS),2026,Hospice,$0,CMS,,,
H3449-023-005,BCBS,Blue Medicare Essential Plus (HMO-POS),2026,Outpatient hospital,$0 - $25,CMS,,,
H3449-023-005,BCBS,Blue Medicare Essential Plus (HMO-POS),2026,Outpatient surgery (ASC),$0 - $300,CMS,,,
H3449-023-005,BCBS,Blue Medicare Essential Plus (HMO-POS),2026,Outpatient surgery (hospital),$0 - $60,CMS,,,
H3449-023-005,BCBS,Blue Medicare Essential Plus (HMO-POS),2026,Observation services,$0 - $5,CMS,,,
H3449-023-005,BCBS,Blue Medicare Essential Plus (HMO-POS),2026,Emergency room,$115,CMS,,,
H3449-023-005,BCBS,Blue Medicare Essential Plus (HMO-POS),2026,Urgent care,$40,CMS,,,
H3449-023-005,BCBS,Blue Medicare Essential Plus (HMO-POS),2026,Ambulance (ground),$0 - $400,CMS,,,
H3449-023-005,BCBS,Blue Medicare Essential Plus (HMO-POS),2026,Ambulance (air),$400,CMS,,,
H3449-023-005,BCBS,Blue Medicare Essential Plus (HMO-POS),2026,Transportation,$0 - $350,CMS,,,
H3449-023-005,BCBS,Blue Medicare Essential Plus (HMO-POS),2026,Lab services,$300,CMS,,,
H3449-023-005,BCBS,Blue Medicare Essential Plus (HMO-POS),2026,Diagnostic radiology,$300,CMS,,,
H3449-023-005,BCBS,Blue Medicare Essential Plus (HMO-POS),2026,Renal dialysis,20%,CMS,,,
H3449-023-005,BCBS,Blue Medicare Essential Plus (HMO-POS),2026,Durable medical equipment,20%,CMS,,,
H3449-023-005,BCBS,Blue Medicare Essential Plus (HMO-POS),2026,Prosthetics,20%,CMS,,,
H3449-023-005,BCBS,Blue Medicare Essential Plus (HMO-POS),2026,Diabetic supplies,0% - 20%,CMS,,,
H3449-023-005,BCBS,Blue Medicare Essential Plus (HMO-POS),2026,Physical therapy,$0 - $40,CMS,,,
H3449-023-005,BCBS,Blue Medicare Essential Plus (HMO-POS),2026,Occupational therapy,$20,CMS,,,
H3449-023-005,BCBS,Blue Medicare Essential Plus (HMO-POS),2026,Cardiac rehab,$0,CMS,,,
H3449-023-005,BCBS,Blue Medicare Essential Plus (HMO-POS),2026,Pulmonary rehab,$15,CMS,,,
H3449-023-005,BCBS,Blue Medicare Essential Plus (HMO-POS),2026,Mental health (individual),$40,CMS,,,
H3449-023-005,BCBS,Blue Medicare Essential Plus (HMO-POS),2026,Mental health (group),$40,CMS,,,
H3449-023-005,BCBS,Blue Medicare Essential Plus (HMO-POS),2026,Substance abuse (individual),$40,CMS,,,
H3449-023-005,BCBS,Blue Medicare Essential Plus (HMO-POS),2026,Partial hospitalization,$40,CMS,,,
H3449-023-005,BCBS,Blue Medicare Essential Plus (HMO-POS),2026,Preventive services,$0,CMS,,,
H3449-023-005,BCBS,Blue Medicare Essential Plus (HMO-POS),2026,Wellness programs,$0,CMS,,,
H3449-023-005,BCBS,Blue Medicare Essential Plus (HMO-POS),2026,Rx deductible,"$615 (tiers 1,2,6 exempt)",CMS,,,
H3449-023-005,BCBS,Blue Medicare Essential Plus (HMO-POS),2026,Dental - allowance,"$1,500 per year",CMS,,,
H3449-023-005,BCBS,Blue Medicare Essential Plus (HMO-POS),2026,Dental - preventive,$40,CMS,,,
H3449-023-005,BCBS,Blue Medicare Essential Plus (HMO-POS),2026,Dental - oral exam,$0 (2 per year),CMS,,,
H3449-023-005,BCBS,Blue Medicare Essential Plus (HMO-POS),2026,Dental - cleaning,$0 (See detailed benefit description below.),CMS,,,
H3449-023-005,BCBS,Blue Medicare Essential Plus (HMO-POS),2026,Dental - fluoride,$0 (2 per year),CMS,,,
H3449-023-005,BCBS,Blue Medicare Essential Plus (HMO-POS),2026,Dental - restorative,$0 (See detailed benefit description below.),CMS,,,
H3449-023-005,BCBS,Blue Medicare Essential Plus (HMO-POS),2026,Dental - endodontics,$0 (Endodontic Services are covered once per tooth per lifetime.),CMS,,,
H3449-023-005,BCBS,Blue Medicare Essential Plus (HMO-POS),2026,Dental - periodontics,$0 (See detailed benefit description below.),CMS,,,
H3449-023-005,BCBS,Blue Medicare Essential Plus (HMO-POS),2026,Dental - extractions,$0 (See detailed benefit description below.),CMS,,,
H3449-023-005,BCBS,Blue Medicare Essential Plus (HMO-POS),2026,Dental - other comprehensive,$0 (See detailed benefit description below.),CMS,,,
H3449-023-005,BCBS,Blue Medicare Essential Plus (HMO-POS),2026,Vision - routine eye exam,$0 (1 per year),CMS,,,
H3449-023-005,BCBS,Blue Medicare Essential Plus (HMO-POS),2026,Vision - eyeglasses,$0,CMS,,,
H3449-023-005,BCBS,Blue Medicare Essential Plus (HMO-POS),2026,Vision - contact lenses,$0,CMS,,,
H3449-023-005,BCBS,Blue Medicare Essential Plus (HMO-POS),2026,Vision - eyewear (post-cataract),$0,CMS,,,
H3449-023-005,BCBS,Blue Medicare Essential Plus (HMO-POS),2026,Hearing - routine exam,$0 (1 per year),CMS,,,
H3449-023-005,BCBS,Blue Medicare Essential Plus (HMO-POS),2026,Hearing aids,$499 - $999 (2 per year),CMS,,,
H3449-023-005,BCBS,Blue Medicare Essential Plus (HMO-POS),2026,OTC allowance,$25 per visit,CMS,,,
H3449-023-005,BCBS,Blue Medicare Essential Plus (HMO-POS),2026,Meals,$0,CMS,,,
H3449-024-001,BCBS,Blue Medicare Enhanced (HMO-POS),2026,Premium,$30.00,CMS,,,
H3449-024-001,BCBS,Blue Medicare Enhanced (HMO-POS),2026,Max out-of-pocket,"$4,200",CMS,,,
H3449-024-001,BCBS,Blue Medicare Enhanced (HMO-POS),2026,PCP,$0,CMS,,,
H3449-024-001,BCBS,Blue Medicare Enhanced (HMO-POS),2026,Specialist,$20,CMS,,,
H3449-024-001,BCBS,Blue Medicare Enhanced (HMO-POS),2026,Telehealth,$0 - $20,CMS,,,
H3449-024-001,BCBS,Blue Medicare Enhanced (HMO-POS),2026,Chiropractic,$20,CMS,,,
H3449-024-001,BCBS,Blue Medicare Enhanced (HMO-POS),2026,Podiatry,$10,CMS,,,
H3449-024-001,BCBS,Blue Medicare Enhanced (HMO-POS),2026,Other professional,$10,CMS,,,
H3449-024-001,BCBS,Blue Medicare Enhanced (HMO-POS),2026,Inpatient hospital,$350 days 1-6 / $0 days 7-90,CMS,,,
H3449-024-001,BCBS,Blue Medicare Enhanced (HMO-POS),2026,Inpatient psychiatric,$350 days 1-5 / $0 days 6-90,CMS,,,
H3449-024-001,BCBS,Blue Medicare Enhanced (HMO-POS),2026,Skilled nursing facility,$0 days 1-20 / $218 days 21-100,CMS,,,
H3449-024-001,BCBS,Blue Medicare Enhanced (HMO-POS),2026,Home health,$60,CMS,,,
H3449-024-001,BCBS,Blue Medicare Enhanced (HMO-POS),2026,Hospice,$0,CMS,,,
H3449-024-001,BCBS,Blue Medicare Enhanced (HMO-POS),2026,Outpatient hospital,$0 - $25,CMS,,,
H3449-024-001,BCBS,Blue Medicare Enhanced (HMO-POS),2026,Outpatient surgery (ASC),$0 - $300,CMS,,,
H3449-024-001,BCBS,Blue Medicare Enhanced (HMO-POS),2026,Outpatient surgery (hospital),$0 - $60,CMS,,,
H3449-024-001,BCBS,Blue Medicare Enhanced (HMO-POS),2026,Observation services,$0 - $5,CMS,,,
H3449-024-001,BCBS,Blue Medicare Enhanced (HMO-POS),2026,Emergency room,$150,CMS,,,
H3449-024-001,BCBS,Blue Medicare Enhanced (HMO-POS),2026,Urgent care,$65,CMS,,,
H3449-024-001,BCBS,Blue Medicare Enhanced (HMO-POS),2026,Ambulance (ground),$0 - $335,CMS,,,
H3449-024-001,BCBS,Blue Medicare Enhanced (HMO-POS),2026,Ambulance (air),$335,CMS,,,
H3449-024-001,BCBS,Blue Medicare Enhanced (HMO-POS),2026,Transportation,$0 - $200,CMS,,,
H3449-024-001,BCBS,Blue Medicare Enhanced (HMO-POS),2026,Lab services,$250,CMS,,,
H3449-024-001,BCBS,Blue Medicare Enhanced (HMO-POS),2026,Diagnostic radiology,$250,CMS,,,
H3449-024-001,BCBS,Blue Medicare Enhanced (HMO-POS),2026,Renal dialysis,20%,CMS,,,
H3449-024-001,BCBS,Blue Medicare Enhanced (HMO-POS),2026,Durable medical equipment,20%,CMS,,,
H3449-024-001,BCBS,Blue Medicare Enhanced (HMO-POS),2026,Prosthetics,20%,CMS,,,
H3449-024-001,BCBS,Blue Medicare Enhanced (HMO-POS),2026,Diabetic supplies,0% - 20%,CMS,,,
H3449-024-001,BCBS,Blue Medicare Enhanced (HMO-POS),2026,Physical therapy,$0 - $20,CMS,,,
H3449-024-001,BCBS,Blue Medicare Enhanced (HMO-POS),2026,Occupational therapy,$10,CMS,,,
H3449-024-001,BCBS,Blue Medicare Enhanced (HMO-POS),2026,Cardiac rehab,$0,CMS,,,
H3449-024-001,BCBS,Blue Medicare Enhanced (HMO-POS),2026,Pulmonary rehab,$20,CMS,,,
H3449-024-001,BCBS,Blue Medicare Enhanced (HMO-POS),2026,Mental health (individual),$20,CMS,,,
H3449-024-001,BCBS,Blue Medicare Enhanced (HMO-POS),2026,Mental health (group),$20,CMS,,,
H3449-024-001,BCBS,Blue Medicare Enhanced (HMO-POS),2026,Substance abuse (individual),$20,CMS,,,
H3449-024-001,BCBS,Blue Medicare Enhanced (HMO-POS),2026,Partial hospitalization,$20,CMS,,,
H3449-024-001,BCBS,Blue Medicare Enhanced (HMO-POS),2026,Preventive services,$0,CMS,,,
H3449-024-001,BCBS,Blue Medicare Enhanced (HMO-POS),2026,Wellness programs,$0,CMS,,,
H3449-024-001,BCBS,Blue Medicare Enhanced (HMO-POS),2026,Rx deductible,"$100 (tiers 1,2,6 exempt)",CMS,,,
H3449-024-001,BCBS,Blue Medicare Enhanced (HMO-POS),2026,Dental - allowance,"$2,000 per year",CMS,,,
H3449-024-001,BCBS,Blue Medicare Enhanced (HMO-POS),2026,Dental - preventive,$20,CMS,,,
H3449-024-001,BCBS,Blue Medicare Enhanced (HMO-POS),2026,Dental - oral exam,$0 (2 per year),CMS,,,
H3449-024-001,BCBS,Blue Medicare Enhanced (HMO-POS),2026,Dental - cleaning,$0 (See detailed benefit description below.),CMS,,,
H3449-024-001,BCBS,Blue Medicare Enhanced (HMO-POS),2026,Dental - fluoride,$0 (2 per year),CMS,,,
H3449-024-001,BCBS,Blue Medicare Enhanced (HMO-POS),2026,Dental - restorative,$0 (See detailed benefit description below.),CMS,,,
H3449-024-001,BCBS,Blue Medicare Enhanced (HMO-POS),2026,Dental - endodontics,$0 (Endodontic Services are covered once per tooth per lifetime.),CMS,,,
H3449-024-001,BCBS,Blue Medicare Enhanced (HMO-POS),2026,Dental - periodontics,$0 (See detailed benefit description below.),CMS,,,
H3449-024-001,BCBS,Blue Medicare Enhanced (HMO-POS),2026,Dental - extractions,$0 (See detailed benefit description below.),CMS,,,
H3449-024-001,BCBS,Blue Medicare Enhanced (HMO-POS),2026,Dental - other comprehensive,$0 (See detailed benefit description below.),CMS,,,
H3449-024-001,BCBS,Blue Medicare Enhanced (HMO-POS),2026,Vision - routine eye exam,$0 (1 per year),CMS,,,
H3449-024-001,BCBS,Blue Medicare Enhanced (HMO-POS),2026,Vision - eyeglasses,$0,CMS,,,
H3449-024-001,BCBS,Blue Medicare Enhanced (HMO-POS),2026,Vision - contact lenses,$0,CMS,,,
H3449-024-001,BCBS,Blue Medicare Enhanced (HMO-POS),2026,Vision - eyewear (post-cataract),$0,CMS,,,
H3449-024-001,BCBS,Blue Medicare Enhanced (HMO-POS),2026,Hearing - routine exam,$0 (1 per year),CMS,,,
H3449-024-001,BCBS,Blue Medicare Enhanced (HMO-POS),2026,Hearing aids,$499 - $999 (2 per year),CMS,,,
H3449-024-001,BCBS,Blue Medicare Enhanced (HMO-POS),2026,OTC allowance,$41 per visit,CMS,,,
H3449-024-001,BCBS,Blue Medicare Enhanced (HMO-POS),2026,Meals,$0,CMS,,,
H3449-024-002,BCBS,Blue Medicare Enhanced (HMO-POS),2026,Premium,$40.00,CMS,,,
H3449-024-002,BCBS,Blue Medicare Enhanced (HMO-POS),2026,Max out-of-pocket,"$4,200",CMS,,,
H3449-024-002,BCBS,Blue Medicare Enhanced (HMO-POS),2026,PCP,$0,CMS,,,
H3449-024-002,BCBS,Blue Medicare Enhanced (HMO-POS),2026,Specialist,$20,CMS,,,
H3449-024-002,BCBS,Blue Medicare Enhanced (HMO-POS),2026,Telehealth,$0 - $20,CMS,,,
H3449-024-002,BCBS,Blue Medicare Enhanced (HMO-POS),2026,Chiropractic,$20,CMS,,,
H3449-024-002,BCBS,Blue Medicare Enhanced (HMO-POS),2026,Podiatry,$10,CMS,,,
H3449-024-002,BCBS,Blue Medicare Enhanced (HMO-POS),2026,Other professional,$10,CMS,,,
H3449-024-002,BCBS,Blue Medicare Enhanced (HMO-POS),2026,Inpatient hospital,$350 days 1-6 / $0 days 7-90,CMS,,,
H3449-024-002,BCBS,Blue Medicare Enhanced (HMO-POS),2026,Inpatient psychiatric,$350 days 1-5 / $0 days 6-90,CMS,,,
H3449-024-002,BCBS,Blue Medicare Enhanced (HMO-POS),2026,Skilled nursing facility,$0 days 1-20 / $218 days 21-100,CMS,,,
H3449-024-002,BCBS,Blue Medicare Enhanced (HMO-POS),2026,Home health,$60,CMS,,,
H3449-024-002,BCBS,Blue Medicare Enhanced (HMO-POS),2026,Hospice,$0,CMS,,,
H3449-024-002,BCBS,Blue Medicare Enhanced (HMO-POS),2026,Outpatient hospital,$0 - $25,CMS,,,
H3449-024-002,BCBS,Blue Medicare Enhanced (HMO-POS),2026,Outpatient surgery (ASC),$0 - $300,CMS,,,
H3449-024-002,BCBS,Blue Medicare Enhanced (HMO-POS),2026,Outpatient surgery (hospital),$0 - $60,CMS,,,
H3449-024-002,BCBS,Blue Medicare Enhanced (HMO-POS),2026,Observation services,$0 - $5,CMS,,,
H3449-024-002,BCBS,Blue Medicare Enhanced (HMO-POS),2026,Emergency room,$150,CMS,,,
H3449-024-002,BCBS,Blue Medicare Enhanced (HMO-POS),2026,Urgent care,$65,CMS,,,
H3449-024-002,BCBS,Blue Medicare Enhanced (HMO-POS),2026,Ambulance (ground),$0 - $335,CMS,,,
H3449-024-002,BCBS,Blue Medicare Enhanced (HMO-POS),2026,Ambulance (air),$335,CMS,,,
H3449-024-002,BCBS,Blue Medicare Enhanced (HMO-POS),2026,Transportation,$0 - $200,CMS,,,
H3449-024-002,BCBS,Blue Medicare Enhanced (HMO-POS),2026,Lab services,$250,CMS,,,
H3449-024-002,BCBS,Blue Medicare Enhanced (HMO-POS),2026,Diagnostic radiology,$250,CMS,,,
H3449-024-002,BCBS,Blue Medicare Enhanced (HMO-POS),2026,Renal dialysis,20%,CMS,,,
H3449-024-002,BCBS,Blue Medicare Enhanced (HMO-POS),2026,Durable medical equipment,20%,CMS,,,
H3449-024-002,BCBS,Blue Medicare Enhanced (HMO-POS),2026,Prosthetics,20%,CMS,,,
H3449-024-002,BCBS,Blue Medicare Enhanced (HMO-POS),2026,Diabetic supplies,0% - 20%,CMS,,,
H3449-024-002,BCBS,Blue Medicare Enhanced (HMO-POS),2026,Physical therapy,$0 - $20,CMS,,,
H3449-024-002,BCBS,Blue Medicare Enhanced (HMO-POS),2026,Occupational therapy,$10,CMS,,,
H3449-024-002,BCBS,Blue Medicare Enhanced (HMO-POS),2026,Cardiac rehab,$0,CMS,,,
H3449-024-002,BCBS,Blue Medicare Enhanced (HMO-POS),2026,Pulmonary rehab,$20,CMS,,,
H3449-024-002,BCBS,Blue Medicare Enhanced (HMO-POS),2026,Mental health (individual),$20,CMS,,,
H3449-024-002,BCBS,Blue Medicare Enhanced (HMO-POS),2026,Mental health (group),$20,CMS,,,
H3449-024-002,BCBS,Blue Medicare Enhanced (HMO-POS),2026,Substance abuse (individual),$20,CMS,,,
H3449-024-002,BCBS,Blue Medicare Enhanced (HMO-POS),2026,Partial hospitalization,$20,CMS,,,
H3449-024-002,BCBS,Blue Medicare Enhanced (HMO-POS),2026,Preventive services,$0,CMS,,,
H3449-024-002,BCBS,Blue Medicare Enhanced (HMO-POS),2026,Wellness programs,$0,CMS,,,
H3449-024-002,BCBS,Blue Medicare Enhanced (HMO-POS),2026,Rx deductible,"$100 (tiers 1,2,6 exempt)",CMS,,,
H3449-024-002,BCBS,Blue Medicare Enhanced (HMO-POS),2026,Dental - allowance,"$2,000 per year",CMS,,,
H3449-024-002,BCBS,Blue Medicare Enhanced (HMO-POS),2026,Dental - preventive,$20,CMS,,,
H3449-024-002,BCBS,Blue Medicare Enhanced (HMO-POS),2026,Dental - oral exam,$0 (2 per year),CMS,,,
H3449-024-002,BCBS,Blue Medicare Enhanced (HMO-POS),2026,Dental - cleaning,$0 (See detailed benefit description below.),CMS,,,
H3449-024-002,BCBS,Blue Medicare Enhanced (HMO-POS),2026,Dental - fluoride,$0 (2 per year),CMS,,,
H3449-024-002,BCBS,Blue Medicare Enhanced (HMO-POS),2026,Dental - restorative,$0 (See detailed benefit description below.),CMS,,,
H3449-024-002,BCBS,Blue Medicare Enhanced (HMO-POS),2026,Dental - endodontics,$0 (Endodontic Services are covered once per tooth per lifetime.),CMS,,,
H3449-024-002,BCBS,Blue Medicare Enhanced (HMO-POS),2026,Dental - periodontics,$0 (See detailed benefit description below.),CMS,,,
H3449-024-002,BCBS,Blue Medicare Enhanced (HMO-POS),2026,Dental - extractions,$0 (See detailed benefit description below.),CMS,,,
H3449-024-002,BCBS,Blue Medicare Enhanced (HMO-POS),2026,Dental - other comprehensive,$0 (See detailed benefit description below.),CMS,,,
H3449-024-002,BCBS,Blue Medicare Enhanced (HMO-POS),2026,Vision - routine eye exam,$0 (1 per year),CMS,,,
H3449-024-002,BCBS,Blue Medicare Enhanced (HMO-POS),2026,Vision - eyeglasses,$0,CMS,,,
H3449-024-002,BCBS,Blue Medicare Enhanced (HMO-POS),2026,Vision - contact lenses,$0,CMS,,,
H3449-024-002,BCBS,Blue Medicare Enhanced (HMO-POS),2026,Vision - eyewear (post-cataract),$0,CMS,,,
H3449-024-002,BCBS,Blue Medicare Enhanced (HMO-POS),2026,Hearing - routine exam,$0 (1 per year),CMS,,,
H3449-024-002,BCBS,Blue Medicare Enhanced (HMO-POS),2026,Hearing aids,$499 - $999 (2 per year),CMS,,,
H3449-024-002,BCBS,Blue Medicare Enhanced (HMO-POS),2026,OTC allowance,$41 per visit,CMS,,,
H3449-024-002,BCBS,Blue Medicare Enhanced (HMO-POS),2026,Meals,$0,CMS,,,
H3449-024-003,BCBS,Blue Medicare Enhanced (HMO-POS),2026,Premium,$47.00,CMS,,,
H3449-024-003,BCBS,Blue Medicare Enhanced (HMO-POS),2026,Max out-of-pocket,"$4,200",CMS,,,
H3449-024-003,BCBS,Blue Medicare Enhanced (HMO-POS),2026,PCP,$0,CMS,,,
H3449-024-003,BCBS,Blue Medicare Enhanced (HMO-POS),2026,Specialist,$20,CMS,,,
H3449-024-003,BCBS,Blue Medicare Enhanced (HMO-POS),2026,Telehealth,$0 - $20,CMS,,,
H3449-024-003,BCBS,Blue Medicare Enhanced (HMO-POS),2026,Chiropractic,$20,CMS,,,
H3449-024-003,BCBS,Blue Medicare Enhanced (HMO-POS),2026,Podiatry,$10,CMS,,,
H3449-024-003,BCBS,Blue Medicare Enhanced (HMO-POS),2026,Other professional,$10,CMS,,,
H3449-024-003,BCBS,Blue Medicare Enhanced (HMO-POS),2026,Inpatient hospital,$350 days 1-6 / $0 days 7-90,CMS,,,
H3449-024-003,BCBS,Blue Medicare Enhanced (HMO-POS),2026,Inpatient psychiatric,$350 days 1-5 / $0 days 6-90,CMS,,,
H3449-024-003,BCBS,Blue Medicare Enhanced (HMO-POS),2026,Skilled nursing facility,$0 days 1-20 / $218 days 21-100,CMS,,,
H3449-024-003,BCBS,Blue Medicare Enhanced (HMO-POS),2026,Home health,$60,CMS,,,
H3449-024-003,BCBS,Blue Medicare Enhanced (HMO-POS),2026,Hospice,$0,CMS,,,
H3449-024-003,BCBS,Blue Medicare Enhanced (HMO-POS),2026,Outpatient hospital,$0 - $25,CMS,,,
H3449-024-003,BCBS,Blue Medicare Enhanced (HMO-POS),2026,Outpatient surgery (ASC),$0 - $300,CMS,,,
H3449-024-003,BCBS,Blue Medicare Enhanced (HMO-POS),2026,Outpatient surgery (hospital),$0 - $60,CMS,,,
H3449-024-003,BCBS,Blue Medicare Enhanced (HMO-POS),2026,Observation services,$0 - $5,CMS,,,
H3449-024-003,BCBS,Blue Medicare Enhanced (HMO-POS),2026,Emergency room,$150,CMS,,,
H3449-024-003,BCBS,Blue Medicare Enhanced (HMO-POS),2026,Urgent care,$65,CMS,,,
H3449-024-003,BCBS,Blue Medicare Enhanced (HMO-POS),2026,Ambulance (ground),$0 - $335,CMS,,,
H3449-024-003,BCBS,Blue Medicare Enhanced (HMO-POS),2026,Ambulance (air),$335,CMS,,,
H3449-024-003,BCBS,Blue Medicare Enhanced (HMO-POS),2026,Transportation,$0 - $200,CMS,,,
H3449-024-003,BCBS,Blue Medicare Enhanced (HMO-POS),2026,Lab services,$250,CMS,,,
H3449-024-003,BCBS,Blue Medicare Enhanced (HMO-POS),2026,Diagnostic radiology,$250,CMS,,,
H3449-024-003,BCBS,Blue Medicare Enhanced (HMO-POS),2026,Renal dialysis,20%,CMS,,,
H3449-024-003,BCBS,Blue Medicare Enhanced (HMO-POS),2026,Durable medical equipment,20%,CMS,,,
H3449-024-003,BCBS,Blue Medicare Enhanced (HMO-POS),2026,Prosthetics,20%,CMS,,,
H3449-024-003,BCBS,Blue Medicare Enhanced (HMO-POS),2026,Diabetic supplies,0% - 20%,CMS,,,
H3449-024-003,BCBS,Blue Medicare Enhanced (HMO-POS),2026,Physical therapy,$0 - $20,CMS,,,
H3449-024-003,BCBS,Blue Medicare Enhanced (HMO-POS),2026,Occupational therapy,$10,CMS,,,
H3449-024-003,BCBS,Blue Medicare Enhanced (HMO-POS),2026,Cardiac rehab,$0,CMS,,,
H3449-024-003,BCBS,Blue Medicare Enhanced (HMO-POS),2026,Pulmonary rehab,$20,CMS,,,
H3449-024-003,BCBS,Blue Medicare Enhanced (HMO-POS),2026,Mental health (individual),$20,CMS,,,
H3449-024-003,BCBS,Blue Medicare Enhanced (HMO-POS),2026,Mental health (group),$20,CMS,,,
H3449-024-003,BCBS,Blue Medicare Enhanced (HMO-POS),2026,Substance abuse (individual),$20,CMS,,,
H3449-024-003,BCBS,Blue Medicare Enhanced (HMO-POS),2026,Partial hospitalization,$20,CMS,,,
H3449-024-003,BCBS,Blue Medicare Enhanced (HMO-POS),2026,Preventive services,$0,CMS,,,
H3449-024-003,BCBS,Blue Medicare Enhanced (HMO-POS),2026,Wellness programs,$0,CMS,,,
H3449-024-003,BCBS,Blue Medicare Enhanced (HMO-POS),2026,Rx deductible,"$100 (tiers 1,2,6 exempt)",CMS,,,
H3449-024-003,BCBS,Blue Medicare Enhanced (HMO-POS),2026,Dental - allowance,"$2,000 per year",CMS,,,
H3449-024-003,BCBS,Blue Medicare Enhanced (HMO-POS),2026,Dental - preventive,$20,CMS,,,
H3449-024-003,BCBS,Blue Medicare Enhanced (HMO-POS),2026,Dental - oral exam,$0 (2 per year),CMS,,,
H3449-024-003,BCBS,Blue Medicare Enhanced (HMO-POS),2026,Dental - cleaning,$0 (See detailed benefit description below.),CMS,,,
H3449-024-003,BCBS,Blue Medicare Enhanced (HMO-POS),2026,Dental - fluoride,$0 (2 per year),CMS,,,
H3449-024-003,BCBS,Blue Medicare Enhanced (HMO-POS),2026,Dental - restorative,$0 (See detailed benefit description below.),CMS,,,
H3449-024-003,BCBS,Blue Medicare Enhanced (HMO-POS),2026,Dental - endodontics,$0 (Endodontic Services are covered once per tooth per lifetime.),CMS,,,
H3449-024-003,BCBS,Blue Medicare Enhanced (HMO-POS),2026,Dental - periodontics,$0 (See detailed benefit description below.),CMS,,,
H3449-024-003,BCBS,Blue Medicare Enhanced (HMO-POS),2026,Dental - extractions,$0 (See detailed benefit description below.),CMS,,,
H3449-024-003,BCBS,Blue Medicare Enhanced (HMO-POS),2026,Dental - other comprehensive,$0 (See detailed benefit description below.),CMS,,,
H3449-024-003,BCBS,Blue Medicare Enhanced (HMO-POS),2026,Vision - routine eye exam,$0 (1 per year),CMS,,,
H3449-024-003,BCBS,Blue Medicare Enhanced (HMO-POS),2026,Vision - eyeglasses,$0,CMS,,,
H3449-024-003,BCBS,Blue Medicare Enhanced (HMO-POS),2026,Vision - contact lenses,$0,CMS,,,
H3449-024-003,BCBS,Blue Medicare Enhanced (HMO-POS),2026,Vision - eyewear (post-cataract),$0,CMS,,,
H3449-024-003,BCBS,Blue Medicare Enhanced (HMO-POS),2026,Hearing - routine exam,$0 (1 per year),CMS,,,
H3449-024-003,BCBS,Blue Medicare Enhanced (HMO-POS),2026,Hearing aids,$499 - $999 (2 per year),CMS,,,
H3449-024-003,BCBS,Blue Medicare Enhanced (HMO-POS),2026,OTC allowance,$20 per visit,CMS,,,
H3449-024-003,BCBS,Blue Medicare Enhanced (HMO-POS),2026,Meals,$0,CMS,,,
H3449-027-001,BCBS,Blue Medicare Essential (HMO),2026,Premium,$0.00,CMS,,,
H3449-027-001,BCBS,Blue Medicare Essential (HMO),2026,Max out-of-pocket,"$9,250",CMS,,,
H3449-027-001,BCBS,Blue Medicare Essential (HMO),2026,PCP,$5,CMS,,,
H3449-027-001,BCBS,Blue Medicare Essential (HMO),2026,Specialist,$45,CMS,,,
H3449-027-001,BCBS,Blue Medicare Essential (HMO),2026,Telehealth,$0 - $45,CMS,,,
H3449-027-001,BCBS,Blue Medicare Essential (HMO),2026,Chiropractic,$15,CMS,,,
H3449-027-001,BCBS,Blue Medicare Essential (HMO),2026,Podiatry,$25,CMS,,,
H3449-027-001,BCBS,Blue Medicare Essential (HMO),2026,Other professional,$10,CMS,,,
H3449-027-001,BCBS,Blue Medicare Essential (HMO),2026,Inpatient hospital,$407 days 1-6 / $0 days 7-90,CMS,,,
H3449-027-001,BCBS,Blue Medicare Essential (HMO),2026,Inpatient psychiatric,$407 days 1-5 / $0 days 6-90,CMS,,,
H3449-027-001,BCBS,Blue Medicare Essential (HMO),2026,Skilled nursing facility,$0 days 1-20 / $218 days 21-100,CMS,,,
H3449-027-001,BCBS,Blue Medicare Essential (HMO),2026,Home health,$40,CMS,,,
H3449-027-001,BCBS,Blue Medicare Essential (HMO),2026,Hospice,$0,CMS,,,
H3449-027-001,BCBS,Blue Medicare Essential (HMO),2026,Outpatient hospital,$0 - $25,CMS,,,
H3449-027-001,BCBS,Blue Medicare Essential (HMO),2026,Outpatient surgery (ASC),$0 - $300,CMS,,,
H3449-027-001,BCBS,Blue Medicare Essential (HMO),2026,Outpatient surgery (hospital),$0 - $60,CMS,,,
H3449-027-001,BCBS,Blue Medicare Essential (HMO),2026,Observation services,$0 - $5,CMS,,,
H3449-027-001,BCBS,Blue Medicare Essential (HMO),2026,Emergency room,$115,CMS,,,
H3449-027-001,BCBS,Blue Medicare Essential (HMO),2026,Urgent care,$40,CMS,,,
H3449-027-001,BCBS,Blue Medicare Essential (HMO),2026,Ambulance (ground),$0 - $335,CMS,,,
H3449-027-001,BCBS,Blue Medicare Essential (HMO),2026,Ambulance (air),$335,CMS,,,
H3449-027-001,BCBS,Blue Medicare Essential (HMO),2026,Transportation,$0 - $300,CMS,,,
H3449-027-001,BCBS,Blue Medicare Essential (HMO),2026,Lab services,$275,CMS,,,
H3449-027-001,BCBS,Blue Medicare Essential (HMO),2026,Diagnostic radiology,$275,CMS,,,
H3449-027-001,BCBS,Blue Medicare Essential (HMO),2026,Renal dialysis,20%,CMS,,,
H3449-027-001,BCBS,Blue Medicare Essential (HMO),2026,Durable medical equipment,20%,CMS,,,
H3449-027-001,BCBS,Blue Medicare Essential (HMO),2026,Prosthetics,20%,CMS,,,
H3449-027-001,BCBS,Blue Medicare Essential (HMO),2026,Diabetic supplies,0% - 20%,CMS,,,
H3449-027-001,BCBS,Blue Medicare Essential (HMO),2026,Physical therapy,$5 - $45,CMS,,,
H3449-027-001,BCBS,Blue Medicare Essential (HMO),2026,Occupational therapy,$25,CMS,,,
H3449-027-001,BCBS,Blue Medicare Essential (HMO),2026,Cardiac rehab,$0,CMS,,,
H3449-027-001,BCBS,Blue Medicare Essential (HMO),2026,Pulmonary rehab,$15,CMS,,,
H3449-027-001,BCBS,Blue Medicare Essential (HMO),2026,Mental health (individual),$40,CMS,,,
H3449-027-001,BCBS,Blue Medicare Essential (HMO),2026,Mental health (group),$40,CMS,,,
H3449-027-001,BCBS,Blue Medicare Essential (HMO),2026,Substance abuse (individual),$40,CMS,,,
H3449-027-001,BCBS,Blue Medicare Essential (HMO),2026,Partial hospitalization,$40,CMS,,,
H3449-027-001,BCBS,Blue Medicare Essential (HMO),2026,Preventive services,$0,CMS,,,
H3449-027-001,BCBS,Blue Medicare Essential (HMO),2026,Wellness programs,$0,CMS,,,
H3449-027-001,BCBS,Blue Medicare Essential (HMO),2026,Rx deductible,"$615 (tiers 1,2,6 exempt)",CMS,,,
H3449-027-001,BCBS,Blue Medicare Essential (HMO),2026,Dental - preventive,$45,CMS,,,
H3449-027-001,BCBS,Blue Medicare Essential (HMO),2026,Dental - oral exam,$0 (2 per year),CMS,,,
H3449-027-001,BCBS,Blue Medicare Essential (HMO),2026,Dental - cleaning,$0 (2 per year),CMS,,,
H3449-027-001,BCBS,Blue Medicare Essential (HMO),2026,Dental - fluoride,$0 (2 per year),CMS,,,
H3449-027-001,BCBS,Blue Medicare Essential (HMO),2026,Dental - periodontics,$0 (2 per year),CMS,,,
H3449-027-001,BCBS,Blue Medicare Essential (HMO),2026,Vision - routine eye exam,$0 (1 per year),CMS,,,
H3449-027-001,BCBS,Blue Medicare Essential (HMO),2026,Vision - eyeglasses,$0,CMS,,,
H3449-027-001,BCBS,Blue Medicare Essential (HMO),2026,Vision - contact lenses,$0,CMS,,,
H3449-027-001,BCBS,Blue Medicare Essential (HMO),2026,Vision - eyewear (post-cataract),$0,CMS,,,
H3449-027-001,BCBS,Blue Medicare Essential (HMO),2026,Hearing - routine exam,$0 (1 per year),CMS,,,
H3449-027-001,BCBS,Blue Medicare Essential (HMO),2026,Hearing aids,$499 - $999 (2 per year),CMS,,,
H3449-027-001,BCBS,Blue Medicare Essential (HMO),2026,OTC allowance,$0,CMS,,,
H3449-027-001,BCBS,Blue Medicare Essential (HMO),2026,Meals,$0,CMS,,,
H3449-027-002,BCBS,Blue Medicare Essential (HMO),2026,Premium,$0.00,CMS,,,
H3449-027-002,BCBS,Blue Medicare Essential (HMO),2026,Max out-of-pocket,"$9,250",CMS,,,
H3449-027-002,BCBS,Blue Medicare Essential (HMO),2026,PCP,$10,CMS,,,
H3449-027-002,BCBS,Blue Medicare Essential (HMO),2026,Specialist,$45,CMS,,,
H3449-027-002,BCBS,Blue Medicare Essential (HMO),2026,Telehealth,$0 - $45,CMS,,,
H3449-027-002,BCBS,Blue Medicare Essential (HMO),2026,Chiropractic,$15,CMS,,,
H3449-027-002,BCBS,Blue Medicare Essential (HMO),2026,Podiatry,$25,CMS,,,
H3449-027-002,BCBS,Blue Medicare Essential (HMO),2026,Other professional,$10,CMS,,,
H3449-027-002,BCBS,Blue Medicare Essential (HMO),2026,Inpatient hospital,$407 days 1-6 / $0 days 7-90,CMS,,,
H3449-027-002,BCBS,Blue Medicare Essential (HMO),2026,Inpatient psychiatric,$407 days 1-5 / $0 days 6-90,CMS,,,
H3449-027-002,BCBS,Blue Medicare Essential (HMO),2026,Skilled nursing facility,$0 days 1-20 / $218 days 21-100,CMS,,,
H3449-027-002,BCBS,Blue Medicare Essential (HMO),2026,Home health,$40,CMS,,,
H3449-027-002,BCBS,Blue Medicare Essential (HMO),2026,Hospice,$0,CMS,,,
H3449-027-002,BCBS,Blue Medicare Essential (HMO),2026,Outpatient hospital,$0 - $25,CMS,,,
H3449-027-002,BCBS,Blue Medicare Essential (HMO),2026,Outpatient surgery (ASC),$0 - $300,CMS,,,
H3449-027-002,BCBS,Blue Medicare Essential (HMO),2026,Outpatient surgery (hospital),$0 - $60,CMS,,,
H3449-027-002,BCBS,Blue Medicare Essential (HMO),2026,Observation services,$0 - $5,CMS,,,
H3449-027-002,BCBS,Blue Medicare Essential (HMO),2026,Emergency room,$115,CMS,,,
H3449-027-002,BCBS,Blue Medicare Essential (HMO),2026,Urgent care,$40,CMS,,,
H3449-027-002,BCBS,Blue Medicare Essential (HMO),2026,Ambulance (ground),$0 - $335,CMS,,,
H3449-027-002,BCBS,Blue Medicare Essential (HMO),2026,Ambulance (air),$335,CMS,,,
H3449-027-002,BCBS,Blue Medicare Essential (HMO),2026,Transportation,$0 - $300,CMS,,,
H3449-027-002,BCBS,Blue Medicare Essential (HMO),2026,Lab services,$275,CMS,,,
H3449-027-002,BCBS,Blue Medicare Essential (HMO),2026,Diagnostic radiology,$275,CMS,,,
H3449-027-002,BCBS,Blue Medicare Essential (HMO),2026,Renal dialysis,20%,CMS,,,
H3449-027-002,BCBS,Blue Medicare Essential (HMO),2026,Durable medical equipment,20%,CMS,,,
H3449-027-002,BCBS,Blue Medicare Essential (HMO),2026,Prosthetics,20%,CMS,,,
H3449-027-002,BCBS,Blue Medicare Essential (HMO),2026,Diabetic supplies,0% - 20%,CMS,,,
H3449-027-002,BCBS,Blue Medicare Essential (HMO),2026,Physical therapy,$10 - $45,CMS,,,
H3449-027-002,BCBS,Blue Medicare Essential (HMO),2026,Occupational therapy,$25,CMS,,,
H3449-027-002,BCBS,Blue Medicare Essential (HMO),2026,Cardiac rehab,$0,CMS,,,
H3449-027-002,BCBS,Blue Medicare Essential (HMO),2026,Pulmonary rehab,$15,CMS,,,
H3449-027-002,BCBS,Blue Medicare Essential (HMO),2026,Mental health (individual),$40,CMS,,,
H3449-027-002,BCBS,Blue Medicare Essential (HMO),2026,Mental health (group),$40,CMS,,,
H3449-027-002,BCBS,Blue Medicare Essential (HMO),2026,Substance abuse (individual),$40,CMS,,,
H3449-027-002,BCBS,Blue Medicare Essential (HMO),2026,Partial hospitalization,$40,CMS,,,
H3449-027-002,BCBS,Blue Medicare Essential (HMO),2026,Preventive services,$0,CMS,,,
H3449-027-002,BCBS,Blue Medicare Essential (HMO),2026,Wellness programs,$0,CMS,,,
H3449-027-002,BCBS,Blue Medicare Essential (HMO),2026,Rx deductible,"$615 (tiers 1,2,6 exempt)",CMS,,,
H3449-027-002,BCBS,Blue Medicare Essential (HMO),2026,Dental - preventive,$45,CMS,,,
H3449-027-002,BCBS,Blue Medicare Essential (HMO),2026,Dental - oral exam,$0 (2 per year),CMS,,,
H3449-027-002,BCBS,Blue Medicare Essential (HMO),2026,Dental - cleaning,$0 (2 per year),CMS,,,
H3449-027-002,BCBS,Blue Medicare Essential (HMO),2026,Dental - fluoride,$0 (2 per year),CMS,,,
H3449-027-002,BCBS,Blue Medicare Essential (HMO),2026,Dental - periodontics,$0 (2 per year),CMS,,,
H3449-027-002,BCBS,Blue Medicare Essential (HMO),2026,Vision - routine eye exam,$0 (1 per year),CMS,,,
H3449-027-002,BCBS,Blue Medicare Essential (HMO),2026,Vision - eyeglasses,$0,CMS,,,
H3449-027-002,BCBS,Blue Medicare Essential (HMO),2026,Vision - contact lenses,$0,CMS,,,
H3449-027-002,BCBS,Blue Medicare Essential (HMO),2026,Vision - eyewear (post-cataract),$0,CMS,,,
H3449-027-002,BCBS,Blue Medicare Essential (HMO),2026,Hearing - routine exam,$0 (1 per year),CMS,,,
H3449-027-002,BCBS,Blue Medicare Essential (HMO),2026,Hearing aids,$499 - $999 (2 per year),CMS,,,
H3449-027-002,BCBS,Blue Medicare Essential (HMO),2026,OTC allowance,$0,CMS,,,
H3449-027-002,BCBS,Blue Medicare Essential (HMO),2026,Meals,$0,CMS,,,
H9147-001,BCBS,Blue Medicare Dual (HMO-POS D-SNP),2026,Premium,$18.70,CMS,,,
H9147-001,BCBS,Blue Medicare Dual (HMO-POS D-SNP),2026,Max out-of-pocket,"$9,250",CMS,,,
H9147-001,BCBS,Blue Medicare Dual (HMO-POS D-SNP),2026,PCP,20%,CMS,,,
H9147-001,BCBS,Blue Medicare Dual (HMO-POS D-SNP),2026,Specialist,20%,CMS,,,
H9147-001,BCBS,Blue Medicare Dual (HMO-POS D-SNP),2026,Telehealth,20%,CMS,,,
H9147-001,BCBS,Blue Medicare Dual (HMO-POS D-SNP),2026,Chiropractic,20%,CMS,,,
H9147-001,BCBS,Blue Medicare Dual (HMO-POS D-SNP),2026,Podiatry,20%,CMS,,,
H9147-001,BCBS,Blue Medicare Dual (HMO-POS D-SNP),2026,Other professional,20%,CMS,,,
H9147-001,BCBS,Blue Medicare Dual (HMO-POS D-SNP),2026,Home health,20%,CMS,,,
H9147-001,BCBS,Blue Medicare Dual (HMO-POS D-SNP),2026,Hospice,$0,CMS,,,
H9147-001,BCBS,Blue Medicare Dual (HMO-POS D-SNP),2026,Outpatient hospital,20%,CMS,,,
H9147-001,BCBS,Blue Medicare Dual (HMO-POS D-SNP),2026,Outpatient surgery (ASC),20%,CMS,,,
H9147-001,BCBS,Blue Medicare Dual (HMO-POS D-SNP),2026,Outpatient surgery (hospital),20%,CMS,,,
H9147-001,BCBS,Blue Medicare Dual (HMO-POS D-SNP),2026,Observation services,20%,CMS,,,
H9147-001,BCBS,Blue Medicare Dual (HMO-POS D-SNP),2026,Emergency room,$115,CMS,,,
H9147-001,BCBS,Blue Medicare Dual (HMO-POS D-SNP),2026,Urgent care,$40,CMS,,,
H9147-001,BCBS,Blue Medicare Dual (HMO-POS D-SNP),2026,Ambulance (ground),20%,CMS,,,
H9147-001,BCBS,Blue Medicare Dual (HMO-POS D-SNP),2026,Ambulance (air),20%,CMS,,,
H9147-001,BCBS,Blue Medicare Dual (HMO-POS D-SNP),2026,Transportation,20%,CMS,,,
H9147-001,BCBS,Blue Medicare Dual (HMO-POS D-SNP),2026,Lab services,20%,CMS,,,
H9147-001,BCBS,Blue Medicare Dual (HMO-POS D-SNP),2026,Diagnostic radiology,20%,CMS,,,
H9147-001,BCBS,Blue Medicare Dual (HMO-POS D-SNP),2026,Renal dialysis,20%,CMS,,,
H9147-001,BCBS,Blue Medicare Dual (HMO-POS D-SNP),2026,Durable medical equipment,20%,CMS,,,
H9147-001,BCBS,Blue Medicare Dual (HMO-POS D-SNP),2026,Prosthetics,20%,CMS,,,
H9147-001,BCBS,Blue Medicare Dual (HMO-POS D-SNP),2026,Diabetic supplies,20%,CMS,,,
H9147-001,BCBS,Blue Medicare Dual (HMO-POS D-SNP),2026,Physical therapy,20%,CMS,,,
H9147-001,BCBS,Blue Medicare Dual (HMO-POS D-SNP),2026,Occupational therapy,20%,CMS,,,
H9147-001,BCBS,Blue Medicare Dual (HMO-POS D-SNP),2026,Cardiac rehab,$30,CMS,,,
H9147-001,BCBS,Blue Medicare Dual (HMO-POS D-SNP),2026,Pulmonary rehab,$25,CMS,,,
H9147-001,BCBS,Blue Medicare Dual (HMO-POS D-SNP),2026,Mental health (individual),20%,CMS,,,
H9147-001,BCBS,Blue Medicare Dual (HMO-POS D-SNP),2026,Mental health (group),20%,CMS,,,
H9147-001,BCBS,Blue Medicare Dual (HMO-POS D-SNP),2026,Substance abuse (individual),20%,CMS,,,
H9147-001,BCBS,Blue Medicare Dual (HMO-POS D-SNP),2026,Partial hospitalization,20%,CMS,,,
H9147-001,BCBS,Blue Medicare Dual (HMO-POS D-SNP),2026,Preventive services,$0,CMS,,,
H9147-001,BCBS,Blue Medicare Dual (HMO-POS D-SNP),2026,Wellness programs,$0,CMS,,,
H9147-001,BCBS,Blue Medicare Dual (HMO-POS D-SNP),2026,Rx deductible,"$615 (tiers 1,2,6 exempt)",CMS,,,
H9147-001,BCBS,Blue Medicare Dual (HMO-POS D-SNP),2026,Dental - allowance,"$3,000 per year",CMS,,,
H9147-001,BCBS,Blue Medicare Dual (HMO-POS D-SNP),2026,Dental - preventive,20%,CMS,,,
H9147-001,BCBS,Blue Medicare Dual (HMO-POS D-SNP),2026,Dental - oral exam,$0 (2 per year),CMS,,,
H9147-001,BCBS,Blue Medicare Dual (HMO-POS D-SNP),2026,Dental - cleaning,$0 (See detailed benefit description below.),CMS,,,
H9147-001,BCBS,Blue Medicare Dual (HMO-POS D-SNP),2026,Dental - fluoride,$0 (2 per year),CMS,,,
H9147-001,BCBS,Blue Medicare Dual (HMO-POS D-SNP),2026,Dental - restorative,$0 (See detailed benefit description below.),CMS,,,
H9147-001,BCBS,Blue Medicare Dual (HMO-POS D-SNP),2026,Dental - endodontics,$0 (Endodontic Services are covered once per tooth per lifetime.),CMS,,,
H9147-001,BCBS,Blue Medicare Dual (HMO-POS D-SNP),2026,Dental - periodontics,$0 (See detailed benefit description below.),CMS,,,
H9147-001,BCBS,Blue Medicare Dual (HMO-POS D-SNP),2026,Dental - extractions,$0 (See detailed benefit description below.),CMS,,,
H9147-001,BCBS,Blue Medicare Dual (HMO-POS D-SNP),2026,Dental - other comprehensive,$0 (See detailed benefit description below.),CMS,,,
H9147-001,BCBS,Blue Medicare Dual (HMO-POS D-SNP),2026,Vision - routine eye exam,$0 (1 per year),CMS,,,
H9147-001,BCBS,Blue Medicare Dual (HMO-POS D-SNP),2026,Vision - eyeglasses,$0,CMS,,,
H9147-001,BCBS,Blue Medicare Dual (HMO-POS D-SNP),2026,Vision - contact lenses,$0,CMS,,,
H9147-001,BCBS,Blue Medicare Dual (HMO-POS D-SNP),2026,Vision - eyewear (post-cataract),$0,CMS,,,
H9147-001,BCBS,Blue Medicare Dual (HMO-POS D-SNP),2026,Hearing - routine exam,$0 (1 per year),CMS,,,
H9147-001,BCBS,Blue Medicare Dual (HMO-POS D-SNP),2026,Hearing aids,$0 (2 per month),CMS,,,
H9147-001,BCBS,Blue Medicare Dual (HMO-POS D-SNP),2026,OTC allowance,$250 per lifetime,CMS,,,
H9147-001,BCBS,Blue Medicare Dual (HMO-POS D-SNP),2026,Meals,$0,CMS,,,
S5540-002-000,BCBS,Blue Medicare Rx Standard (PDP),2026,Premium,$83.90,CMS,,,
S5540-002-000,BCBS,Blue Medicare Rx Standard (PDP),2026,Benefit type,Basic Alternative,CMS,,,
S5540-002-000,BCBS,Blue Medicare Rx Standard (PDP),2026,Number of tiers,5,CMS,,,
S5540-002-000,BCBS,Blue Medicare Rx Standard (PDP),2026,Rx deductible,$615 (tiers 1 exempt),CMS,,,
S5540-002-000,BCBS,Blue Medicare Rx Standard (PDP),2026,Insulin tiers,"1,2,3,4",CMS,,,
S5540-002-000,BCBS,Blue Medicare Rx Standard (PDP),2026,Tier 1 (preferred generic) — Long-term care,$15,CMS,,,
S5540-002-000,BCBS,Blue Medicare Rx Standard (PDP),2026,Tier 1 (preferred generic) — Mail 30-day,$15,CMS,,,
S5540-002-000,BCBS,Blue Medicare Rx Standard (PDP),2026,Tier 1 (preferred generic) — Mail 30-day (preferred),$5,CMS,,,
S5540-002-000,BCBS,Blue Medicare Rx Standard (PDP),2026,Tier 1 (preferred generic) — Mail 90-day,$45,CMS,,,
S5540-002-000,BCBS,Blue Medicare Rx Standard (PDP),2026,Tier 1 (preferred generic) — Mail 90-day (preferred),$15,CMS,,,
S5540-002-000,BCBS,Blue Medicare Rx Standard (PDP),2026,Tier 1 (preferred generic) — Out of network,$15,CMS,,,
S5540-002-000,BCBS,Blue Medicare Rx Standard (PDP),2026,Tier 1 (preferred generic) — Retail 30-day (standard),$15,CMS,,,
S5540-002-000,BCBS,Blue Medicare Rx Standard (PDP),2026,Tier 1 (preferred generic) — Retail 90-day (standard),$45,CMS,,,
S5540-002-000,BCBS,Blue Medicare Rx Standard (PDP),2026,Tier 2 (generic) — Long-term care,$20,CMS,,,
S5540-002-000,BCBS,Blue Medicare Rx Standard (PDP),2026,Tier 2 (generic) — Mail 30-day,$20,CMS,,,
S5540-002-000,BCBS,Blue Medicare Rx Standard (PDP),2026,Tier 2 (generic) — Mail 30-day (preferred),$10,CMS,,,
S5540-002-000,BCBS,Blue Medicare Rx Standard (PDP),2026,Tier 2 (generic) — Mail 90-day,$60,CMS,,,
S5540-002-000,BCBS,Blue Medicare Rx Standard (PDP),2026,Tier 2 (generic) — Mail 90-day (preferred),$30,CMS,,,
S5540-002-000,BCBS,Blue Medicare Rx Standard (PDP),2026,Tier 2 (generic) — Out of network,$20,CMS,,,
S5540-002-000,BCBS,Blue Medicare Rx Standard (PDP),2026,Tier 2 (generic) — Retail 30-day (standard),$20,CMS,,,
S5540-002-000,BCBS,Blue Medicare Rx Standard (PDP),2026,Tier 2 (generic) — Retail 90-day (standard),$60,CMS,,,
S5540-002-000,BCBS,Blue Medicare Rx Standard (PDP),2026,Tier 3 (preferred brand) — Long-term care,20%,CMS,,,
S5540-002-000,BCBS,Blue Medicare Rx Standard (PDP),2026,Tier 3 (preferred brand) — Mail 30-day,20%,CMS,,,
S5540-002-000,BCBS,Blue Medicare Rx Standard (PDP),2026,Tier 3 (preferred brand) — Mail 30-day (preferred),20%,CMS,,,
S5540-002-000,BCBS,Blue Medicare Rx Standard (PDP),2026,Tier 3 (preferred brand) — Mail 90-day,20%,CMS,,,
S5540-002-000,BCBS,Blue Medicare Rx Standard (PDP),2026,Tier 3 (preferred brand) — Mail 90-day (preferred),20%,CMS,,,
S5540-002-000,BCBS,Blue Medicare Rx Standard (PDP),2026,Tier 3 (preferred brand) — Out of network,20%,CMS,,,
S5540-002-000,BCBS,Blue Medicare Rx Standard (PDP),2026,Tier 3 (preferred brand) — Retail 30-day (standard),20%,CMS,,,
S5540-002-000,BCBS,Blue Medicare Rx Standard (PDP),2026,Tier 3 (preferred brand) — Retail 90-day (standard),20%,CMS,,,
S5540-002-000,BCBS,Blue Medicare Rx Standard (PDP),2026,Tier 4 (non-preferred) — Long-term care,32%,CMS,,,
S5540-002-000,BCBS,Blue Medicare Rx Standard (PDP),2026,Tier 4 (non-preferred) — Mail 30-day,32%,CMS,,,
S5540-002-000,BCBS,Blue Medicare Rx Standard (PDP),2026,Tier 4 (non-preferred) — Mail 30-day (preferred),32%,CMS,,,
S5540-002-000,BCBS,Blue Medicare Rx Standard (PDP),2026,Tier 4 (non-preferred) — Mail 90-day,32%,CMS,,,
S5540-002-000,BCBS,Blue Medicare Rx Standard (PDP),2026,Tier 4 (non-preferred) — Mail 90-day (preferred),32%,CMS,,,
S5540-002-000,BCBS,Blue Medicare Rx Standard (PDP),2026,Tier 4 (non-preferred) — Out of network,32%,CMS,,,
S5540-002-000,BCBS,Blue Medicare Rx Standard (PDP),2026,Tier 4 (non-preferred) — Retail 30-day (standard),32%,CMS,,,
S5540-002-000,BCBS,Blue Medicare Rx Standard (PDP),2026,Tier 4 (non-preferred) — Retail 90-day (standard),32%,CMS,,,
S5540-002-000,BCBS,Blue Medicare Rx Standard (PDP),2026,Tier 5 (specialty) — Long-term care,25%,CMS,,,
S5540-002-000,BCBS,Blue Medicare Rx Standard (PDP),2026,Tier 5 (specialty) — Mail 30-day,25%,CMS,,,
S5540-002-000,BCBS,Blue Medicare Rx Standard (PDP),2026,Tier 5 (specialty) — Mail 30-day (preferred),25%,CMS,,,
S5540-002-000,BCBS,Blue Medicare Rx Standard (PDP),2026,Tier 5 (specialty) — Out of network,25%,CMS,,,
S5540-002-000,BCBS,Blue Medicare Rx Standard (PDP),2026,Tier 5 (specialty) — Retail 30-day (standard),25%,CMS,,,
S5540-004-000,BCBS,Blue Medicare Rx Enhanced (PDP),2026,Premium,$163.20,CMS,,,
S5540-004-000,BCBS,Blue Medicare Rx Enhanced (PDP),2026,Benefit type,Enhanced Alternative,CMS,,,
S5540-004-000,BCBS,Blue Medicare Rx Enhanced (PDP),2026,Number of tiers,5,CMS,,,
S5540-004-000,BCBS,Blue Medicare Rx Enhanced (PDP),2026,Rx deductible,$0,CMS,,,
S5540-004-000,BCBS,Blue Medicare Rx Enhanced (PDP),2026,Insulin tiers,"1,2,3,4",CMS,,,
S5540-004-000,BCBS,Blue Medicare Rx Enhanced (PDP),2026,Tier 1 (preferred generic) — Long-term care,$15,CMS,,,
S5540-004-000,BCBS,Blue Medicare Rx Enhanced (PDP),2026,Tier 1 (preferred generic) — Mail 30-day,$15,CMS,,,
S5540-004-000,BCBS,Blue Medicare Rx Enhanced (PDP),2026,Tier 1 (preferred generic) — Mail 30-day (preferred),$3,CMS,,,
S5540-004-000,BCBS,Blue Medicare Rx Enhanced (PDP),2026,Tier 1 (preferred generic) — Mail 90-day,$45,CMS,,,
S5540-004-000,BCBS,Blue Medicare Rx Enhanced (PDP),2026,Tier 1 (preferred generic) — Mail 90-day (preferred),$9,CMS,,,
S5540-004-000,BCBS,Blue Medicare Rx Enhanced (PDP),2026,Tier 1 (preferred generic) — Out of network,$15,CMS,,,
S5540-004-000,BCBS,Blue Medicare Rx Enhanced (PDP),2026,Tier 1 (preferred generic) — Retail 30-day (standard),$15,CMS,,,
S5540-004-000,BCBS,Blue Medicare Rx Enhanced (PDP),2026,Tier 1 (preferred generic) — Retail 90-day (standard),$45,CMS,,,
S5540-004-000,BCBS,Blue Medicare Rx Enhanced (PDP),2026,Tier 2 (generic) — Long-term care,$20,CMS,,,
S5540-004-000,BCBS,Blue Medicare Rx Enhanced (PDP),2026,Tier 2 (generic) — Mail 30-day,$20,CMS,,,
S5540-004-000,BCBS,Blue Medicare Rx Enhanced (PDP),2026,Tier 2 (generic) — Mail 30-day (preferred),$6,CMS,,,
S5540-004-000,BCBS,Blue Medicare Rx Enhanced (PDP),2026,Tier 2 (generic) — Mail 90-day,$60,CMS,,,
S5540-004-000,BCBS,Blue Medicare Rx Enhanced (PDP),2026,Tier 2 (generic) — Mail 90-day (preferred),$18,CMS,,,
S5540-004-000,BCBS,Blue Medicare Rx Enhanced (PDP),2026,Tier 2 (generic) — Out of network,$20,CMS,,,
S5540-004-000,BCBS,Blue Medicare Rx Enhanced (PDP),2026,Tier 2 (generic) — Retail 30-day (standard),$20,CMS,,,
S5540-004-000,BCBS,Blue Medicare Rx Enhanced (PDP),2026,Tier 2 (generic) — Retail 90-day (standard),$60,CMS,,,
S5540-004-000,BCBS,Blue Medicare Rx Enhanced (PDP),2026,Tier 3 (preferred brand) — Long-term care,$47,CMS,,,
S5540-004-000,BCBS,Blue Medicare Rx Enhanced (PDP),2026,Tier 3 (preferred brand) — Mail 30-day,$47,CMS,,,
S5540-004-000,BCBS,Blue Medicare Rx Enhanced (PDP),2026,Tier 3 (preferred brand) — Mail 30-day (preferred),$45,CMS,,,
S5540-004-000,BCBS,Blue Medicare Rx Enhanced (PDP),2026,Tier 3 (preferred brand) — Mail 90-day,$141,CMS,,,
S5540-004-000,BCBS,Blue Medicare Rx Enhanced (PDP),2026,Tier 3 (preferred brand) — Mail 90-day (preferred),$135,CMS,,,
S5540-004-000,BCBS,Blue Medicare Rx Enhanced (PDP),2026,Tier 3 (preferred brand) — Out of network,$47,CMS,,,
S5540-004-000,BCBS,Blue Medicare Rx Enhanced (PDP),2026,Tier 3 (preferred brand) — Retail 30-day (standard),$47,CMS,,,
S5540-004-000,BCBS,Blue Medicare Rx Enhanced (PDP),2026,Tier 3 (preferred brand) — Retail 90-day (standard),$141,CMS,,,
S5540-004-000,BCBS,Blue Medicare Rx Enhanced (PDP),2026,Tier 4 (non-preferred) — Long-term care,40%,CMS,,,
S5540-004-000,BCBS,Blue Medicare Rx Enhanced (PDP),2026,Tier 4 (non-preferred) — Mail 30-day,40%,CMS,,,
S5540-004-000,BCBS,Blue Medicare Rx Enhanced (PDP),2026,Tier 4 (non-preferred) — Mail 30-day (preferred),40%,CMS,,,
S5540-004-000,BCBS,Blue Medicare Rx Enhanced (PDP),2026,Tier 4 (non-preferred) — Mail 90-day,40%,CMS,,,
S5540-004-000,BCBS,Blue Medicare Rx Enhanced (PDP),2026,Tier 4 (non-preferred) — Mail 90-day (preferred),40%,CMS,,,
S5540-004-000,BCBS,Blue Medicare Rx Enhanced (PDP),2026,Tier 4 (non-preferred) — Out of network,40%,CMS,,,
S5540-004-000,BCBS,Blue Medicare Rx Enhanced (PDP),2026,Tier 4 (non-preferred) — Retail 30-day (standard),40%,CMS,,,
S5540-004-000,BCBS,Blue Medicare Rx Enhanced (PDP),2026,Tier 4 (non-preferred) — Retail 90-day (standard),40%,CMS,,,
S5540-004-000,BCBS,Blue Medicare Rx Enhanced (PDP),2026,Tier 5 (specialty) — Long-term care,33%,CMS,,,
S5540-004-000,BCBS,Blue Medicare Rx Enhanced (PDP),2026,Tier 5 (specialty) — Mail 30-day,33%,CMS,,,
S5540-004-000,BCBS,Blue Medicare Rx Enhanced (PDP),2026,Tier 5 (specialty) — Mail 30-day (preferred),33%,CMS,,,
S5540-004-000,BCBS,Blue Medicare Rx Enhanced (PDP),2026,Tier 5 (specialty) — Out of network,33%,CMS,,,
S5540-004-000,BCBS,Blue Medicare Rx Enhanced (PDP),2026,Tier 5 (specialty) — Retail 30-day (standard),33%,CMS,,,
H5299-001-000,Devoted,DEVOTED CORE 001 NC (HMO),2026,Premium,$0.00,CMS,,,
H5299-001-000,Devoted,DEVOTED CORE 001 NC (HMO),2027,Premium,$0.00,FL,,,
H5299-001-000,Devoted,DEVOTED CORE 001 NC (HMO),2027,Medical deductible,$0,FL,,,
H5299-001-000,Devoted,DEVOTED CORE 001 NC (HMO),2026,Max out-of-pocket,"$3,600",CMS,,,
H5299-001-000,Devoted,DEVOTED CORE 001 NC (HMO),2027,Max out-of-pocket,"$4,050",FL,,,
H5299-001-000,Devoted,DEVOTED CORE 001 NC (HMO),2027,PCP,$0 copay,FL,,,
H5299-001-000,Devoted,DEVOTED CORE 001 NC (HMO),2026,Specialist,$25,CMS,,,
H5299-001-000,Devoted,DEVOTED CORE 001 NC (HMO),2027,Specialist,$25 copay,FL,,,
H5299-001-000,Devoted,DEVOTED CORE 001 NC (HMO),2027,Referrals,No,FL,,,
H5299-001-000,Devoted,DEVOTED CORE 001 NC (HMO),2026,Telehealth,$0 - $45,CMS,,,
H5299-001-000,Devoted,DEVOTED CORE 001 NC (HMO),2026,Chiropractic,$20,CMS,,,
H5299-001-000,Devoted,DEVOTED CORE 001 NC (HMO),2026,Podiatry,$25 - $50,CMS,,,
H5299-001-000,Devoted,DEVOTED CORE 001 NC (HMO),2026,Other professional,$25,CMS,,,
H5299-001-000,Devoted,DEVOTED CORE 001 NC (HMO),2026,Inpatient hospital,$295 days 1-5 / $0 days 6-90,CMS,,,
H5299-001-000,Devoted,DEVOTED CORE 001 NC (HMO),2027,Inpatient hospital,"$295 per day for days 1-5, $0 days 6+",FL,,,
H5299-001-000,Devoted,DEVOTED CORE 001 NC (HMO),2026,Inpatient psychiatric,$295 days 1-5 / $0 days 6-90,CMS,,,
H5299-001-000,Devoted,DEVOTED CORE 001 NC (HMO),2026,Skilled nursing facility,$0 days 1-20 / $218 days 21-100,CMS,,,
H5299-001-000,Devoted,DEVOTED CORE 001 NC (HMO),2026,Home health,$60,CMS,,,
H5299-001-000,Devoted,DEVOTED CORE 001 NC (HMO),2026,Outpatient hospital,$0 - $95,CMS,,,
H5299-001-000,Devoted,DEVOTED CORE 001 NC (HMO),2026,Outpatient surgery (ASC),$0 - $300,CMS,,,
H5299-001-000,Devoted,DEVOTED CORE 001 NC (HMO),2027,Outpatient surgery (ASC),$295-$395 copay,FL,,,
H5299-001-000,Devoted,DEVOTED CORE 001 NC (HMO),2026,Outpatient surgery (hospital),20%,CMS,,,
H5299-001-000,Devoted,DEVOTED CORE 001 NC (HMO),2026,Observation services,$0 - $20,CMS,,,
H5299-001-000,Devoted,DEVOTED CORE 001 NC (HMO),2026,Emergency room,$150,CMS,,,
H5299-001-000,Devoted,DEVOTED CORE 001 NC (HMO),2027,Emergency room,$150 copay,FL,,,
H5299-001-000,Devoted,DEVOTED CORE 001 NC (HMO),2026,Urgent care,$0 - $45,CMS,,,
H5299-001-000,Devoted,DEVOTED CORE 001 NC (HMO),2026,Ambulance (ground),$0 - $395,CMS,,,
H5299-001-000,Devoted,DEVOTED CORE 001 NC (HMO),2026,Ambulance (air),$295,CMS,,,
H5299-001-000,Devoted,DEVOTED CORE 001 NC (HMO),2026,Transportation,$0 - $295,CMS,,,
H5299-001-000,Devoted,DEVOTED CORE 001 NC (HMO),2026,Lab services,$0 - $315,CMS,,,
H5299-001-000,Devoted,DEVOTED CORE 001 NC (HMO),2027,Lab services,$0 copay,FL,,,
H5299-001-000,Devoted,DEVOTED CORE 001 NC (HMO),2026,Diagnostic radiology,20%,CMS,,,
H5299-001-000,Devoted,DEVOTED CORE 001 NC (HMO),2026,Renal dialysis,20%,CMS,,,
H5299-001-000,Devoted,DEVOTED CORE 001 NC (HMO),2026,Durable medical equipment,20% - 50%,CMS,,,
H5299-001-000,Devoted,DEVOTED CORE 001 NC (HMO),2026,Prosthetics,0% - 20%,CMS,,,
H5299-001-000,Devoted,DEVOTED CORE 001 NC (HMO),2026,Diabetic supplies,0% - 50%,CMS,,,
H5299-001-000,Devoted,DEVOTED CORE 001 NC (HMO),2026,Physical therapy,$0 - $25,CMS,,,
H5299-001-000,Devoted,DEVOTED CORE 001 NC (HMO),2026,Occupational therapy,$25 - $50,CMS,,,
H5299-001-000,Devoted,DEVOTED CORE 001 NC (HMO),2026,Cardiac rehab,$25,CMS,,,
H5299-001-000,Devoted,DEVOTED CORE 001 NC (HMO),2026,Pulmonary rehab,$25,CMS,,,
H5299-001-000,Devoted,DEVOTED CORE 001 NC (HMO),2026,Mental health (individual),$25,CMS,,,
H5299-001-000,Devoted,DEVOTED CORE 001 NC (HMO),2026,Mental health (group),$25,CMS,,,
H5299-001-000,Devoted,DEVOTED CORE 001 NC (HMO),2026,Substance abuse (individual),$25,CMS,,,
H5299-001-000,Devoted,DEVOTED CORE 001 NC (HMO),2026,Partial hospitalization,$25,CMS,,,
H5299-001-000,Devoted,DEVOTED CORE 001 NC (HMO),2027,Wellness programs,$150 per year,FL,,,
H5299-001-000,Devoted,DEVOTED CORE 001 NC (HMO),2026,Rx deductible,"$395 (tiers 1,2 exempt)",CMS,,,
H5299-001-000,Devoted,DEVOTED CORE 001 NC (HMO),2027,Rx deductible,$650 tiers 3-5,FL,,,
H5299-001-000,Devoted,DEVOTED CORE 001 NC (HMO),2027,Rx retail (30-day),$0 / $5 / 25% / 25% / 26%,FL,,,
H5299-001-000,Devoted,DEVOTED CORE 001 NC (HMO),2026,Dental - allowance,"$1,500 per year",CMS,,,
H5299-001-000,Devoted,DEVOTED CORE 001 NC (HMO),2027,Dental - allowance,"$2,250 per year (Direct member reimbursement)",FL,,,
H5299-001-000,Devoted,DEVOTED CORE 001 NC (HMO),2026,Dental - preventive,$25,CMS,,,
H5299-001-000,Devoted,DEVOTED CORE 001 NC (HMO),2027,Vision - eyeglasses,$300 per year,FL,,,
H5299-001-000,Devoted,DEVOTED CORE 001 NC (HMO),2026,Hearing aids,$399 - $699 (2 per year),CMS,,,
H5299-001-000,Devoted,DEVOTED CORE 001 NC (HMO),2027,Hearing aids,$399-$699 copay per aid,FL,,,
H5299-001-000,Devoted,DEVOTED CORE 001 NC (HMO),2026,OTC allowance,$50 per visit,CMS,,,
H5299-001-000,Devoted,DEVOTED CORE 001 NC (HMO),2027,OTC allowance,$50 per quarter,FL,,,
H5299-001-000,Devoted,DEVOTED CORE 001 NC (HMO),2027,Service area,"Greensboro (Alamance, Caswell, Guilford, Person, Randolph, Rockingham); Winston-Salem (Davidson, Davie, Forsyth, Stokes, Yadkin)",FL,,,
H5299-001-000,Devoted,DEVOTED CORE 001 NC (HMO),2027,Key notes,The Food & Home Card is only for chronically ill members who meet specific health criteria (see SB/EOC for details). We proactively review health records to check eligibility. Completing an HRA can help speed up this process.,FL,,,
H5299-002-000,Devoted,DEVOTED GIVEBACK 002 NC (HMO),2026,Premium,$0.00,CMS,,,
H5299-002-000,Devoted,DEVOTED GIVEBACK 002 NC (HMO),2027,Premium,$0.00,FL,,,
H5299-002-000,Devoted,DEVOTED GIVEBACK 002 NC (HMO),2027,Medical deductible,$200,FL,,,
H5299-002-000,Devoted,DEVOTED GIVEBACK 002 NC (HMO),2026,Max out-of-pocket,"$6,700",CMS,,,
H5299-002-000,Devoted,DEVOTED GIVEBACK 002 NC (HMO),2027,Max out-of-pocket,"$7,950",FL,,,
H5299-002-000,Devoted,DEVOTED GIVEBACK 002 NC (HMO),2027,PCP,$0 copay,FL,,,
H5299-002-000,Devoted,DEVOTED GIVEBACK 002 NC (HMO),2026,Specialist,$45,CMS,,,
H5299-002-000,Devoted,DEVOTED GIVEBACK 002 NC (HMO),2027,Specialist,$45 copay,FL,,,
H5299-002-000,Devoted,DEVOTED GIVEBACK 002 NC (HMO),2027,Referrals,No,FL,,,
H5299-002-000,Devoted,DEVOTED GIVEBACK 002 NC (HMO),2026,Telehealth,$0 - $45,CMS,,,
H5299-002-000,Devoted,DEVOTED GIVEBACK 002 NC (HMO),2026,Chiropractic,$15,CMS,,,
H5299-002-000,Devoted,DEVOTED GIVEBACK 002 NC (HMO),2026,Podiatry,$45 - $50,CMS,,,
H5299-002-000,Devoted,DEVOTED GIVEBACK 002 NC (HMO),2026,Other professional,$45,CMS,,,
H5299-002-000,Devoted,DEVOTED GIVEBACK 002 NC (HMO),2026,Inpatient hospital,$395 days 1-5 / $0 days 6-90,CMS,,,
H5299-002-000,Devoted,DEVOTED GIVEBACK 002 NC (HMO),2027,Inpatient hospital,"$395 per day for days 1-5, $0 days 6+",FL,,,
H5299-002-000,Devoted,DEVOTED GIVEBACK 002 NC (HMO),2026,Inpatient psychiatric,$395 days 1-5 / $0 days 6-90,CMS,,,
H5299-002-000,Devoted,DEVOTED GIVEBACK 002 NC (HMO),2026,Skilled nursing facility,$0 days 1-20 / $218 days 21-100,CMS,,,
H5299-002-000,Devoted,DEVOTED GIVEBACK 002 NC (HMO),2026,Home health,$60,CMS,,,
H5299-002-000,Devoted,DEVOTED GIVEBACK 002 NC (HMO),2026,Outpatient hospital,$0 - $95,CMS,,,
H5299-002-000,Devoted,DEVOTED GIVEBACK 002 NC (HMO),2026,Outpatient surgery (ASC),$0 - $300,CMS,,,
H5299-002-000,Devoted,DEVOTED GIVEBACK 002 NC (HMO),2027,Outpatient surgery (ASC),$395-$495 copay,FL,,,
H5299-002-000,Devoted,DEVOTED GIVEBACK 002 NC (HMO),2026,Outpatient surgery (hospital),20%,CMS,,,
H5299-002-000,Devoted,DEVOTED GIVEBACK 002 NC (HMO),2026,Observation services,$0 - $20,CMS,,,
H5299-002-000,Devoted,DEVOTED GIVEBACK 002 NC (HMO),2026,Emergency room,$130,CMS,,,
H5299-002-000,Devoted,DEVOTED GIVEBACK 002 NC (HMO),2027,Emergency room,$115 copay,FL,,,
H5299-002-000,Devoted,DEVOTED GIVEBACK 002 NC (HMO),2026,Urgent care,$0 - $45,CMS,,,
H5299-002-000,Devoted,DEVOTED GIVEBACK 002 NC (HMO),2026,Ambulance (ground),$0 - $495,CMS,,,
H5299-002-000,Devoted,DEVOTED GIVEBACK 002 NC (HMO),2026,Ambulance (air),$395,CMS,,,
H5299-002-000,Devoted,DEVOTED GIVEBACK 002 NC (HMO),2026,Transportation,$0 - $395,CMS,,,
H5299-002-000,Devoted,DEVOTED GIVEBACK 002 NC (HMO),2026,Lab services,$0 - $315,CMS,,,
H5299-002-000,Devoted,DEVOTED GIVEBACK 002 NC (HMO),2027,Lab services,$0 copay,FL,,,
H5299-002-000,Devoted,DEVOTED GIVEBACK 002 NC (HMO),2026,Diagnostic radiology,20%,CMS,,,
H5299-002-000,Devoted,DEVOTED GIVEBACK 002 NC (HMO),2026,Renal dialysis,20%,CMS,,,
H5299-002-000,Devoted,DEVOTED GIVEBACK 002 NC (HMO),2026,Durable medical equipment,20% - 50%,CMS,,,
H5299-002-000,Devoted,DEVOTED GIVEBACK 002 NC (HMO),2026,Prosthetics,0% - 20%,CMS,,,
H5299-002-000,Devoted,DEVOTED GIVEBACK 002 NC (HMO),2026,Diabetic supplies,0% - 50%,CMS,,,
H5299-002-000,Devoted,DEVOTED GIVEBACK 002 NC (HMO),2026,Physical therapy,$0 - $45,CMS,,,
H5299-002-000,Devoted,DEVOTED GIVEBACK 002 NC (HMO),2026,Occupational therapy,$45 - $50,CMS,,,
H5299-002-000,Devoted,DEVOTED GIVEBACK 002 NC (HMO),2026,Cardiac rehab,$40,CMS,,,
H5299-002-000,Devoted,DEVOTED GIVEBACK 002 NC (HMO),2026,Pulmonary rehab,$35,CMS,,,
H5299-002-000,Devoted,DEVOTED GIVEBACK 002 NC (HMO),2026,Mental health (individual),$45,CMS,,,
H5299-002-000,Devoted,DEVOTED GIVEBACK 002 NC (HMO),2026,Mental health (group),$45,CMS,,,
H5299-002-000,Devoted,DEVOTED GIVEBACK 002 NC (HMO),2026,Substance abuse (individual),$45,CMS,,,
H5299-002-000,Devoted,DEVOTED GIVEBACK 002 NC (HMO),2026,Partial hospitalization,$45,CMS,,,
H5299-002-000,Devoted,DEVOTED GIVEBACK 002 NC (HMO),2027,Wellness programs,$150 per year,FL,,,
H5299-002-000,Devoted,DEVOTED GIVEBACK 002 NC (HMO),2026,Rx deductible,"$605 (tiers 1,2 exempt)",CMS,,,
H5299-002-000,Devoted,DEVOTED GIVEBACK 002 NC (HMO),2027,Rx deductible,$461 tiers 3-5,FL,,,
H5299-002-000,Devoted,DEVOTED GIVEBACK 002 NC (HMO),2027,Rx retail (30-day),$0 / $0 / 15% / 25% / 26%,FL,,,
H5299-002-000,Devoted,DEVOTED GIVEBACK 002 NC (HMO),2026,Dental - allowance,$500 per year,CMS,,,
H5299-002-000,Devoted,DEVOTED GIVEBACK 002 NC (HMO),2027,Dental - allowance,$500 per year (Direct member reimbursement),FL,,,
H5299-002-000,Devoted,DEVOTED GIVEBACK 002 NC (HMO),2026,Dental - preventive,$45,CMS,,,
H5299-002-000,Devoted,DEVOTED GIVEBACK 002 NC (HMO),2027,Vision - eyeglasses,$200 per year,FL,,,
H5299-002-000,Devoted,DEVOTED GIVEBACK 002 NC (HMO),2026,Hearing aids,$599 - $899 (2 per year),CMS,,,
H5299-002-000,Devoted,DEVOTED GIVEBACK 002 NC (HMO),2027,Hearing aids,$599-$899 copay per aid,FL,,,
H5299-002-000,Devoted,DEVOTED GIVEBACK 002 NC (HMO),2026,OTC allowance,$24 per visit,CMS,,,
H5299-002-000,Devoted,DEVOTED GIVEBACK 002 NC (HMO),2027,OTC allowance,$37 per quarter,FL,,,
H5299-002-000,Devoted,DEVOTED GIVEBACK 002 NC (HMO),2027,Service area,"Greensboro (Alamance, Caswell, Guilford, Person, Randolph, Rockingham); Winston-Salem (Davidson, Davie, Forsyth, Stokes, Yadkin)",FL,,,
H5299-002-000,Devoted,DEVOTED GIVEBACK 002 NC (HMO),2027,Key notes,"Higher giveback amount, less supplemental coverage. The Part B premium buydown benefit is designed for members who pay their own Medicare Part B premium. Members whose premium is paid by Medicaid or another assistance program will not benefit from the premium reduction. Processing through Social Security may take several months.",FL,,,
H5299-006-000,Devoted,DEVOTED DUAL PLUS 006 NC (HMO D-SNP),2026,Premium,$35.00,CMS,,,
H5299-006-000,Devoted,DEVOTED DUAL PLUS 006 NC (HMO D-SNP),2027,Premium,$0.00,FL,,,
H5299-006-000,Devoted,DEVOTED DUAL PLUS 006 NC (HMO D-SNP),2026,Medical deductible,$830,CMS,,,
H5299-006-000,Devoted,DEVOTED DUAL PLUS 006 NC (HMO D-SNP),2027,Medical deductible,$750,FL,,,
H5299-006-000,Devoted,DEVOTED DUAL PLUS 006 NC (HMO D-SNP),2026,Max out-of-pocket,"$9,250",CMS,,,
H5299-006-000,Devoted,DEVOTED DUAL PLUS 006 NC (HMO D-SNP),2027,Max out-of-pocket,"$9,850",FL,,,
H5299-006-000,Devoted,DEVOTED DUAL PLUS 006 NC (HMO D-SNP),2027,PCP,$0 copay,FL,,,
H5299-006-000,Devoted,DEVOTED DUAL PLUS 006 NC (HMO D-SNP),2026,Specialist,30%,CMS,,,
H5299-006-000,Devoted,DEVOTED DUAL PLUS 006 NC (HMO D-SNP),2027,Specialist,30% coinsurance,FL,,,
H5299-006-000,Devoted,DEVOTED DUAL PLUS 006 NC (HMO D-SNP),2027,Referrals,No,FL,,,
H5299-006-000,Devoted,DEVOTED DUAL PLUS 006 NC (HMO D-SNP),2026,Telehealth,0% - 30%,CMS,,,
H5299-006-000,Devoted,DEVOTED DUAL PLUS 006 NC (HMO D-SNP),2026,Chiropractic,30%,CMS,,,
H5299-006-000,Devoted,DEVOTED DUAL PLUS 006 NC (HMO D-SNP),2026,Podiatry,30%,CMS,,,
H5299-006-000,Devoted,DEVOTED DUAL PLUS 006 NC (HMO D-SNP),2026,Other professional,30%,CMS,,,
H5299-006-000,Devoted,DEVOTED DUAL PLUS 006 NC (HMO D-SNP),2027,Inpatient hospital,"$2,241 per stay",FL,,,
H5299-006-000,Devoted,DEVOTED DUAL PLUS 006 NC (HMO D-SNP),2026,Skilled nursing facility,$0 days 1-20 / $218 days 21-100,CMS,,,
H5299-006-000,Devoted,DEVOTED DUAL PLUS 006 NC (HMO D-SNP),2026,Home health,30%,CMS,,,
H5299-006-000,Devoted,DEVOTED DUAL PLUS 006 NC (HMO D-SNP),2026,Outpatient hospital,0% - 50%,CMS,,,
H5299-006-000,Devoted,DEVOTED DUAL PLUS 006 NC (HMO D-SNP),2026,Outpatient surgery (ASC),30% - 50%,CMS,,,
H5299-006-000,Devoted,DEVOTED DUAL PLUS 006 NC (HMO D-SNP),2027,Outpatient surgery (ASC),50% coinsurance,FL,,,
H5299-006-000,Devoted,DEVOTED DUAL PLUS 006 NC (HMO D-SNP),2026,Outpatient surgery (hospital),20%,CMS,,,
H5299-006-000,Devoted,DEVOTED DUAL PLUS 006 NC (HMO D-SNP),2026,Observation services,50%,CMS,,,
H5299-006-000,Devoted,DEVOTED DUAL PLUS 006 NC (HMO D-SNP),2026,Emergency room,$115,CMS,,,
H5299-006-000,Devoted,DEVOTED DUAL PLUS 006 NC (HMO D-SNP),2027,Emergency room,$115 copay,FL,,,
H5299-006-000,Devoted,DEVOTED DUAL PLUS 006 NC (HMO D-SNP),2026,Urgent care,0% - 30%,CMS,,,
H5299-006-000,Devoted,DEVOTED DUAL PLUS 006 NC (HMO D-SNP),2026,Ambulance (ground),0% - 50%,CMS,,,
H5299-006-000,Devoted,DEVOTED DUAL PLUS 006 NC (HMO D-SNP),2026,Ambulance (air),50%,CMS,,,
H5299-006-000,Devoted,DEVOTED DUAL PLUS 006 NC (HMO D-SNP),2026,Transportation,0% - 50%,CMS,,,
H5299-006-000,Devoted,DEVOTED DUAL PLUS 006 NC (HMO D-SNP),2026,Lab services,0% - 50%,CMS,,,
H5299-006-000,Devoted,DEVOTED DUAL PLUS 006 NC (HMO D-SNP),2027,Lab services,50% coinsurance,FL,,,
H5299-006-000,Devoted,DEVOTED DUAL PLUS 006 NC (HMO D-SNP),2026,Diagnostic radiology,50%,CMS,,,
H5299-006-000,Devoted,DEVOTED DUAL PLUS 006 NC (HMO D-SNP),2026,Renal dialysis,20%,CMS,,,
H5299-006-000,Devoted,DEVOTED DUAL PLUS 006 NC (HMO D-SNP),2026,Durable medical equipment,20%,CMS,,,
H5299-006-000,Devoted,DEVOTED DUAL PLUS 006 NC (HMO D-SNP),2026,Prosthetics,0% - 20%,CMS,,,
H5299-006-000,Devoted,DEVOTED DUAL PLUS 006 NC (HMO D-SNP),2026,Diabetic supplies,20%,CMS,,,
H5299-006-000,Devoted,DEVOTED DUAL PLUS 006 NC (HMO D-SNP),2026,Physical therapy,0% - 30%,CMS,,,
H5299-006-000,Devoted,DEVOTED DUAL PLUS 006 NC (HMO D-SNP),2026,Occupational therapy,30%,CMS,,,
H5299-006-000,Devoted,DEVOTED DUAL PLUS 006 NC (HMO D-SNP),2026,Cardiac rehab,30%,CMS,,,
H5299-006-000,Devoted,DEVOTED DUAL PLUS 006 NC (HMO D-SNP),2026,Pulmonary rehab,30%,CMS,,,
H5299-006-000,Devoted,DEVOTED DUAL PLUS 006 NC (HMO D-SNP),2026,Mental health (individual),30%,CMS,,,
H5299-006-000,Devoted,DEVOTED DUAL PLUS 006 NC (HMO D-SNP),2026,Mental health (group),30%,CMS,,,
H5299-006-000,Devoted,DEVOTED DUAL PLUS 006 NC (HMO D-SNP),2026,Substance abuse (individual),30%,CMS,,,
H5299-006-000,Devoted,DEVOTED DUAL PLUS 006 NC (HMO D-SNP),2026,Partial hospitalization,30%,CMS,,,
H5299-006-000,Devoted,DEVOTED DUAL PLUS 006 NC (HMO D-SNP),2027,Wellness programs,$150 per year,FL,,,
H5299-006-000,Devoted,DEVOTED DUAL PLUS 006 NC (HMO D-SNP),2026,Rx deductible,$615 (tiers 6 exempt),CMS,,,
H5299-006-000,Devoted,DEVOTED DUAL PLUS 006 NC (HMO D-SNP),2027,Rx deductible,$700 tiers 3-5,FL,,,
H5299-006-000,Devoted,DEVOTED DUAL PLUS 006 NC (HMO D-SNP),2027,Rx retail (30-day),$0 / $0 / 11% / 25% / 25%,FL,,,
H5299-006-000,Devoted,DEVOTED DUAL PLUS 006 NC (HMO D-SNP),2026,Dental - allowance,"$2,000 per year",CMS,,,
H5299-006-000,Devoted,DEVOTED DUAL PLUS 006 NC (HMO D-SNP),2027,Dental - allowance,"$2,000 per year (Network-based)",FL,,,
H5299-006-000,Devoted,DEVOTED DUAL PLUS 006 NC (HMO D-SNP),2026,Dental - preventive,30%,CMS,,,
H5299-006-000,Devoted,DEVOTED DUAL PLUS 006 NC (HMO D-SNP),2027,Vision - eyeglasses,$350 per year,FL,,,
H5299-006-000,Devoted,DEVOTED DUAL PLUS 006 NC (HMO D-SNP),2026,Hearing aids,$399 - $699 (2 per year),CMS,,,
H5299-006-000,Devoted,DEVOTED DUAL PLUS 006 NC (HMO D-SNP),2027,Hearing aids,$399-$699 copay per aid,FL,,,
H5299-006-000,Devoted,DEVOTED DUAL PLUS 006 NC (HMO D-SNP),2026,OTC allowance,$50 per visit,CMS,,,
H5299-006-000,Devoted,DEVOTED DUAL PLUS 006 NC (HMO D-SNP),2027,OTC allowance,$50 per quarter,FL,,,
H5299-006-000,Devoted,DEVOTED DUAL PLUS 006 NC (HMO D-SNP),2027,Service area,"Charlotte (Alexander, Anson, Cabarrus, Caldwell, Catawba, Cleveland, Gaston, Iredell, Lincoln, Mecklenburg, Montgomery, Rowan, Stanly, Union); Greensboro (Alamance, Caswell, Guilford, Person, Randolph, Rockingham); Northwest North Carolina (Alleghany, Ashe, Surry, Wilkes); Western North Carolina (Avery, Buncombe, Burke, Cherokee, Clay, Graham, Haywood, Henderson, Jackson, Macon, Madison, McDowell, Mitchell, Polk, Rutherford, Swain, Transylvania, Yancey); Wilmington (Bladen, Brunswick, Columbus, New Hanover, Pender); Winston- Salem (Davidson, Davie, Forsyth, Stokes, Yadkin)",FL,,,
H5299-006-000,Devoted,DEVOTED DUAL PLUS 006 NC (HMO D-SNP),2027,Key notes,Members with Full Medicaid or QMB typically pay $0 for Medicare-covered services due to cost-share protections. Standard LIS Part D cost shares apply. The Food & Home Card is only for chronically ill members who meet specific health criteria (see SB/EOC for details). We proactively review health records to check eligibility. Completing an HRA can help speed up this process.,FL,,,
H5299-009-000,Devoted,DEVOTED DUAL 009 NC (HMO D-SNP),2026,Premium,$36.20,CMS,,,
H5299-009-000,Devoted,DEVOTED DUAL 009 NC (HMO D-SNP),2027,Premium,$0.00,FL,,,
H5299-009-000,Devoted,DEVOTED DUAL 009 NC (HMO D-SNP),2027,Medical deductible,$0,FL,,,
H5299-009-000,Devoted,DEVOTED DUAL 009 NC (HMO D-SNP),2026,Max out-of-pocket,"$6,750",CMS,,,
H5299-009-000,Devoted,DEVOTED DUAL 009 NC (HMO D-SNP),2027,Max out-of-pocket,"$6,750",FL,,,
H5299-009-000,Devoted,DEVOTED DUAL 009 NC (HMO D-SNP),2027,PCP,$0 copay,FL,,,
H5299-009-000,Devoted,DEVOTED DUAL 009 NC (HMO D-SNP),2026,Specialist,$25,CMS,,,
H5299-009-000,Devoted,DEVOTED DUAL 009 NC (HMO D-SNP),2027,Specialist,$25 copay,FL,,,
H5299-009-000,Devoted,DEVOTED DUAL 009 NC (HMO D-SNP),2027,Referrals,No,FL,,,
H5299-009-000,Devoted,DEVOTED DUAL 009 NC (HMO D-SNP),2026,Telehealth,$0 - $45,CMS,,,
H5299-009-000,Devoted,DEVOTED DUAL 009 NC (HMO D-SNP),2026,Chiropractic,$15,CMS,,,
H5299-009-000,Devoted,DEVOTED DUAL 009 NC (HMO D-SNP),2026,Podiatry,$25 - $50,CMS,,,
H5299-009-000,Devoted,DEVOTED DUAL 009 NC (HMO D-SNP),2026,Other professional,$25,CMS,,,
H5299-009-000,Devoted,DEVOTED DUAL 009 NC (HMO D-SNP),2026,Inpatient hospital,$395 days 1-5 / $0 days 6-90,CMS,,,
H5299-009-000,Devoted,DEVOTED DUAL 009 NC (HMO D-SNP),2027,Inpatient hospital,"$395 per day for days 1-5, $0 days 6+",FL,,,
H5299-009-000,Devoted,DEVOTED DUAL 009 NC (HMO D-SNP),2026,Inpatient psychiatric,$395 days 1-5 / $0 days 6-90,CMS,,,
H5299-009-000,Devoted,DEVOTED DUAL 009 NC (HMO D-SNP),2026,Skilled nursing facility,$0 days 1-20 / $218 days 21-100,CMS,,,
H5299-009-000,Devoted,DEVOTED DUAL 009 NC (HMO D-SNP),2026,Home health,$60,CMS,,,
H5299-009-000,Devoted,DEVOTED DUAL 009 NC (HMO D-SNP),2026,Outpatient hospital,$0 - $95,CMS,,,
H5299-009-000,Devoted,DEVOTED DUAL 009 NC (HMO D-SNP),2026,Outpatient surgery (ASC),$0 - $300,CMS,,,
H5299-009-000,Devoted,DEVOTED DUAL 009 NC (HMO D-SNP),2027,Outpatient surgery (ASC),$395-$495 copay,FL,,,
H5299-009-000,Devoted,DEVOTED DUAL 009 NC (HMO D-SNP),2026,Outpatient surgery (hospital),20%,CMS,,,
H5299-009-000,Devoted,DEVOTED DUAL 009 NC (HMO D-SNP),2026,Observation services,$0 - $20,CMS,,,
H5299-009-000,Devoted,DEVOTED DUAL 009 NC (HMO D-SNP),2026,Emergency room,$130,CMS,,,
H5299-009-000,Devoted,DEVOTED DUAL 009 NC (HMO D-SNP),2027,Emergency room,$130 copay,FL,,,
H5299-009-000,Devoted,DEVOTED DUAL 009 NC (HMO D-SNP),2026,Urgent care,$0 - $45,CMS,,,
H5299-009-000,Devoted,DEVOTED DUAL 009 NC (HMO D-SNP),2026,Ambulance (ground),$0 - $495,CMS,,,
H5299-009-000,Devoted,DEVOTED DUAL 009 NC (HMO D-SNP),2026,Ambulance (air),$395,CMS,,,
H5299-009-000,Devoted,DEVOTED DUAL 009 NC (HMO D-SNP),2026,Transportation,$0 - $395,CMS,,,
H5299-009-000,Devoted,DEVOTED DUAL 009 NC (HMO D-SNP),2026,Lab services,$0 - $315,CMS,,,
H5299-009-000,Devoted,DEVOTED DUAL 009 NC (HMO D-SNP),2027,Lab services,$0 copay,FL,,,
H5299-009-000,Devoted,DEVOTED DUAL 009 NC (HMO D-SNP),2026,Diagnostic radiology,20%,CMS,,,
H5299-009-000,Devoted,DEVOTED DUAL 009 NC (HMO D-SNP),2026,Renal dialysis,20%,CMS,,,
H5299-009-000,Devoted,DEVOTED DUAL 009 NC (HMO D-SNP),2026,Durable medical equipment,20% - 30%,CMS,,,
H5299-009-000,Devoted,DEVOTED DUAL 009 NC (HMO D-SNP),2026,Prosthetics,0% - 20%,CMS,,,
H5299-009-000,Devoted,DEVOTED DUAL 009 NC (HMO D-SNP),2026,Diabetic supplies,0% - 30%,CMS,,,
H5299-009-000,Devoted,DEVOTED DUAL 009 NC (HMO D-SNP),2026,Physical therapy,$0 - $25,CMS,,,
H5299-009-000,Devoted,DEVOTED DUAL 009 NC (HMO D-SNP),2026,Occupational therapy,$25 - $50,CMS,,,
H5299-009-000,Devoted,DEVOTED DUAL 009 NC (HMO D-SNP),2026,Cardiac rehab,$25,CMS,,,
H5299-009-000,Devoted,DEVOTED DUAL 009 NC (HMO D-SNP),2026,Pulmonary rehab,$25,CMS,,,
H5299-009-000,Devoted,DEVOTED DUAL 009 NC (HMO D-SNP),2026,Mental health (individual),$25,CMS,,,
H5299-009-000,Devoted,DEVOTED DUAL 009 NC (HMO D-SNP),2026,Mental health (group),$25,CMS,,,
H5299-009-000,Devoted,DEVOTED DUAL 009 NC (HMO D-SNP),2026,Substance abuse (individual),$25,CMS,,,
H5299-009-000,Devoted,DEVOTED DUAL 009 NC (HMO D-SNP),2026,Partial hospitalization,$25,CMS,,,
H5299-009-000,Devoted,DEVOTED DUAL 009 NC (HMO D-SNP),2027,Wellness programs,$150 per year,FL,,,
H5299-009-000,Devoted,DEVOTED DUAL 009 NC (HMO D-SNP),2026,Rx deductible,$615 (tiers 6 exempt),CMS,,,
H5299-009-000,Devoted,DEVOTED DUAL 009 NC (HMO D-SNP),2027,Rx deductible,$700 tiers 3-5,FL,,,
H5299-009-000,Devoted,DEVOTED DUAL 009 NC (HMO D-SNP),2027,Rx retail (30-day),$0 / $0 / 11% / 25% / 25%,FL,,,
H5299-009-000,Devoted,DEVOTED DUAL 009 NC (HMO D-SNP),2026,Dental - allowance,"$2,000 per year",CMS,,,
H5299-009-000,Devoted,DEVOTED DUAL 009 NC (HMO D-SNP),2027,Dental - allowance,"$2,000 per year (Network-based)",FL,,,
H5299-009-000,Devoted,DEVOTED DUAL 009 NC (HMO D-SNP),2026,Dental - preventive,$25,CMS,,,
H5299-009-000,Devoted,DEVOTED DUAL 009 NC (HMO D-SNP),2027,Vision - eyeglasses,$350 per year,FL,,,
H5299-009-000,Devoted,DEVOTED DUAL 009 NC (HMO D-SNP),2026,Hearing aids,$399 - $699 (2 per year),CMS,,,
H5299-009-000,Devoted,DEVOTED DUAL 009 NC (HMO D-SNP),2027,Hearing aids,$399-$699 copay per aid,FL,,,
H5299-009-000,Devoted,DEVOTED DUAL 009 NC (HMO D-SNP),2026,OTC allowance,$50 per visit,CMS,,,
H5299-009-000,Devoted,DEVOTED DUAL 009 NC (HMO D-SNP),2027,OTC allowance,$50 per quarter,FL,,,
H5299-009-000,Devoted,DEVOTED DUAL 009 NC (HMO D-SNP),2027,Service area,"Charlotte (Alexander, Anson, Cabarrus, Caldwell, Catawba, Cleveland, Gaston, Iredell, Lincoln, Mecklenburg, Montgomery, Rowan, Stanly, Union); Greensboro (Alamance, Caswell, Guilford, Person, Randolph, Rockingham); Northwest North Carolina (Alleghany, Ashe, Surry, Wilkes); Western North Carolina (Avery, Buncombe, Burke, Cherokee, Clay, Graham, Haywood, Henderson, Jackson, Macon, Madison, McDowell, Mitchell, Polk, Rutherford, Swain, Transylvania, Yancey); Wilmington (Bladen, Brunswick, Columbus, New Hanover, Pender); Winston- Salem (Davidson, Davie, Forsyth, Stokes, Yadkin)",FL,,,
H5299-009-000,Devoted,DEVOTED DUAL 009 NC (HMO D-SNP),2027,Key notes,Standard LIS Part D cost shares apply. The Food & Home Card is only for chronically ill members who meet specific health criteria (see SB/EOC for details). We proactively review health records to check eligibility. Completing an HRA can help speed up this process.,FL,,,
H5299-012-000,Devoted,DEVOTED GIVEBACK 012 NC (HMO),2026,Premium,$0.00,CMS,,,
H5299-012-000,Devoted,DEVOTED GIVEBACK 012 NC (HMO),2027,Premium,$0.00,FL,,,
H5299-012-000,Devoted,DEVOTED GIVEBACK 012 NC (HMO),2027,Medical deductible,$200,FL,,,
H5299-012-000,Devoted,DEVOTED GIVEBACK 012 NC (HMO),2026,Max out-of-pocket,"$8,900",CMS,,,
H5299-012-000,Devoted,DEVOTED GIVEBACK 012 NC (HMO),2027,Max out-of-pocket,"$9,850",FL,,,
H5299-012-000,Devoted,DEVOTED GIVEBACK 012 NC (HMO),2027,PCP,$0 copay,FL,,,
H5299-012-000,Devoted,DEVOTED GIVEBACK 012 NC (HMO),2026,Specialist,$45,CMS,,,
H5299-012-000,Devoted,DEVOTED GIVEBACK 012 NC (HMO),2027,Specialist,$45 copay,FL,,,
H5299-012-000,Devoted,DEVOTED GIVEBACK 012 NC (HMO),2027,Referrals,No,FL,,,
H5299-012-000,Devoted,DEVOTED GIVEBACK 012 NC (HMO),2026,Telehealth,$0 - $45,CMS,,,
H5299-012-000,Devoted,DEVOTED GIVEBACK 012 NC (HMO),2026,Chiropractic,$15,CMS,,,
H5299-012-000,Devoted,DEVOTED GIVEBACK 012 NC (HMO),2026,Podiatry,$45 - $50,CMS,,,
H5299-012-000,Devoted,DEVOTED GIVEBACK 012 NC (HMO),2026,Other professional,$45,CMS,,,
H5299-012-000,Devoted,DEVOTED GIVEBACK 012 NC (HMO),2026,Inpatient hospital,$440 days 1-4 / $0 days 5-90,CMS,,,
H5299-012-000,Devoted,DEVOTED GIVEBACK 012 NC (HMO),2027,Inpatient hospital,"$490 per day for days 1-5, $0 days 6+",FL,,,
H5299-012-000,Devoted,DEVOTED GIVEBACK 012 NC (HMO),2026,Inpatient psychiatric,$440 days 1-4 / $0 days 5-90,CMS,,,
H5299-012-000,Devoted,DEVOTED GIVEBACK 012 NC (HMO),2026,Skilled nursing facility,$0 days 1-20 / $218 days 21-100,CMS,,,
H5299-012-000,Devoted,DEVOTED GIVEBACK 012 NC (HMO),2026,Home health,$70,CMS,,,
H5299-012-000,Devoted,DEVOTED GIVEBACK 012 NC (HMO),2026,Outpatient hospital,$0 - $95,CMS,,,
H5299-012-000,Devoted,DEVOTED GIVEBACK 012 NC (HMO),2026,Outpatient surgery (ASC),$0 - $300,CMS,,,
H5299-012-000,Devoted,DEVOTED GIVEBACK 012 NC (HMO),2027,Outpatient surgery (ASC),$490-$590 copay,FL,,,
H5299-012-000,Devoted,DEVOTED GIVEBACK 012 NC (HMO),2026,Outpatient surgery (hospital),20%,CMS,,,
H5299-012-000,Devoted,DEVOTED GIVEBACK 012 NC (HMO),2026,Observation services,$0 - $20,CMS,,,
H5299-012-000,Devoted,DEVOTED GIVEBACK 012 NC (HMO),2026,Emergency room,$115,CMS,,,
H5299-012-000,Devoted,DEVOTED GIVEBACK 012 NC (HMO),2027,Emergency room,$115 copay,FL,,,
H5299-012-000,Devoted,DEVOTED GIVEBACK 012 NC (HMO),2026,Urgent care,$0 - $40,CMS,,,
H5299-012-000,Devoted,DEVOTED GIVEBACK 012 NC (HMO),2026,Ambulance (ground),$0 - $540,CMS,,,
H5299-012-000,Devoted,DEVOTED GIVEBACK 012 NC (HMO),2026,Ambulance (air),$440,CMS,,,
H5299-012-000,Devoted,DEVOTED GIVEBACK 012 NC (HMO),2026,Transportation,$0 - $440,CMS,,,
H5299-012-000,Devoted,DEVOTED GIVEBACK 012 NC (HMO),2026,Lab services,$0 - $315,CMS,,,
H5299-012-000,Devoted,DEVOTED GIVEBACK 012 NC (HMO),2027,Lab services,$0 copay,FL,,,
H5299-012-000,Devoted,DEVOTED GIVEBACK 012 NC (HMO),2026,Diagnostic radiology,20%,CMS,,,
H5299-012-000,Devoted,DEVOTED GIVEBACK 012 NC (HMO),2026,Renal dialysis,20%,CMS,,,
H5299-012-000,Devoted,DEVOTED GIVEBACK 012 NC (HMO),2026,Durable medical equipment,20%,CMS,,,
H5299-012-000,Devoted,DEVOTED GIVEBACK 012 NC (HMO),2026,Prosthetics,0% - 20%,CMS,,,
H5299-012-000,Devoted,DEVOTED GIVEBACK 012 NC (HMO),2026,Diabetic supplies,0% - 20%,CMS,,,
H5299-012-000,Devoted,DEVOTED GIVEBACK 012 NC (HMO),2026,Physical therapy,$0 - $45,CMS,,,
H5299-012-000,Devoted,DEVOTED GIVEBACK 012 NC (HMO),2026,Occupational therapy,$35,CMS,,,
H5299-012-000,Devoted,DEVOTED GIVEBACK 012 NC (HMO),2026,Cardiac rehab,$30,CMS,,,
H5299-012-000,Devoted,DEVOTED GIVEBACK 012 NC (HMO),2026,Pulmonary rehab,$25,CMS,,,
H5299-012-000,Devoted,DEVOTED GIVEBACK 012 NC (HMO),2026,Mental health (individual),$45,CMS,,,
H5299-012-000,Devoted,DEVOTED GIVEBACK 012 NC (HMO),2026,Mental health (group),$45,CMS,,,
H5299-012-000,Devoted,DEVOTED GIVEBACK 012 NC (HMO),2026,Substance abuse (individual),$45,CMS,,,
H5299-012-000,Devoted,DEVOTED GIVEBACK 012 NC (HMO),2026,Partial hospitalization,$45,CMS,,,
H5299-012-000,Devoted,DEVOTED GIVEBACK 012 NC (HMO),2027,Wellness programs,$150 per year,FL,,,
H5299-012-000,Devoted,DEVOTED GIVEBACK 012 NC (HMO),2026,Rx deductible,"$605 (tiers 1,2 exempt)",CMS,,,
H5299-012-000,Devoted,DEVOTED GIVEBACK 012 NC (HMO),2027,Rx deductible,$461 tiers 3-5,FL,,,
H5299-012-000,Devoted,DEVOTED GIVEBACK 012 NC (HMO),2027,Rx retail (30-day),$0 / $0 / 15% / 25% / 26%,FL,,,
H5299-012-000,Devoted,DEVOTED GIVEBACK 012 NC (HMO),2026,Dental - allowance,$500 per year,CMS,,,
H5299-012-000,Devoted,DEVOTED GIVEBACK 012 NC (HMO),2027,Dental - allowance,$500 per year (Direct member reimbursement),FL,,,
H5299-012-000,Devoted,DEVOTED GIVEBACK 012 NC (HMO),2026,Dental - preventive,$45,CMS,,,
H5299-012-000,Devoted,DEVOTED GIVEBACK 012 NC (HMO),2027,Vision - eyeglasses,$200 per year,FL,,,
H5299-012-000,Devoted,DEVOTED GIVEBACK 012 NC (HMO),2026,Hearing aids,$599 - $899 (2 per year),CMS,,,
H5299-012-000,Devoted,DEVOTED GIVEBACK 012 NC (HMO),2027,Hearing aids,$599-$899 copay per aid,FL,,,
H5299-012-000,Devoted,DEVOTED GIVEBACK 012 NC (HMO),2027,OTC allowance,$24 per quarter,FL,,,
H5299-012-000,Devoted,DEVOTED GIVEBACK 012 NC (HMO),2027,Service area,"Charlotte (Alexander, Anson, Cabarrus, Caldwell, Catawba, Cleveland, Gaston, Iredell, Lincoln, Mecklenburg, Montgomery, Rowan, Stanly, Union)",FL,,,
H5299-012-000,Devoted,DEVOTED GIVEBACK 012 NC (HMO),2027,Key notes,"Higher giveback amount, less supplemental coverage. The Part B premium buydown benefit is designed for members who pay their own Medicare Part B premium. Members whose premium is paid by Medicaid or another assistance program will not benefit from the premium reduction. Processing through Social Security may take several months.",FL,,,
H5299-013-000,Devoted,DEVOTED DUAL FULL 013 NC (HMO D-SNP),2026,Premium,$36.20,CMS,,,
H5299-013-000,Devoted,DEVOTED DUAL FULL 013 NC (HMO D-SNP),2027,Premium,$0.00,FL,,,
H5299-013-000,Devoted,DEVOTED DUAL FULL 013 NC (HMO D-SNP),2026,Medical deductible,$760,CMS,,,
H5299-013-000,Devoted,DEVOTED DUAL FULL 013 NC (HMO D-SNP),2027,Medical deductible,$990,FL,,,
H5299-013-000,Devoted,DEVOTED DUAL FULL 013 NC (HMO D-SNP),2026,Max out-of-pocket,"$9,250",CMS,,,
H5299-013-000,Devoted,DEVOTED DUAL FULL 013 NC (HMO D-SNP),2027,Max out-of-pocket,"$9,850",FL,,,
H5299-013-000,Devoted,DEVOTED DUAL FULL 013 NC (HMO D-SNP),2027,PCP,$0 copay,FL,,,
H5299-013-000,Devoted,DEVOTED DUAL FULL 013 NC (HMO D-SNP),2026,Specialist,30%,CMS,,,
H5299-013-000,Devoted,DEVOTED DUAL FULL 013 NC (HMO D-SNP),2027,Specialist,30% coinsurance,FL,,,
H5299-013-000,Devoted,DEVOTED DUAL FULL 013 NC (HMO D-SNP),2027,Referrals,No,FL,,,
H5299-013-000,Devoted,DEVOTED DUAL FULL 013 NC (HMO D-SNP),2026,Telehealth,0% - 30%,CMS,,,
H5299-013-000,Devoted,DEVOTED DUAL FULL 013 NC (HMO D-SNP),2026,Chiropractic,30%,CMS,,,
H5299-013-000,Devoted,DEVOTED DUAL FULL 013 NC (HMO D-SNP),2026,Podiatry,30%,CMS,,,
H5299-013-000,Devoted,DEVOTED DUAL FULL 013 NC (HMO D-SNP),2026,Other professional,30%,CMS,,,
H5299-013-000,Devoted,DEVOTED DUAL FULL 013 NC (HMO D-SNP),2027,Inpatient hospital,"$2,241 per stay",FL,,,
H5299-013-000,Devoted,DEVOTED DUAL FULL 013 NC (HMO D-SNP),2026,Skilled nursing facility,$0 days 1-20 / $218 days 21-100,CMS,,,
H5299-013-000,Devoted,DEVOTED DUAL FULL 013 NC (HMO D-SNP),2026,Home health,30%,CMS,,,
H5299-013-000,Devoted,DEVOTED DUAL FULL 013 NC (HMO D-SNP),2026,Outpatient hospital,0% - 50%,CMS,,,
H5299-013-000,Devoted,DEVOTED DUAL FULL 013 NC (HMO D-SNP),2026,Outpatient surgery (ASC),30% - 50%,CMS,,,
H5299-013-000,Devoted,DEVOTED DUAL FULL 013 NC (HMO D-SNP),2027,Outpatient surgery (ASC),50% coinsurance,FL,,,
H5299-013-000,Devoted,DEVOTED DUAL FULL 013 NC (HMO D-SNP),2026,Outpatient surgery (hospital),20%,CMS,,,
H5299-013-000,Devoted,DEVOTED DUAL FULL 013 NC (HMO D-SNP),2026,Observation services,50%,CMS,,,
H5299-013-000,Devoted,DEVOTED DUAL FULL 013 NC (HMO D-SNP),2026,Emergency room,$115,CMS,,,
H5299-013-000,Devoted,DEVOTED DUAL FULL 013 NC (HMO D-SNP),2027,Emergency room,$115 copay,FL,,,
H5299-013-000,Devoted,DEVOTED DUAL FULL 013 NC (HMO D-SNP),2026,Urgent care,0% - 30%,CMS,,,
H5299-013-000,Devoted,DEVOTED DUAL FULL 013 NC (HMO D-SNP),2026,Ambulance (ground),0% - 50%,CMS,,,
H5299-013-000,Devoted,DEVOTED DUAL FULL 013 NC (HMO D-SNP),2026,Ambulance (air),50%,CMS,,,
H5299-013-000,Devoted,DEVOTED DUAL FULL 013 NC (HMO D-SNP),2026,Transportation,0% - 50%,CMS,,,
H5299-013-000,Devoted,DEVOTED DUAL FULL 013 NC (HMO D-SNP),2026,Lab services,0% - 50%,CMS,,,
H5299-013-000,Devoted,DEVOTED DUAL FULL 013 NC (HMO D-SNP),2027,Lab services,50% coinsurance,FL,,,
H5299-013-000,Devoted,DEVOTED DUAL FULL 013 NC (HMO D-SNP),2026,Diagnostic radiology,50%,CMS,,,
H5299-013-000,Devoted,DEVOTED DUAL FULL 013 NC (HMO D-SNP),2026,Renal dialysis,20%,CMS,,,
H5299-013-000,Devoted,DEVOTED DUAL FULL 013 NC (HMO D-SNP),2026,Durable medical equipment,20%,CMS,,,
H5299-013-000,Devoted,DEVOTED DUAL FULL 013 NC (HMO D-SNP),2026,Prosthetics,0% - 20%,CMS,,,
H5299-013-000,Devoted,DEVOTED DUAL FULL 013 NC (HMO D-SNP),2026,Diabetic supplies,20%,CMS,,,
H5299-013-000,Devoted,DEVOTED DUAL FULL 013 NC (HMO D-SNP),2026,Physical therapy,0% - 30%,CMS,,,
H5299-013-000,Devoted,DEVOTED DUAL FULL 013 NC (HMO D-SNP),2026,Occupational therapy,30%,CMS,,,
H5299-013-000,Devoted,DEVOTED DUAL FULL 013 NC (HMO D-SNP),2026,Cardiac rehab,30%,CMS,,,
H5299-013-000,Devoted,DEVOTED DUAL FULL 013 NC (HMO D-SNP),2026,Pulmonary rehab,30%,CMS,,,
H5299-013-000,Devoted,DEVOTED DUAL FULL 013 NC (HMO D-SNP),2026,Mental health (individual),30%,CMS,,,
H5299-013-000,Devoted,DEVOTED DUAL FULL 013 NC (HMO D-SNP),2026,Mental health (group),30%,CMS,,,
H5299-013-000,Devoted,DEVOTED DUAL FULL 013 NC (HMO D-SNP),2026,Substance abuse (individual),30%,CMS,,,
H5299-013-000,Devoted,DEVOTED DUAL FULL 013 NC (HMO D-SNP),2026,Partial hospitalization,30%,CMS,,,
H5299-013-000,Devoted,DEVOTED DUAL FULL 013 NC (HMO D-SNP),2027,Wellness programs,$150 per year,FL,,,
H5299-013-000,Devoted,DEVOTED DUAL FULL 013 NC (HMO D-SNP),2026,Rx deductible,$615 (tiers 6 exempt),CMS,,,
H5299-013-000,Devoted,DEVOTED DUAL FULL 013 NC (HMO D-SNP),2027,Rx deductible,$700 tiers 3-5,FL,,,
H5299-013-000,Devoted,DEVOTED DUAL FULL 013 NC (HMO D-SNP),2027,Rx retail (30-day),$0 / $0 / 11% / 25% / 25%,FL,,,
H5299-013-000,Devoted,DEVOTED DUAL FULL 013 NC (HMO D-SNP),2026,Dental - allowance,"$3,000 per year",CMS,,,
H5299-013-000,Devoted,DEVOTED DUAL FULL 013 NC (HMO D-SNP),2027,Dental - allowance,"$3,000 per year (Network-based)",FL,,,
H5299-013-000,Devoted,DEVOTED DUAL FULL 013 NC (HMO D-SNP),2026,Dental - preventive,30%,CMS,,,
H5299-013-000,Devoted,DEVOTED DUAL FULL 013 NC (HMO D-SNP),2027,Vision - eyeglasses,$350 per year,FL,,,
H5299-013-000,Devoted,DEVOTED DUAL FULL 013 NC (HMO D-SNP),2026,Hearing aids,$399 - $699 (2 per year),CMS,,,
H5299-013-000,Devoted,DEVOTED DUAL FULL 013 NC (HMO D-SNP),2027,Hearing aids,$399-$699 copay per aid,FL,,,
H5299-013-000,Devoted,DEVOTED DUAL FULL 013 NC (HMO D-SNP),2026,OTC allowance,$50 per visit,CMS,,,
H5299-013-000,Devoted,DEVOTED DUAL FULL 013 NC (HMO D-SNP),2027,OTC allowance,$50 per quarter,FL,,,
H5299-013-000,Devoted,DEVOTED DUAL FULL 013 NC (HMO D-SNP),2027,Service area,"Charlotte (Alexander, Anson, Cabarrus, Caldwell, Catawba, Cleveland, Gaston, Iredell, Lincoln, Mecklenburg, Montgomery, Rowan, Stanly, Union); Greensboro (Alamance, Caswell, Guilford, Person, Randolph, Rockingham); Northwest North Carolina (Alleghany, Ashe, Surry, Wilkes); Western North Carolina (Avery, Buncombe, Burke, Cherokee, Clay, Graham, Haywood, Henderson, Jackson, Macon, Madison, McDowell, Mitchell, Polk, Rutherford, Swain, Transylvania, Yancey); Wilmington (Bladen, Brunswick, Columbus, New Hanover, Pender); Winston- Salem (Davidson, Davie, Forsyth, Stokes, Yadkin)",FL,,,
H5299-013-000,Devoted,DEVOTED DUAL FULL 013 NC (HMO D-SNP),2027,Key notes,Members with Full Medicaid typically pay $0 for Medicare-covered services due to cost-share protections. Standard LIS Part D cost shares apply. The Food & Home Card is only for chronically ill members who meet specific health criteria (see SB/EOC for details). We proactively review health records to check eligibility. Completing an HRA can help speed up this process.,FL,,,
H5299-014-000,Devoted,DEVOTED C-SNP ENHANCED 014 NC (HMO C-SNP),2026,Premium,$36.20,CMS,,,
H5299-014-000,Devoted,DEVOTED C-SNP ENHANCED 014 NC (HMO C-SNP),2027,Premium,$0.00,FL,,,
H5299-014-000,Devoted,DEVOTED C-SNP ENHANCED 014 NC (HMO C-SNP),2027,Medical deductible,$0,FL,,,
H5299-014-000,Devoted,DEVOTED C-SNP ENHANCED 014 NC (HMO C-SNP),2026,Max out-of-pocket,"$6,200",CMS,,,
H5299-014-000,Devoted,DEVOTED C-SNP ENHANCED 014 NC (HMO C-SNP),2027,Max out-of-pocket,"$6,200",FL,,,
H5299-014-000,Devoted,DEVOTED C-SNP ENHANCED 014 NC (HMO C-SNP),2027,PCP,$0 copay,FL,,,
H5299-014-000,Devoted,DEVOTED C-SNP ENHANCED 014 NC (HMO C-SNP),2026,Specialist,$40,CMS,,,
H5299-014-000,Devoted,DEVOTED C-SNP ENHANCED 014 NC (HMO C-SNP),2027,Specialist,$40 copay,FL,,,
H5299-014-000,Devoted,DEVOTED C-SNP ENHANCED 014 NC (HMO C-SNP),2027,Referrals,No,FL,,,
H5299-014-000,Devoted,DEVOTED C-SNP ENHANCED 014 NC (HMO C-SNP),2026,Telehealth,$0 - $45,CMS,,,
H5299-014-000,Devoted,DEVOTED C-SNP ENHANCED 014 NC (HMO C-SNP),2026,Chiropractic,$15,CMS,,,
H5299-014-000,Devoted,DEVOTED C-SNP ENHANCED 014 NC (HMO C-SNP),2026,Podiatry,$40 - $50,CMS,,,
H5299-014-000,Devoted,DEVOTED C-SNP ENHANCED 014 NC (HMO C-SNP),2026,Other professional,$40,CMS,,,
H5299-014-000,Devoted,DEVOTED C-SNP ENHANCED 014 NC (HMO C-SNP),2026,Inpatient hospital,$430 days 1-5 / $0 days 6-90,CMS,,,
H5299-014-000,Devoted,DEVOTED C-SNP ENHANCED 014 NC (HMO C-SNP),2027,Inpatient hospital,"$430 per day for days 1-5, $0 days 6+",FL,,,
H5299-014-000,Devoted,DEVOTED C-SNP ENHANCED 014 NC (HMO C-SNP),2026,Inpatient psychiatric,$430 days 1-4 / $0 days 5-90,CMS,,,
H5299-014-000,Devoted,DEVOTED C-SNP ENHANCED 014 NC (HMO C-SNP),2026,Skilled nursing facility,$0 days 1-20 / $218 days 21-100,CMS,,,
H5299-014-000,Devoted,DEVOTED C-SNP ENHANCED 014 NC (HMO C-SNP),2026,Home health,$60,CMS,,,
H5299-014-000,Devoted,DEVOTED C-SNP ENHANCED 014 NC (HMO C-SNP),2026,Outpatient hospital,$0 - $95,CMS,,,
H5299-014-000,Devoted,DEVOTED C-SNP ENHANCED 014 NC (HMO C-SNP),2026,Outpatient surgery (ASC),$0 - $300,CMS,,,
H5299-014-000,Devoted,DEVOTED C-SNP ENHANCED 014 NC (HMO C-SNP),2027,Outpatient surgery (ASC),$430-$530 copay,FL,,,
H5299-014-000,Devoted,DEVOTED C-SNP ENHANCED 014 NC (HMO C-SNP),2026,Outpatient surgery (hospital),20%,CMS,,,
H5299-014-000,Devoted,DEVOTED C-SNP ENHANCED 014 NC (HMO C-SNP),2026,Observation services,$0 - $20,CMS,,,
H5299-014-000,Devoted,DEVOTED C-SNP ENHANCED 014 NC (HMO C-SNP),2026,Emergency room,$130,CMS,,,
H5299-014-000,Devoted,DEVOTED C-SNP ENHANCED 014 NC (HMO C-SNP),2027,Emergency room,$130 copay,FL,,,
H5299-014-000,Devoted,DEVOTED C-SNP ENHANCED 014 NC (HMO C-SNP),2026,Urgent care,$0 - $45,CMS,,,
H5299-014-000,Devoted,DEVOTED C-SNP ENHANCED 014 NC (HMO C-SNP),2026,Ambulance (ground),$0 - $530,CMS,,,
H5299-014-000,Devoted,DEVOTED C-SNP ENHANCED 014 NC (HMO C-SNP),2026,Ambulance (air),$430,CMS,,,
H5299-014-000,Devoted,DEVOTED C-SNP ENHANCED 014 NC (HMO C-SNP),2026,Transportation,$0 - $430,CMS,,,
H5299-014-000,Devoted,DEVOTED C-SNP ENHANCED 014 NC (HMO C-SNP),2026,Lab services,$0 - $325,CMS,,,
H5299-014-000,Devoted,DEVOTED C-SNP ENHANCED 014 NC (HMO C-SNP),2027,Lab services,$0 copay,FL,,,
H5299-014-000,Devoted,DEVOTED C-SNP ENHANCED 014 NC (HMO C-SNP),2026,Diagnostic radiology,20%,CMS,,,
H5299-014-000,Devoted,DEVOTED C-SNP ENHANCED 014 NC (HMO C-SNP),2026,Renal dialysis,20%,CMS,,,
H5299-014-000,Devoted,DEVOTED C-SNP ENHANCED 014 NC (HMO C-SNP),2026,Durable medical equipment,20% - 50%,CMS,,,
H5299-014-000,Devoted,DEVOTED C-SNP ENHANCED 014 NC (HMO C-SNP),2026,Prosthetics,0% - 20%,CMS,,,
H5299-014-000,Devoted,DEVOTED C-SNP ENHANCED 014 NC (HMO C-SNP),2026,Diabetic supplies,0% - 50%,CMS,,,
H5299-014-000,Devoted,DEVOTED C-SNP ENHANCED 014 NC (HMO C-SNP),2026,Physical therapy,$0 - $40,CMS,,,
H5299-014-000,Devoted,DEVOTED C-SNP ENHANCED 014 NC (HMO C-SNP),2026,Occupational therapy,$40 - $50,CMS,,,
H5299-014-000,Devoted,DEVOTED C-SNP ENHANCED 014 NC (HMO C-SNP),2026,Cardiac rehab,$40,CMS,,,
H5299-014-000,Devoted,DEVOTED C-SNP ENHANCED 014 NC (HMO C-SNP),2026,Pulmonary rehab,$35,CMS,,,
H5299-014-000,Devoted,DEVOTED C-SNP ENHANCED 014 NC (HMO C-SNP),2026,Mental health (individual),$40,CMS,,,
H5299-014-000,Devoted,DEVOTED C-SNP ENHANCED 014 NC (HMO C-SNP),2026,Mental health (group),$40,CMS,,,
H5299-014-000,Devoted,DEVOTED C-SNP ENHANCED 014 NC (HMO C-SNP),2026,Substance abuse (individual),$40,CMS,,,
H5299-014-000,Devoted,DEVOTED C-SNP ENHANCED 014 NC (HMO C-SNP),2026,Partial hospitalization,$40,CMS,,,
H5299-014-000,Devoted,DEVOTED C-SNP ENHANCED 014 NC (HMO C-SNP),2027,Wellness programs,$150 per year,FL,,,
H5299-014-000,Devoted,DEVOTED C-SNP ENHANCED 014 NC (HMO C-SNP),2026,Rx deductible,$615 (tiers 6 exempt),CMS,,,
H5299-014-000,Devoted,DEVOTED C-SNP ENHANCED 014 NC (HMO C-SNP),2027,Rx deductible,$461 tiers 3-5,FL,,,
H5299-014-000,Devoted,DEVOTED C-SNP ENHANCED 014 NC (HMO C-SNP),2027,Rx retail (30-day),$0 / $0 / 15% / 25% / 26%,FL,,,
H5299-014-000,Devoted,DEVOTED C-SNP ENHANCED 014 NC (HMO C-SNP),2026,Dental - allowance,"$2,000 per year",CMS,,,
H5299-014-000,Devoted,DEVOTED C-SNP ENHANCED 014 NC (HMO C-SNP),2027,Dental - allowance,"$2,000 per year (Network-based)",FL,,,
H5299-014-000,Devoted,DEVOTED C-SNP ENHANCED 014 NC (HMO C-SNP),2026,Dental - preventive,$40,CMS,,,
H5299-014-000,Devoted,DEVOTED C-SNP ENHANCED 014 NC (HMO C-SNP),2027,Vision - eyeglasses,$300 per year,FL,,,
H5299-014-000,Devoted,DEVOTED C-SNP ENHANCED 014 NC (HMO C-SNP),2026,Hearing aids,$399 - $699 (2 per year),CMS,,,
H5299-014-000,Devoted,DEVOTED C-SNP ENHANCED 014 NC (HMO C-SNP),2027,Hearing aids,$399-$699 copay per aid,FL,,,
H5299-014-000,Devoted,DEVOTED C-SNP ENHANCED 014 NC (HMO C-SNP),2026,OTC allowance,$50 per visit,CMS,,,
H5299-014-000,Devoted,DEVOTED C-SNP ENHANCED 014 NC (HMO C-SNP),2027,OTC allowance,$50 per quarter,FL,,,
H5299-014-000,Devoted,DEVOTED C-SNP ENHANCED 014 NC (HMO C-SNP),2027,Service area,"Northwest North Carolina (Alleghany, Ashe, Surry, Wilkes); Wilmington (Bladen, Brunswick, Columbus, New Hanover, Pender)",FL,,,
H5299-014-000,Devoted,DEVOTED C-SNP ENHANCED 014 NC (HMO C-SNP),2027,Key notes,"LIS members pay the lower of their LIS cost share or Part D plan copay. To avoid disenrollment, members must submit their portion of the C-SNP form with their enrollment form, and have their provider complete their section within 2 months. The Food & Home Card is only for chronically ill members who meet specific health criteria (see SB/EOC for details). We proactively review health records to check eligibility. Completing an HRA can help speed up this process.",FL,,,
H5299-015-000,Devoted,DEVOTED C-SNP PLUS 015 NC (HMO C-SNP),2026,Premium,$36.20,CMS,,,
H5299-015-000,Devoted,DEVOTED C-SNP PLUS 015 NC (HMO C-SNP),2027,Premium,$0.00,FL,,,
H5299-015-000,Devoted,DEVOTED C-SNP PLUS 015 NC (HMO C-SNP),2026,Medical deductible,$925,CMS,,,
H5299-015-000,Devoted,DEVOTED C-SNP PLUS 015 NC (HMO C-SNP),2027,Medical deductible,$990,FL,,,
H5299-015-000,Devoted,DEVOTED C-SNP PLUS 015 NC (HMO C-SNP),2026,Max out-of-pocket,"$9,250",CMS,,,
H5299-015-000,Devoted,DEVOTED C-SNP PLUS 015 NC (HMO C-SNP),2027,Max out-of-pocket,"$9,850",FL,,,
H5299-015-000,Devoted,DEVOTED C-SNP PLUS 015 NC (HMO C-SNP),2027,PCP,$0 copay,FL,,,
H5299-015-000,Devoted,DEVOTED C-SNP PLUS 015 NC (HMO C-SNP),2026,Specialist,30%,CMS,,,
H5299-015-000,Devoted,DEVOTED C-SNP PLUS 015 NC (HMO C-SNP),2027,Specialist,30% coinsurance,FL,,,
H5299-015-000,Devoted,DEVOTED C-SNP PLUS 015 NC (HMO C-SNP),2027,Referrals,No,FL,,,
H5299-015-000,Devoted,DEVOTED C-SNP PLUS 015 NC (HMO C-SNP),2026,Telehealth,0% - 30%,CMS,,,
H5299-015-000,Devoted,DEVOTED C-SNP PLUS 015 NC (HMO C-SNP),2026,Chiropractic,$15,CMS,,,
H5299-015-000,Devoted,DEVOTED C-SNP PLUS 015 NC (HMO C-SNP),2026,Podiatry,30%,CMS,,,
H5299-015-000,Devoted,DEVOTED C-SNP PLUS 015 NC (HMO C-SNP),2026,Other professional,30%,CMS,,,
H5299-015-000,Devoted,DEVOTED C-SNP PLUS 015 NC (HMO C-SNP),2027,Inpatient hospital,"$2,241 per stay",FL,,,
H5299-015-000,Devoted,DEVOTED C-SNP PLUS 015 NC (HMO C-SNP),2026,Skilled nursing facility,$0 days 1-20 / $218 days 21-100,CMS,,,
H5299-015-000,Devoted,DEVOTED C-SNP PLUS 015 NC (HMO C-SNP),2026,Home health,20%,CMS,,,
H5299-015-000,Devoted,DEVOTED C-SNP PLUS 015 NC (HMO C-SNP),2026,Outpatient hospital,0% - 50%,CMS,,,
H5299-015-000,Devoted,DEVOTED C-SNP PLUS 015 NC (HMO C-SNP),2026,Outpatient surgery (ASC),50%,CMS,,,
H5299-015-000,Devoted,DEVOTED C-SNP PLUS 015 NC (HMO C-SNP),2027,Outpatient surgery (ASC),50% coinsurance,FL,,,
H5299-015-000,Devoted,DEVOTED C-SNP PLUS 015 NC (HMO C-SNP),2026,Outpatient surgery (hospital),20%,CMS,,,
H5299-015-000,Devoted,DEVOTED C-SNP PLUS 015 NC (HMO C-SNP),2026,Observation services,50%,CMS,,,
H5299-015-000,Devoted,DEVOTED C-SNP PLUS 015 NC (HMO C-SNP),2026,Emergency room,$115,CMS,,,
H5299-015-000,Devoted,DEVOTED C-SNP PLUS 015 NC (HMO C-SNP),2027,Emergency room,$115 copay,FL,,,
H5299-015-000,Devoted,DEVOTED C-SNP PLUS 015 NC (HMO C-SNP),2026,Urgent care,0% - 20%,CMS,,,
H5299-015-000,Devoted,DEVOTED C-SNP PLUS 015 NC (HMO C-SNP),2026,Ambulance (ground),0% - 50%,CMS,,,
H5299-015-000,Devoted,DEVOTED C-SNP PLUS 015 NC (HMO C-SNP),2026,Ambulance (air),50%,CMS,,,
H5299-015-000,Devoted,DEVOTED C-SNP PLUS 015 NC (HMO C-SNP),2026,Transportation,0% - 50%,CMS,,,
H5299-015-000,Devoted,DEVOTED C-SNP PLUS 015 NC (HMO C-SNP),2026,Lab services,0% - 50%,CMS,,,
H5299-015-000,Devoted,DEVOTED C-SNP PLUS 015 NC (HMO C-SNP),2027,Lab services,50% coinsurance,FL,,,
H5299-015-000,Devoted,DEVOTED C-SNP PLUS 015 NC (HMO C-SNP),2026,Diagnostic radiology,50%,CMS,,,
H5299-015-000,Devoted,DEVOTED C-SNP PLUS 015 NC (HMO C-SNP),2026,Renal dialysis,20%,CMS,,,
H5299-015-000,Devoted,DEVOTED C-SNP PLUS 015 NC (HMO C-SNP),2026,Durable medical equipment,20%,CMS,,,
H5299-015-000,Devoted,DEVOTED C-SNP PLUS 015 NC (HMO C-SNP),2026,Prosthetics,0% - 20%,CMS,,,
H5299-015-000,Devoted,DEVOTED C-SNP PLUS 015 NC (HMO C-SNP),2026,Diabetic supplies,20%,CMS,,,
H5299-015-000,Devoted,DEVOTED C-SNP PLUS 015 NC (HMO C-SNP),2026,Physical therapy,0% - 30%,CMS,,,
H5299-015-000,Devoted,DEVOTED C-SNP PLUS 015 NC (HMO C-SNP),2026,Occupational therapy,30%,CMS,,,
H5299-015-000,Devoted,DEVOTED C-SNP PLUS 015 NC (HMO C-SNP),2026,Cardiac rehab,30%,CMS,,,
H5299-015-000,Devoted,DEVOTED C-SNP PLUS 015 NC (HMO C-SNP),2026,Pulmonary rehab,30%,CMS,,,
H5299-015-000,Devoted,DEVOTED C-SNP PLUS 015 NC (HMO C-SNP),2026,Mental health (individual),30%,CMS,,,
H5299-015-000,Devoted,DEVOTED C-SNP PLUS 015 NC (HMO C-SNP),2026,Mental health (group),30%,CMS,,,
H5299-015-000,Devoted,DEVOTED C-SNP PLUS 015 NC (HMO C-SNP),2026,Substance abuse (individual),30%,CMS,,,
H5299-015-000,Devoted,DEVOTED C-SNP PLUS 015 NC (HMO C-SNP),2026,Partial hospitalization,30%,CMS,,,
H5299-015-000,Devoted,DEVOTED C-SNP PLUS 015 NC (HMO C-SNP),2027,Wellness programs,$150 per year,FL,,,
H5299-015-000,Devoted,DEVOTED C-SNP PLUS 015 NC (HMO C-SNP),2026,Rx deductible,$615 (tiers 6 exempt),CMS,,,
H5299-015-000,Devoted,DEVOTED C-SNP PLUS 015 NC (HMO C-SNP),2027,Rx deductible,$461 tiers 3-5,FL,,,
H5299-015-000,Devoted,DEVOTED C-SNP PLUS 015 NC (HMO C-SNP),2027,Rx retail (30-day),$0 / $0 / 15% / 25% / 26%,FL,,,
H5299-015-000,Devoted,DEVOTED C-SNP PLUS 015 NC (HMO C-SNP),2026,Dental - allowance,"$3,000 per year",CMS,,,
H5299-015-000,Devoted,DEVOTED C-SNP PLUS 015 NC (HMO C-SNP),2027,Dental - allowance,"$3,000 per year (Network-based)",FL,,,
H5299-015-000,Devoted,DEVOTED C-SNP PLUS 015 NC (HMO C-SNP),2026,Dental - preventive,30%,CMS,,,
H5299-015-000,Devoted,DEVOTED C-SNP PLUS 015 NC (HMO C-SNP),2027,Vision - eyeglasses,$300 per year,FL,,,
H5299-015-000,Devoted,DEVOTED C-SNP PLUS 015 NC (HMO C-SNP),2026,Hearing aids,$399 - $699 (2 per year),CMS,,,
H5299-015-000,Devoted,DEVOTED C-SNP PLUS 015 NC (HMO C-SNP),2027,Hearing aids,$399-$699 copay per aid,FL,,,
H5299-015-000,Devoted,DEVOTED C-SNP PLUS 015 NC (HMO C-SNP),2026,OTC allowance,$50 per visit,CMS,,,
H5299-015-000,Devoted,DEVOTED C-SNP PLUS 015 NC (HMO C-SNP),2027,OTC allowance,$50 per quarter,FL,,,
H5299-015-000,Devoted,DEVOTED C-SNP PLUS 015 NC (HMO C-SNP),2027,Service area,"Charlotte (Alexander, Anson, Cabarrus, Caldwell, Catawba, Cleveland, Gaston, Iredell, Lincoln, Mecklenburg, Montgomery, Rowan, Stanly, Union); Greensboro (Alamance, Caswell, Guilford, Person, Randolph, Rockingham); Northwest North Carolina (Alleghany, Ashe, Surry, Wilkes); Western North Carolina (Avery, Buncombe, Burke, Cherokee, Clay, Graham, Haywood, Henderson, Jackson, Macon, Madison, McDowell, Mitchell, Polk, Rutherford, Swain, Transylvania, Yancey); Wilmington (Bladen, Brunswick, Columbus, New Hanover, Pender); Winston- Salem (Davidson, Davie, Forsyth, Stokes, Yadkin)",FL,,,
H5299-015-000,Devoted,DEVOTED C-SNP PLUS 015 NC (HMO C-SNP),2027,Key notes,"Members with Full Medicaid or QMB typically pay $0 for Medicare-covered services due to cost-share protections. Standard medical cost shares for all others. Extra Help members pay standard LIS cost shares. To avoid disenrollment, members must submit their portion of the C-SNP form with their enrollment form, and have their provider complete their section within 2 months. The Food & Home Card is only for chronically ill members who meet specific health criteria (see SB/EOC for details). We proactively review health records to check eligibility. Completing an HRA can help speed up this process.",FL,,,
H5299-016-000,Devoted,DEVOTED C-SNP ENHANCED 016 NC (HMO C-SNP),2026,Premium,$36.20,CMS,,,
H5299-016-000,Devoted,DEVOTED C-SNP ENHANCED 016 NC (HMO C-SNP),2027,Premium,$0.00,FL,,,
H5299-016-000,Devoted,DEVOTED C-SNP ENHANCED 016 NC (HMO C-SNP),2027,Medical deductible,$0,FL,,,
H5299-016-000,Devoted,DEVOTED C-SNP ENHANCED 016 NC (HMO C-SNP),2026,Max out-of-pocket,"$4,900",CMS,,,
H5299-016-000,Devoted,DEVOTED C-SNP ENHANCED 016 NC (HMO C-SNP),2027,Max out-of-pocket,"$5,400",FL,,,
H5299-016-000,Devoted,DEVOTED C-SNP ENHANCED 016 NC (HMO C-SNP),2027,PCP,$0 copay,FL,,,
H5299-016-000,Devoted,DEVOTED C-SNP ENHANCED 016 NC (HMO C-SNP),2026,Specialist,$30,CMS,,,
H5299-016-000,Devoted,DEVOTED C-SNP ENHANCED 016 NC (HMO C-SNP),2027,Specialist,$40 copay,FL,,,
H5299-016-000,Devoted,DEVOTED C-SNP ENHANCED 016 NC (HMO C-SNP),2027,Referrals,No,FL,,,
H5299-016-000,Devoted,DEVOTED C-SNP ENHANCED 016 NC (HMO C-SNP),2026,Telehealth,$0 - $45,CMS,,,
H5299-016-000,Devoted,DEVOTED C-SNP ENHANCED 016 NC (HMO C-SNP),2026,Chiropractic,$15,CMS,,,
H5299-016-000,Devoted,DEVOTED C-SNP ENHANCED 016 NC (HMO C-SNP),2026,Podiatry,$30 - $50,CMS,,,
H5299-016-000,Devoted,DEVOTED C-SNP ENHANCED 016 NC (HMO C-SNP),2026,Other professional,$30,CMS,,,
H5299-016-000,Devoted,DEVOTED C-SNP ENHANCED 016 NC (HMO C-SNP),2026,Inpatient hospital,$405 days 1-6 / $0 days 7-90,CMS,,,
H5299-016-000,Devoted,DEVOTED C-SNP ENHANCED 016 NC (HMO C-SNP),2027,Inpatient hospital,"$410 per day for days 1-6, $0 days 7+",FL,,,
H5299-016-000,Devoted,DEVOTED C-SNP ENHANCED 016 NC (HMO C-SNP),2026,Inpatient psychiatric,$405 days 1-5 / $0 days 6-90,CMS,,,
H5299-016-000,Devoted,DEVOTED C-SNP ENHANCED 016 NC (HMO C-SNP),2026,Skilled nursing facility,$0 days 1-20 / $218 days 21-100,CMS,,,
H5299-016-000,Devoted,DEVOTED C-SNP ENHANCED 016 NC (HMO C-SNP),2026,Home health,$60,CMS,,,
H5299-016-000,Devoted,DEVOTED C-SNP ENHANCED 016 NC (HMO C-SNP),2026,Outpatient hospital,$0 - $95,CMS,,,
H5299-016-000,Devoted,DEVOTED C-SNP ENHANCED 016 NC (HMO C-SNP),2026,Outpatient surgery (ASC),$0 - $300,CMS,,,
H5299-016-000,Devoted,DEVOTED C-SNP ENHANCED 016 NC (HMO C-SNP),2027,Outpatient surgery (ASC),$410-$510 copay,FL,,,
H5299-016-000,Devoted,DEVOTED C-SNP ENHANCED 016 NC (HMO C-SNP),2026,Outpatient surgery (hospital),20%,CMS,,,
H5299-016-000,Devoted,DEVOTED C-SNP ENHANCED 016 NC (HMO C-SNP),2026,Observation services,$0 - $20,CMS,,,
H5299-016-000,Devoted,DEVOTED C-SNP ENHANCED 016 NC (HMO C-SNP),2026,Emergency room,$130,CMS,,,
H5299-016-000,Devoted,DEVOTED C-SNP ENHANCED 016 NC (HMO C-SNP),2027,Emergency room,$130 copay,FL,,,
H5299-016-000,Devoted,DEVOTED C-SNP ENHANCED 016 NC (HMO C-SNP),2026,Urgent care,$0 - $45,CMS,,,
H5299-016-000,Devoted,DEVOTED C-SNP ENHANCED 016 NC (HMO C-SNP),2026,Ambulance (ground),$0 - $505,CMS,,,
H5299-016-000,Devoted,DEVOTED C-SNP ENHANCED 016 NC (HMO C-SNP),2026,Ambulance (air),$405,CMS,,,
H5299-016-000,Devoted,DEVOTED C-SNP ENHANCED 016 NC (HMO C-SNP),2026,Transportation,$0 - $405,CMS,,,
H5299-016-000,Devoted,DEVOTED C-SNP ENHANCED 016 NC (HMO C-SNP),2026,Lab services,$0 - $325,CMS,,,
H5299-016-000,Devoted,DEVOTED C-SNP ENHANCED 016 NC (HMO C-SNP),2027,Lab services,$0 copay,FL,,,
H5299-016-000,Devoted,DEVOTED C-SNP ENHANCED 016 NC (HMO C-SNP),2026,Diagnostic radiology,20%,CMS,,,
H5299-016-000,Devoted,DEVOTED C-SNP ENHANCED 016 NC (HMO C-SNP),2026,Renal dialysis,20%,CMS,,,
H5299-016-000,Devoted,DEVOTED C-SNP ENHANCED 016 NC (HMO C-SNP),2026,Durable medical equipment,20% - 50%,CMS,,,
H5299-016-000,Devoted,DEVOTED C-SNP ENHANCED 016 NC (HMO C-SNP),2026,Prosthetics,0% - 20%,CMS,,,
H5299-016-000,Devoted,DEVOTED C-SNP ENHANCED 016 NC (HMO C-SNP),2026,Diabetic supplies,0% - 50%,CMS,,,
H5299-016-000,Devoted,DEVOTED C-SNP ENHANCED 016 NC (HMO C-SNP),2026,Physical therapy,$0 - $30,CMS,,,
H5299-016-000,Devoted,DEVOTED C-SNP ENHANCED 016 NC (HMO C-SNP),2026,Occupational therapy,$30 - $50,CMS,,,
H5299-016-000,Devoted,DEVOTED C-SNP ENHANCED 016 NC (HMO C-SNP),2026,Cardiac rehab,$30,CMS,,,
H5299-016-000,Devoted,DEVOTED C-SNP ENHANCED 016 NC (HMO C-SNP),2026,Pulmonary rehab,$30,CMS,,,
H5299-016-000,Devoted,DEVOTED C-SNP ENHANCED 016 NC (HMO C-SNP),2026,Mental health (individual),$30,CMS,,,
H5299-016-000,Devoted,DEVOTED C-SNP ENHANCED 016 NC (HMO C-SNP),2026,Mental health (group),$30,CMS,,,
H5299-016-000,Devoted,DEVOTED C-SNP ENHANCED 016 NC (HMO C-SNP),2026,Substance abuse (individual),$30,CMS,,,
H5299-016-000,Devoted,DEVOTED C-SNP ENHANCED 016 NC (HMO C-SNP),2026,Partial hospitalization,$30,CMS,,,
H5299-016-000,Devoted,DEVOTED C-SNP ENHANCED 016 NC (HMO C-SNP),2027,Wellness programs,$150 per year,FL,,,
H5299-016-000,Devoted,DEVOTED C-SNP ENHANCED 016 NC (HMO C-SNP),2026,Rx deductible,$615 (tiers 6 exempt),CMS,,,
H5299-016-000,Devoted,DEVOTED C-SNP ENHANCED 016 NC (HMO C-SNP),2027,Rx deductible,$461 tiers 3-5,FL,,,
H5299-016-000,Devoted,DEVOTED C-SNP ENHANCED 016 NC (HMO C-SNP),2027,Rx retail (30-day),$0 / $0 / 15% / 25% / 26%,FL,,,
H5299-016-000,Devoted,DEVOTED C-SNP ENHANCED 016 NC (HMO C-SNP),2026,Dental - allowance,"$2,000 per year",CMS,,,
H5299-016-000,Devoted,DEVOTED C-SNP ENHANCED 016 NC (HMO C-SNP),2027,Dental - allowance,"$2,000 per year (Network-based)",FL,,,
H5299-016-000,Devoted,DEVOTED C-SNP ENHANCED 016 NC (HMO C-SNP),2026,Dental - preventive,$30,CMS,,,
H5299-016-000,Devoted,DEVOTED C-SNP ENHANCED 016 NC (HMO C-SNP),2027,Vision - eyeglasses,$300 per year,FL,,,
H5299-016-000,Devoted,DEVOTED C-SNP ENHANCED 016 NC (HMO C-SNP),2026,Hearing aids,$399 - $699 (2 per year),CMS,,,
H5299-016-000,Devoted,DEVOTED C-SNP ENHANCED 016 NC (HMO C-SNP),2027,Hearing aids,$399-$699 copay per aid,FL,,,
H5299-016-000,Devoted,DEVOTED C-SNP ENHANCED 016 NC (HMO C-SNP),2026,OTC allowance,$50 per visit,CMS,,,
H5299-016-000,Devoted,DEVOTED C-SNP ENHANCED 016 NC (HMO C-SNP),2027,OTC allowance,$50 per quarter,FL,,,
H5299-016-000,Devoted,DEVOTED C-SNP ENHANCED 016 NC (HMO C-SNP),2027,Service area,"Charlotte (Alexander, Anson, Cabarrus, Caldwell, Catawba, Cleveland, Gaston, Iredell, Lincoln, Mecklenburg, Montgomery, Rowan, Stanly, Union)",FL,,,
H5299-016-000,Devoted,DEVOTED C-SNP ENHANCED 016 NC (HMO C-SNP),2027,Key notes,"LIS members pay the lower of their LIS cost share or Part D plan copay. To avoid disenrollment, members must submit their portion of the C-SNP form with their enrollment form, and have their provider complete their section within 2 months. The Food & Home Card is only for chronically ill members who meet specific health criteria (see SB/EOC for details). We proactively review health records to check eligibility. Completing an HRA can help speed up this process.",FL,,,
H5299-017-000,Devoted,DEVOTED C-SNP ENHANCED 017 NC (HMO C-SNP),2026,Premium,$36.20,CMS,,,
H5299-017-000,Devoted,DEVOTED C-SNP ENHANCED 017 NC (HMO C-SNP),2027,Premium,$0.00,FL,,,
H5299-017-000,Devoted,DEVOTED C-SNP ENHANCED 017 NC (HMO C-SNP),2027,Medical deductible,$0,FL,,,
H5299-017-000,Devoted,DEVOTED C-SNP ENHANCED 017 NC (HMO C-SNP),2026,Max out-of-pocket,"$4,800",CMS,,,
H5299-017-000,Devoted,DEVOTED C-SNP ENHANCED 017 NC (HMO C-SNP),2027,Max out-of-pocket,"$4,800",FL,,,
H5299-017-000,Devoted,DEVOTED C-SNP ENHANCED 017 NC (HMO C-SNP),2027,PCP,$0 copay,FL,,,
H5299-017-000,Devoted,DEVOTED C-SNP ENHANCED 017 NC (HMO C-SNP),2026,Specialist,$30,CMS,,,
H5299-017-000,Devoted,DEVOTED C-SNP ENHANCED 017 NC (HMO C-SNP),2027,Specialist,$30 copay,FL,,,
H5299-017-000,Devoted,DEVOTED C-SNP ENHANCED 017 NC (HMO C-SNP),2027,Referrals,No,FL,,,
H5299-017-000,Devoted,DEVOTED C-SNP ENHANCED 017 NC (HMO C-SNP),2026,Telehealth,$0 - $45,CMS,,,
H5299-017-000,Devoted,DEVOTED C-SNP ENHANCED 017 NC (HMO C-SNP),2026,Chiropractic,$15,CMS,,,
H5299-017-000,Devoted,DEVOTED C-SNP ENHANCED 017 NC (HMO C-SNP),2026,Podiatry,$30 - $50,CMS,,,
H5299-017-000,Devoted,DEVOTED C-SNP ENHANCED 017 NC (HMO C-SNP),2026,Other professional,$30,CMS,,,
H5299-017-000,Devoted,DEVOTED C-SNP ENHANCED 017 NC (HMO C-SNP),2026,Inpatient hospital,$405 days 1-6 / $0 days 7-90,CMS,,,
H5299-017-000,Devoted,DEVOTED C-SNP ENHANCED 017 NC (HMO C-SNP),2027,Inpatient hospital,"$405 per day for days 1-5, $0 days 6+",FL,,,
H5299-017-000,Devoted,DEVOTED C-SNP ENHANCED 017 NC (HMO C-SNP),2026,Inpatient psychiatric,$405 days 1-5 / $0 days 6-90,CMS,,,
H5299-017-000,Devoted,DEVOTED C-SNP ENHANCED 017 NC (HMO C-SNP),2026,Skilled nursing facility,$0 days 1-20 / $218 days 21-100,CMS,,,
H5299-017-000,Devoted,DEVOTED C-SNP ENHANCED 017 NC (HMO C-SNP),2026,Home health,$60,CMS,,,
H5299-017-000,Devoted,DEVOTED C-SNP ENHANCED 017 NC (HMO C-SNP),2026,Outpatient hospital,$0 - $95,CMS,,,
H5299-017-000,Devoted,DEVOTED C-SNP ENHANCED 017 NC (HMO C-SNP),2026,Outpatient surgery (ASC),$0 - $300,CMS,,,
H5299-017-000,Devoted,DEVOTED C-SNP ENHANCED 017 NC (HMO C-SNP),2027,Outpatient surgery (ASC),$405-$505 copay,FL,,,
H5299-017-000,Devoted,DEVOTED C-SNP ENHANCED 017 NC (HMO C-SNP),2026,Outpatient surgery (hospital),20%,CMS,,,
H5299-017-000,Devoted,DEVOTED C-SNP ENHANCED 017 NC (HMO C-SNP),2026,Observation services,$0 - $20,CMS,,,
H5299-017-000,Devoted,DEVOTED C-SNP ENHANCED 017 NC (HMO C-SNP),2026,Emergency room,$130,CMS,,,
H5299-017-000,Devoted,DEVOTED C-SNP ENHANCED 017 NC (HMO C-SNP),2027,Emergency room,$130 copay,FL,,,
H5299-017-000,Devoted,DEVOTED C-SNP ENHANCED 017 NC (HMO C-SNP),2026,Urgent care,$0 - $45,CMS,,,
H5299-017-000,Devoted,DEVOTED C-SNP ENHANCED 017 NC (HMO C-SNP),2026,Ambulance (ground),$0 - $505,CMS,,,
H5299-017-000,Devoted,DEVOTED C-SNP ENHANCED 017 NC (HMO C-SNP),2026,Ambulance (air),$405,CMS,,,
H5299-017-000,Devoted,DEVOTED C-SNP ENHANCED 017 NC (HMO C-SNP),2026,Transportation,$0 - $405,CMS,,,
H5299-017-000,Devoted,DEVOTED C-SNP ENHANCED 017 NC (HMO C-SNP),2026,Lab services,$0 - $325,CMS,,,
H5299-017-000,Devoted,DEVOTED C-SNP ENHANCED 017 NC (HMO C-SNP),2027,Lab services,$0 copay,FL,,,
H5299-017-000,Devoted,DEVOTED C-SNP ENHANCED 017 NC (HMO C-SNP),2026,Diagnostic radiology,20%,CMS,,,
H5299-017-000,Devoted,DEVOTED C-SNP ENHANCED 017 NC (HMO C-SNP),2026,Renal dialysis,20%,CMS,,,
H5299-017-000,Devoted,DEVOTED C-SNP ENHANCED 017 NC (HMO C-SNP),2026,Durable medical equipment,20% - 50%,CMS,,,
H5299-017-000,Devoted,DEVOTED C-SNP ENHANCED 017 NC (HMO C-SNP),2026,Prosthetics,0% - 20%,CMS,,,
H5299-017-000,Devoted,DEVOTED C-SNP ENHANCED 017 NC (HMO C-SNP),2026,Diabetic supplies,0% - 50%,CMS,,,
H5299-017-000,Devoted,DEVOTED C-SNP ENHANCED 017 NC (HMO C-SNP),2026,Physical therapy,$0 - $30,CMS,,,
H5299-017-000,Devoted,DEVOTED C-SNP ENHANCED 017 NC (HMO C-SNP),2026,Occupational therapy,$30 - $50,CMS,,,
H5299-017-000,Devoted,DEVOTED C-SNP ENHANCED 017 NC (HMO C-SNP),2026,Cardiac rehab,$30,CMS,,,
H5299-017-000,Devoted,DEVOTED C-SNP ENHANCED 017 NC (HMO C-SNP),2026,Pulmonary rehab,$30,CMS,,,
H5299-017-000,Devoted,DEVOTED C-SNP ENHANCED 017 NC (HMO C-SNP),2026,Mental health (individual),$30,CMS,,,
H5299-017-000,Devoted,DEVOTED C-SNP ENHANCED 017 NC (HMO C-SNP),2026,Mental health (group),$30,CMS,,,
H5299-017-000,Devoted,DEVOTED C-SNP ENHANCED 017 NC (HMO C-SNP),2026,Substance abuse (individual),$30,CMS,,,
H5299-017-000,Devoted,DEVOTED C-SNP ENHANCED 017 NC (HMO C-SNP),2026,Partial hospitalization,$30,CMS,,,
H5299-017-000,Devoted,DEVOTED C-SNP ENHANCED 017 NC (HMO C-SNP),2027,Wellness programs,$150 per year,FL,,,
H5299-017-000,Devoted,DEVOTED C-SNP ENHANCED 017 NC (HMO C-SNP),2026,Rx deductible,$615 (tiers 6 exempt),CMS,,,
H5299-017-000,Devoted,DEVOTED C-SNP ENHANCED 017 NC (HMO C-SNP),2027,Rx deductible,$461 tiers 3-5,FL,,,
H5299-017-000,Devoted,DEVOTED C-SNP ENHANCED 017 NC (HMO C-SNP),2027,Rx retail (30-day),$0 / $0 / 15% / 25% / 26%,FL,,,
H5299-017-000,Devoted,DEVOTED C-SNP ENHANCED 017 NC (HMO C-SNP),2026,Dental - allowance,"$2,000 per year",CMS,,,
H5299-017-000,Devoted,DEVOTED C-SNP ENHANCED 017 NC (HMO C-SNP),2027,Dental - allowance,"$2,000 per year (Network-based)",FL,,,
H5299-017-000,Devoted,DEVOTED C-SNP ENHANCED 017 NC (HMO C-SNP),2026,Dental - preventive,$30,CMS,,,
H5299-017-000,Devoted,DEVOTED C-SNP ENHANCED 017 NC (HMO C-SNP),2027,Vision - eyeglasses,$300 per year,FL,,,
H5299-017-000,Devoted,DEVOTED C-SNP ENHANCED 017 NC (HMO C-SNP),2026,Hearing aids,$399 - $699 (2 per year),CMS,,,
H5299-017-000,Devoted,DEVOTED C-SNP ENHANCED 017 NC (HMO C-SNP),2027,Hearing aids,$399-$699 copay per aid,FL,,,
H5299-017-000,Devoted,DEVOTED C-SNP ENHANCED 017 NC (HMO C-SNP),2026,OTC allowance,$50 per visit,CMS,,,
H5299-017-000,Devoted,DEVOTED C-SNP ENHANCED 017 NC (HMO C-SNP),2027,OTC allowance,$50 per quarter,FL,,,
H5299-017-000,Devoted,DEVOTED C-SNP ENHANCED 017 NC (HMO C-SNP),2027,Service area,"Greensboro (Alamance, Caswell, Guilford, Person, Randolph, Rockingham); Winston-Salem (Davidson, Davie, Forsyth, Stokes, Yadkin)",FL,,,
H5299-017-000,Devoted,DEVOTED C-SNP ENHANCED 017 NC (HMO C-SNP),2027,Key notes,"LIS members pay the lower of their LIS cost share or Part D plan copay. To avoid disenrollment, members must submit their portion of the C-SNP form with their enrollment form, and have their provider complete their section within 2 months. The Food & Home Card is only for chronically ill members who meet specific health criteria (see SB/EOC for details). We proactively review health records to check eligibility. Completing an HRA can help speed up this process.",FL,,,
H5299-018-000,Devoted,DEVOTED C-SNP ENHANCED 018 NC (HMO C-SNP),2026,Premium,$36.20,CMS,,,
H5299-018-000,Devoted,DEVOTED C-SNP ENHANCED 018 NC (HMO C-SNP),2027,Premium,$0.00,FL,,,
H5299-018-000,Devoted,DEVOTED C-SNP ENHANCED 018 NC (HMO C-SNP),2027,Medical deductible,$0,FL,,,
H5299-018-000,Devoted,DEVOTED C-SNP ENHANCED 018 NC (HMO C-SNP),2026,Max out-of-pocket,"$5,600",CMS,,,
H5299-018-000,Devoted,DEVOTED C-SNP ENHANCED 018 NC (HMO C-SNP),2027,Max out-of-pocket,"$5,600",FL,,,
H5299-018-000,Devoted,DEVOTED C-SNP ENHANCED 018 NC (HMO C-SNP),2027,PCP,$0 copay,FL,,,
H5299-018-000,Devoted,DEVOTED C-SNP ENHANCED 018 NC (HMO C-SNP),2026,Specialist,$30,CMS,,,
H5299-018-000,Devoted,DEVOTED C-SNP ENHANCED 018 NC (HMO C-SNP),2027,Specialist,$30 copay,FL,,,
H5299-018-000,Devoted,DEVOTED C-SNP ENHANCED 018 NC (HMO C-SNP),2027,Referrals,No,FL,,,
H5299-018-000,Devoted,DEVOTED C-SNP ENHANCED 018 NC (HMO C-SNP),2026,Telehealth,$0 - $45,CMS,,,
H5299-018-000,Devoted,DEVOTED C-SNP ENHANCED 018 NC (HMO C-SNP),2026,Chiropractic,$15,CMS,,,
H5299-018-000,Devoted,DEVOTED C-SNP ENHANCED 018 NC (HMO C-SNP),2026,Podiatry,$30 - $50,CMS,,,
H5299-018-000,Devoted,DEVOTED C-SNP ENHANCED 018 NC (HMO C-SNP),2026,Other professional,$30,CMS,,,
H5299-018-000,Devoted,DEVOTED C-SNP ENHANCED 018 NC (HMO C-SNP),2026,Inpatient hospital,$475 days 1-5 / $0 days 6-90,CMS,,,
H5299-018-000,Devoted,DEVOTED C-SNP ENHANCED 018 NC (HMO C-SNP),2027,Inpatient hospital,"$475 per day for days 1-5, $0 days 6+",FL,,,
H5299-018-000,Devoted,DEVOTED C-SNP ENHANCED 018 NC (HMO C-SNP),2026,Inpatient psychiatric,$475 days 1-4 / $0 days 5-90,CMS,,,
H5299-018-000,Devoted,DEVOTED C-SNP ENHANCED 018 NC (HMO C-SNP),2026,Skilled nursing facility,$0 days 1-20 / $218 days 21-100,CMS,,,
H5299-018-000,Devoted,DEVOTED C-SNP ENHANCED 018 NC (HMO C-SNP),2026,Home health,$60,CMS,,,
H5299-018-000,Devoted,DEVOTED C-SNP ENHANCED 018 NC (HMO C-SNP),2026,Outpatient hospital,$0 - $95,CMS,,,
H5299-018-000,Devoted,DEVOTED C-SNP ENHANCED 018 NC (HMO C-SNP),2026,Outpatient surgery (ASC),$0 - $300,CMS,,,
H5299-018-000,Devoted,DEVOTED C-SNP ENHANCED 018 NC (HMO C-SNP),2027,Outpatient surgery (ASC),$475-$575 copay,FL,,,
H5299-018-000,Devoted,DEVOTED C-SNP ENHANCED 018 NC (HMO C-SNP),2026,Outpatient surgery (hospital),20%,CMS,,,
H5299-018-000,Devoted,DEVOTED C-SNP ENHANCED 018 NC (HMO C-SNP),2026,Observation services,$0 - $20,CMS,,,
H5299-018-000,Devoted,DEVOTED C-SNP ENHANCED 018 NC (HMO C-SNP),2026,Emergency room,$130,CMS,,,
H5299-018-000,Devoted,DEVOTED C-SNP ENHANCED 018 NC (HMO C-SNP),2027,Emergency room,$130 copay,FL,,,
H5299-018-000,Devoted,DEVOTED C-SNP ENHANCED 018 NC (HMO C-SNP),2026,Urgent care,$0 - $45,CMS,,,
H5299-018-000,Devoted,DEVOTED C-SNP ENHANCED 018 NC (HMO C-SNP),2026,Ambulance (ground),$0 - $575,CMS,,,
H5299-018-000,Devoted,DEVOTED C-SNP ENHANCED 018 NC (HMO C-SNP),2026,Ambulance (air),$475,CMS,,,
H5299-018-000,Devoted,DEVOTED C-SNP ENHANCED 018 NC (HMO C-SNP),2026,Transportation,$0 - $475,CMS,,,
H5299-018-000,Devoted,DEVOTED C-SNP ENHANCED 018 NC (HMO C-SNP),2026,Lab services,$0 - $325,CMS,,,
H5299-018-000,Devoted,DEVOTED C-SNP ENHANCED 018 NC (HMO C-SNP),2027,Lab services,$0 copay,FL,,,
H5299-018-000,Devoted,DEVOTED C-SNP ENHANCED 018 NC (HMO C-SNP),2026,Diagnostic radiology,20%,CMS,,,
H5299-018-000,Devoted,DEVOTED C-SNP ENHANCED 018 NC (HMO C-SNP),2026,Renal dialysis,20%,CMS,,,
H5299-018-000,Devoted,DEVOTED C-SNP ENHANCED 018 NC (HMO C-SNP),2026,Durable medical equipment,20% - 50%,CMS,,,
H5299-018-000,Devoted,DEVOTED C-SNP ENHANCED 018 NC (HMO C-SNP),2026,Prosthetics,0% - 20%,CMS,,,
H5299-018-000,Devoted,DEVOTED C-SNP ENHANCED 018 NC (HMO C-SNP),2026,Diabetic supplies,0% - 50%,CMS,,,
H5299-018-000,Devoted,DEVOTED C-SNP ENHANCED 018 NC (HMO C-SNP),2026,Physical therapy,$0 - $30,CMS,,,
H5299-018-000,Devoted,DEVOTED C-SNP ENHANCED 018 NC (HMO C-SNP),2026,Occupational therapy,$30 - $50,CMS,,,
H5299-018-000,Devoted,DEVOTED C-SNP ENHANCED 018 NC (HMO C-SNP),2026,Cardiac rehab,$30,CMS,,,
H5299-018-000,Devoted,DEVOTED C-SNP ENHANCED 018 NC (HMO C-SNP),2026,Pulmonary rehab,$30,CMS,,,
H5299-018-000,Devoted,DEVOTED C-SNP ENHANCED 018 NC (HMO C-SNP),2026,Mental health (individual),$30,CMS,,,
H5299-018-000,Devoted,DEVOTED C-SNP ENHANCED 018 NC (HMO C-SNP),2026,Mental health (group),$30,CMS,,,
H5299-018-000,Devoted,DEVOTED C-SNP ENHANCED 018 NC (HMO C-SNP),2026,Substance abuse (individual),$30,CMS,,,
H5299-018-000,Devoted,DEVOTED C-SNP ENHANCED 018 NC (HMO C-SNP),2026,Partial hospitalization,$30,CMS,,,
H5299-018-000,Devoted,DEVOTED C-SNP ENHANCED 018 NC (HMO C-SNP),2027,Wellness programs,$150 per year,FL,,,
H5299-018-000,Devoted,DEVOTED C-SNP ENHANCED 018 NC (HMO C-SNP),2026,Rx deductible,$615 (tiers 6 exempt),CMS,,,
H5299-018-000,Devoted,DEVOTED C-SNP ENHANCED 018 NC (HMO C-SNP),2027,Rx deductible,$461 tiers 3-5,FL,,,
H5299-018-000,Devoted,DEVOTED C-SNP ENHANCED 018 NC (HMO C-SNP),2027,Rx retail (30-day),$0 / $0 / 15% / 25% / 26%,FL,,,
H5299-018-000,Devoted,DEVOTED C-SNP ENHANCED 018 NC (HMO C-SNP),2026,Dental - allowance,"$2,000 per year",CMS,,,
H5299-018-000,Devoted,DEVOTED C-SNP ENHANCED 018 NC (HMO C-SNP),2027,Dental - allowance,"$2,000 per year (Network-based)",FL,,,
H5299-018-000,Devoted,DEVOTED C-SNP ENHANCED 018 NC (HMO C-SNP),2026,Dental - preventive,$30,CMS,,,
H5299-018-000,Devoted,DEVOTED C-SNP ENHANCED 018 NC (HMO C-SNP),2027,Vision - eyeglasses,$300 per year,FL,,,
H5299-018-000,Devoted,DEVOTED C-SNP ENHANCED 018 NC (HMO C-SNP),2026,Hearing aids,$399 - $699 (2 per year),CMS,,,
H5299-018-000,Devoted,DEVOTED C-SNP ENHANCED 018 NC (HMO C-SNP),2027,Hearing aids,$399-$699 copay per aid,FL,,,
H5299-018-000,Devoted,DEVOTED C-SNP ENHANCED 018 NC (HMO C-SNP),2026,OTC allowance,$50 per visit,CMS,,,
H5299-018-000,Devoted,DEVOTED C-SNP ENHANCED 018 NC (HMO C-SNP),2027,OTC allowance,$50 per quarter,FL,,,
H5299-018-000,Devoted,DEVOTED C-SNP ENHANCED 018 NC (HMO C-SNP),2027,Service area,"Western North Carolina (Avery, Buncombe, Burke, Cherokee, Clay, Graham, Haywood, Henderson, Jackson, Macon, Madison, McDowell, Mitchell, Polk, Rutherford, Swain, Transylvania, Yancey)",FL,,,
H5299-018-000,Devoted,DEVOTED C-SNP ENHANCED 018 NC (HMO C-SNP),2027,Key notes,"LIS members pay the lower of their LIS cost share or Part D plan copay. To avoid disenrollment, members must submit their portion of the C-SNP form with their enrollment form, and have their provider complete their section within 2 months. The Food & Home Card is only for chronically ill members who meet specific health criteria (see SB/EOC for details). We proactively review health records to check eligibility. Completing an HRA can help speed up this process.",FL,,,
H5299-021-000,Devoted,DEVOTED CORE 021 NC (HMO),2027,Premium,$0.00,FL,,,
H5299-021-000,Devoted,DEVOTED CORE 021 NC (HMO),2027,Medical deductible,$0,FL,,,
H5299-021-000,Devoted,DEVOTED CORE 021 NC (HMO),2027,Max out-of-pocket,"$4,950",FL,,,
H5299-021-000,Devoted,DEVOTED CORE 021 NC (HMO),2027,PCP,$0 copay,FL,,,
H5299-021-000,Devoted,DEVOTED CORE 021 NC (HMO),2027,Specialist,$35 copay,FL,,,
H5299-021-000,Devoted,DEVOTED CORE 021 NC (HMO),2027,Referrals,No,FL,,,
H5299-021-000,Devoted,DEVOTED CORE 021 NC (HMO),2027,Inpatient hospital,"$515 per day for days 1-5, $0 days 6+",FL,,,
H5299-021-000,Devoted,DEVOTED CORE 021 NC (HMO),2027,Outpatient surgery (ASC),$440-$540 copay,FL,,,
H5299-021-000,Devoted,DEVOTED CORE 021 NC (HMO),2027,Emergency room,$130 copay,FL,,,
H5299-021-000,Devoted,DEVOTED CORE 021 NC (HMO),2027,Lab services,$0 copay,FL,,,
H5299-021-000,Devoted,DEVOTED CORE 021 NC (HMO),2027,Wellness programs,$150 per year,FL,,,
H5299-021-000,Devoted,DEVOTED CORE 021 NC (HMO),2027,Rx deductible,$650 tiers 3-5,FL,,,
H5299-021-000,Devoted,DEVOTED CORE 021 NC (HMO),2027,Rx retail (30-day),$0 / $2 / 25% / 25% / 26%,FL,,,
H5299-021-000,Devoted,DEVOTED CORE 021 NC (HMO),2027,Dental - allowance,"$3,750 per year (Direct member reimbursement)",FL,,,
H5299-021-000,Devoted,DEVOTED CORE 021 NC (HMO),2027,Vision - eyeglasses,$250 per year,FL,,,
H5299-021-000,Devoted,DEVOTED CORE 021 NC (HMO),2027,Hearing aids,$399-$699 copay per aid,FL,,,
H5299-021-000,Devoted,DEVOTED CORE 021 NC (HMO),2027,OTC allowance,$50 per quarter,FL,,,
H5299-021-000,Devoted,DEVOTED CORE 021 NC (HMO),2027,Service area,"Northwest North Carolina (Alleghany, Ashe, Surry, Wilkes)",FL,,,
H5299-021-000,Devoted,DEVOTED CORE 021 NC (HMO),2027,Key notes,-,FL,,,
H5299-022-000,Devoted,DEVOTED GIVEBACK 022 NC (HMO),2027,Premium,$0.00,FL,,,
H5299-022-000,Devoted,DEVOTED GIVEBACK 022 NC (HMO),2027,Medical deductible,$315,FL,,,
H5299-022-000,Devoted,DEVOTED GIVEBACK 022 NC (HMO),2027,Max out-of-pocket,"$9,300",FL,,,
H5299-022-000,Devoted,DEVOTED GIVEBACK 022 NC (HMO),2027,PCP,$0 copay,FL,,,
H5299-022-000,Devoted,DEVOTED GIVEBACK 022 NC (HMO),2027,Specialist,$45 copay,FL,,,
H5299-022-000,Devoted,DEVOTED GIVEBACK 022 NC (HMO),2027,Referrals,No,FL,,,
H5299-022-000,Devoted,DEVOTED GIVEBACK 022 NC (HMO),2027,Inpatient hospital,"$465 per day for days 1-5, $0 days 6+",FL,,,
H5299-022-000,Devoted,DEVOTED GIVEBACK 022 NC (HMO),2027,Outpatient surgery (ASC),$465-$565 copay,FL,,,
H5299-022-000,Devoted,DEVOTED GIVEBACK 022 NC (HMO),2027,Emergency room,$115 copay,FL,,,
H5299-022-000,Devoted,DEVOTED GIVEBACK 022 NC (HMO),2027,Lab services,$0 copay,FL,,,
H5299-022-000,Devoted,DEVOTED GIVEBACK 022 NC (HMO),2027,Wellness programs,$150 per year,FL,,,
H5299-022-000,Devoted,DEVOTED GIVEBACK 022 NC (HMO),2027,Rx deductible,$650 tiers 3-5,FL,,,
H5299-022-000,Devoted,DEVOTED GIVEBACK 022 NC (HMO),2027,Rx retail (30-day),$0 / $5 / 25% / 25% / 26%,FL,,,
H5299-022-000,Devoted,DEVOTED GIVEBACK 022 NC (HMO),2027,Dental - allowance,$250 per year (Direct member reimbursement),FL,,,
H5299-022-000,Devoted,DEVOTED GIVEBACK 022 NC (HMO),2027,Vision - eyeglasses,$200 per year,FL,,,
H5299-022-000,Devoted,DEVOTED GIVEBACK 022 NC (HMO),2027,Hearing aids,$599-$899 copay per aid,FL,,,
H5299-022-000,Devoted,DEVOTED GIVEBACK 022 NC (HMO),2027,OTC allowance,Not covered,FL,,,
H5299-022-000,Devoted,DEVOTED GIVEBACK 022 NC (HMO),2027,Service area,"Northwest North Carolina (Alleghany, Ashe, Surry, Wilkes)",FL,,,
H5299-022-000,Devoted,DEVOTED GIVEBACK 022 NC (HMO),2027,Key notes,"Higher giveback amount, less supplemental coverage. The Part B premium buydown benefit is designed for members who pay their own Medicare Part B premium. Members whose premium is paid by Medicaid or another assistance program will not benefit from the premium reduction. Processing through Social Security may take several months.",FL,,,
H5299-023-000,Devoted,DEVOTED CORE 023 NC (HMO),2027,Premium,$0.00,FL,,,
H5299-023-000,Devoted,DEVOTED CORE 023 NC (HMO),2027,Medical deductible,$0,FL,,,
H5299-023-000,Devoted,DEVOTED CORE 023 NC (HMO),2027,Max out-of-pocket,"$4,700",FL,,,
H5299-023-000,Devoted,DEVOTED CORE 023 NC (HMO),2027,PCP,$0 copay,FL,,,
H5299-023-000,Devoted,DEVOTED CORE 023 NC (HMO),2027,Specialist,$10 copay,FL,,,
H5299-023-000,Devoted,DEVOTED CORE 023 NC (HMO),2027,Referrals,No,FL,,,
H5299-023-000,Devoted,DEVOTED CORE 023 NC (HMO),2027,Inpatient hospital,"$370 per day for days 1-5, $0 days 6+",FL,,,
H5299-023-000,Devoted,DEVOTED CORE 023 NC (HMO),2027,Outpatient surgery (ASC),$295-$395 copay,FL,,,
H5299-023-000,Devoted,DEVOTED CORE 023 NC (HMO),2027,Emergency room,$130 copay,FL,,,
H5299-023-000,Devoted,DEVOTED CORE 023 NC (HMO),2027,Lab services,$0 copay,FL,,,
H5299-023-000,Devoted,DEVOTED CORE 023 NC (HMO),2027,Wellness programs,$150 per year,FL,,,
H5299-023-000,Devoted,DEVOTED CORE 023 NC (HMO),2027,Rx deductible,$650 tiers 3-5,FL,,,
H5299-023-000,Devoted,DEVOTED CORE 023 NC (HMO),2027,Rx retail (30-day),$0 / $2 / 25% / 25% / 26%,FL,,,
H5299-023-000,Devoted,DEVOTED CORE 023 NC (HMO),2027,Dental - allowance,"$3,750 per year (Direct member reimbursement)",FL,,,
H5299-023-000,Devoted,DEVOTED CORE 023 NC (HMO),2027,Vision - eyeglasses,$300 per year,FL,,,
H5299-023-000,Devoted,DEVOTED CORE 023 NC (HMO),2027,Hearing aids,$399-$699 copay per aid,FL,,,
H5299-023-000,Devoted,DEVOTED CORE 023 NC (HMO),2027,OTC allowance,$100 per quarter,FL,,,
H5299-023-000,Devoted,DEVOTED CORE 023 NC (HMO),2027,Service area,"Wilmington (Bladen, Brunswick, Columbus, New Hanover, Pender)",FL,,,
H5299-023-000,Devoted,DEVOTED CORE 023 NC (HMO),2027,Key notes,-,FL,,,
H5299-024-000,Devoted,DEVOTED GIVEBACK 024 NC (HMO),2027,Premium,$0.00,FL,,,
H5299-024-000,Devoted,DEVOTED GIVEBACK 024 NC (HMO),2027,Medical deductible,$175,FL,,,
H5299-024-000,Devoted,DEVOTED GIVEBACK 024 NC (HMO),2027,Max out-of-pocket,"$9,850",FL,,,
H5299-024-000,Devoted,DEVOTED GIVEBACK 024 NC (HMO),2027,PCP,$0 copay,FL,,,
H5299-024-000,Devoted,DEVOTED GIVEBACK 024 NC (HMO),2027,Specialist,$45 copay,FL,,,
H5299-024-000,Devoted,DEVOTED GIVEBACK 024 NC (HMO),2027,Referrals,No,FL,,,
H5299-024-000,Devoted,DEVOTED GIVEBACK 024 NC (HMO),2027,Inpatient hospital,"$450 per day for days 1-5, $0 days 6+",FL,,,
H5299-024-000,Devoted,DEVOTED GIVEBACK 024 NC (HMO),2027,Outpatient surgery (ASC),$450-$550 copay,FL,,,
H5299-024-000,Devoted,DEVOTED GIVEBACK 024 NC (HMO),2027,Emergency room,$115 copay,FL,,,
H5299-024-000,Devoted,DEVOTED GIVEBACK 024 NC (HMO),2027,Lab services,$0 copay,FL,,,
H5299-024-000,Devoted,DEVOTED GIVEBACK 024 NC (HMO),2027,Wellness programs,$150 per year,FL,,,
H5299-024-000,Devoted,DEVOTED GIVEBACK 024 NC (HMO),2027,Rx deductible,$650 tiers 3-5,FL,,,
H5299-024-000,Devoted,DEVOTED GIVEBACK 024 NC (HMO),2027,Rx retail (30-day),$0 / $5 / 25% / 25% / 26%,FL,,,
H5299-024-000,Devoted,DEVOTED GIVEBACK 024 NC (HMO),2027,Dental - allowance,$250 per year (Direct member reimbursement),FL,,,
H5299-024-000,Devoted,DEVOTED GIVEBACK 024 NC (HMO),2027,Vision - eyeglasses,$200 per year,FL,,,
H5299-024-000,Devoted,DEVOTED GIVEBACK 024 NC (HMO),2027,Hearing aids,$599-$899 copay per aid,FL,,,
H5299-024-000,Devoted,DEVOTED GIVEBACK 024 NC (HMO),2027,OTC allowance,Not covered,FL,,,
H5299-024-000,Devoted,DEVOTED GIVEBACK 024 NC (HMO),2027,Service area,"Wilmington (Bladen, Brunswick, Columbus, New Hanover, Pender)",FL,,,
H5299-024-000,Devoted,DEVOTED GIVEBACK 024 NC (HMO),2027,Key notes,"Higher giveback amount, less supplemental coverage. The Part B premium buydown benefit is designed for members who pay their own Medicare Part B premium. Members whose premium is paid by Medicaid or another assistance program will not benefit from the premium reduction. Processing through Social Security may take several months.",FL,,,
H5299-029-000,Devoted,DEVOTED CORE 029 NC (HMO),2027,Premium,$0.00,FL,,,
H5299-029-000,Devoted,DEVOTED CORE 029 NC (HMO),2027,Medical deductible,$0,FL,,,
H5299-029-000,Devoted,DEVOTED CORE 029 NC (HMO),2027,Max out-of-pocket,"$4,950",FL,,,
H5299-029-000,Devoted,DEVOTED CORE 029 NC (HMO),2027,PCP,$0 copay,FL,,,
H5299-029-000,Devoted,DEVOTED CORE 029 NC (HMO),2027,Specialist,$25 copay,FL,,,
H5299-029-000,Devoted,DEVOTED CORE 029 NC (HMO),2027,Referrals,No,FL,,,
H5299-029-000,Devoted,DEVOTED CORE 029 NC (HMO),2027,Inpatient hospital,"$470 per day for days 1-5, $0 days 6+",FL,,,
H5299-029-000,Devoted,DEVOTED CORE 029 NC (HMO),2027,Outpatient surgery (ASC),$395-$495 copay,FL,,,
H5299-029-000,Devoted,DEVOTED CORE 029 NC (HMO),2027,Emergency room,$130 copay,FL,,,
H5299-029-000,Devoted,DEVOTED CORE 029 NC (HMO),2027,Lab services,$0 copay,FL,,,
H5299-029-000,Devoted,DEVOTED CORE 029 NC (HMO),2027,Wellness programs,$150 per year,FL,,,
H5299-029-000,Devoted,DEVOTED CORE 029 NC (HMO),2027,Rx deductible,$650 tiers 3-5,FL,,,
H5299-029-000,Devoted,DEVOTED CORE 029 NC (HMO),2027,Rx retail (30-day),$0 / $2 / 25% / 25% / 26%,FL,,,
H5299-029-000,Devoted,DEVOTED CORE 029 NC (HMO),2027,Dental - allowance,"$3,750 per year (Direct member reimbursement)",FL,,,
H5299-029-000,Devoted,DEVOTED CORE 029 NC (HMO),2027,Vision - eyeglasses,$300 per year,FL,,,
H5299-029-000,Devoted,DEVOTED CORE 029 NC (HMO),2027,Hearing aids,$399-$699 copay per aid,FL,,,
H5299-029-000,Devoted,DEVOTED CORE 029 NC (HMO),2027,OTC allowance,$65 per quarter,FL,,,
H5299-029-000,Devoted,DEVOTED CORE 029 NC (HMO),2027,Service area,"Western North Carolina (Avery, Buncombe, Burke, Cherokee, Clay, Graham, Haywood, Henderson, Jackson, Macon, Madison, McDowell, Mitchell, Polk, Rutherford, Swain, Transylvania, Yancey)",FL,,,
H5299-029-000,Devoted,DEVOTED CORE 029 NC (HMO),2027,Key notes,-,FL,,,
H5299-030-000,Devoted,DEVOTED GIVEBACK 030 NC (HMO),2027,Premium,$0.00,FL,,,
H5299-030-000,Devoted,DEVOTED GIVEBACK 030 NC (HMO),2027,Medical deductible,$175,FL,,,
H5299-030-000,Devoted,DEVOTED GIVEBACK 030 NC (HMO),2027,Max out-of-pocket,"$9,850",FL,,,
H5299-030-000,Devoted,DEVOTED GIVEBACK 030 NC (HMO),2027,PCP,$0 copay,FL,,,
H5299-030-000,Devoted,DEVOTED GIVEBACK 030 NC (HMO),2027,Specialist,$45 copay,FL,,,
H5299-030-000,Devoted,DEVOTED GIVEBACK 030 NC (HMO),2027,Referrals,No,FL,,,
H5299-030-000,Devoted,DEVOTED GIVEBACK 030 NC (HMO),2027,Inpatient hospital,"$450 per day for days 1-5, $0 days 6+",FL,,,
H5299-030-000,Devoted,DEVOTED GIVEBACK 030 NC (HMO),2027,Outpatient surgery (ASC),$450-$550 copay,FL,,,
H5299-030-000,Devoted,DEVOTED GIVEBACK 030 NC (HMO),2027,Emergency room,$115 copay,FL,,,
H5299-030-000,Devoted,DEVOTED GIVEBACK 030 NC (HMO),2027,Lab services,$0 copay,FL,,,
H5299-030-000,Devoted,DEVOTED GIVEBACK 030 NC (HMO),2027,Wellness programs,$150 per year,FL,,,
H5299-030-000,Devoted,DEVOTED GIVEBACK 030 NC (HMO),2027,Rx deductible,$650 tiers 3-5,FL,,,
H5299-030-000,Devoted,DEVOTED GIVEBACK 030 NC (HMO),2027,Rx retail (30-day),$0 / $5 / 25% / 25% / 26%,FL,,,
H5299-030-000,Devoted,DEVOTED GIVEBACK 030 NC (HMO),2027,Dental - allowance,$250 per year (Direct member reimbursement),FL,,,
H5299-030-000,Devoted,DEVOTED GIVEBACK 030 NC (HMO),2027,Vision - eyeglasses,$200 per year,FL,,,
H5299-030-000,Devoted,DEVOTED GIVEBACK 030 NC (HMO),2027,Hearing aids,$599-$899 copay per aid,FL,,,
H5299-030-000,Devoted,DEVOTED GIVEBACK 030 NC (HMO),2027,OTC allowance,Not covered,FL,,,
H5299-030-000,Devoted,DEVOTED GIVEBACK 030 NC (HMO),2027,Service area,"Western North Carolina (Avery, Buncombe, Burke, Cherokee, Clay, Graham, Haywood, Henderson, Jackson, Macon, Madison, McDowell, Mitchell, Polk, Rutherford, Swain, Transylvania, Yancey)",FL,,,
H5299-030-000,Devoted,DEVOTED GIVEBACK 030 NC (HMO),2027,Key notes,"Higher giveback amount, less supplemental coverage. The Part B premium buydown benefit is designed for members who pay their own Medicare Part B premium. Members whose premium is paid by Medicaid or another assistance program will not benefit from the premium reduction. Processing through Social Security may take several months.",FL,,,
H5299-031-000,Devoted,DEVOTED C-SNP GIVEBACK EXTRAS 031 NC (HMO C-SNP),2027,Premium,$0.00,FL,,,
H5299-031-000,Devoted,DEVOTED C-SNP GIVEBACK EXTRAS 031 NC (HMO C-SNP),2027,Medical deductible,$150,FL,,,
H5299-031-000,Devoted,DEVOTED C-SNP GIVEBACK EXTRAS 031 NC (HMO C-SNP),2027,Max out-of-pocket,"$7,050",FL,,,
H5299-031-000,Devoted,DEVOTED C-SNP GIVEBACK EXTRAS 031 NC (HMO C-SNP),2027,PCP,$0 copay,FL,,,
H5299-031-000,Devoted,DEVOTED C-SNP GIVEBACK EXTRAS 031 NC (HMO C-SNP),2027,Specialist,$40 copay,FL,,,
H5299-031-000,Devoted,DEVOTED C-SNP GIVEBACK EXTRAS 031 NC (HMO C-SNP),2027,Referrals,No,FL,,,
H5299-031-000,Devoted,DEVOTED C-SNP GIVEBACK EXTRAS 031 NC (HMO C-SNP),2027,Inpatient hospital,"$550 per day for days 1-5, $0 days 6+",FL,,,
H5299-031-000,Devoted,DEVOTED C-SNP GIVEBACK EXTRAS 031 NC (HMO C-SNP),2027,Outpatient surgery (ASC),$455-$555 copay,FL,,,
H5299-031-000,Devoted,DEVOTED C-SNP GIVEBACK EXTRAS 031 NC (HMO C-SNP),2027,Emergency room,$130 copay,FL,,,
H5299-031-000,Devoted,DEVOTED C-SNP GIVEBACK EXTRAS 031 NC (HMO C-SNP),2027,Lab services,$0 copay,FL,,,
H5299-031-000,Devoted,DEVOTED C-SNP GIVEBACK EXTRAS 031 NC (HMO C-SNP),2027,Wellness programs,$150 per year,FL,,,
H5299-031-000,Devoted,DEVOTED C-SNP GIVEBACK EXTRAS 031 NC (HMO C-SNP),2027,Rx deductible,$700 tiers 3-5,FL,,,
H5299-031-000,Devoted,DEVOTED C-SNP GIVEBACK EXTRAS 031 NC (HMO C-SNP),2027,Rx retail (30-day),$0 / $2 / 25% / 25% / 25%,FL,,,
H5299-031-000,Devoted,DEVOTED C-SNP GIVEBACK EXTRAS 031 NC (HMO C-SNP),2027,Dental - allowance,"$4,250 per year (Direct member reimbursement)",FL,,,
H5299-031-000,Devoted,DEVOTED C-SNP GIVEBACK EXTRAS 031 NC (HMO C-SNP),2027,Vision - eyeglasses,$350 per year,FL,,,
H5299-031-000,Devoted,DEVOTED C-SNP GIVEBACK EXTRAS 031 NC (HMO C-SNP),2027,Hearing aids,$599-$899 copay per aid,FL,,,
H5299-031-000,Devoted,DEVOTED C-SNP GIVEBACK EXTRAS 031 NC (HMO C-SNP),2027,OTC allowance,$138 per quarter,FL,,,
H5299-031-000,Devoted,DEVOTED C-SNP GIVEBACK EXTRAS 031 NC (HMO C-SNP),2027,Service area,"Charlotte (Alexander, Anson, Cabarrus, Caldwell, Catawba, Cleveland, Gaston, Iredell, Lincoln, Mecklenburg, Montgomery, Rowan, Stanly, Union)",FL,,,
H5299-031-000,Devoted,DEVOTED C-SNP GIVEBACK EXTRAS 031 NC (HMO C-SNP),2027,Key notes,"The Part B premium buydown benefit is designed for members who pay their own Medicare Part B premium. Members whose premium is paid by Medicaid or another assistance program will not benefit from the premium reduction. Processing through Social Security may take several months. To avoid disenrollment, members must submit their portion of the C-SNP form with their enrollment form, and have their provider complete their section within 2 months.",FL,,,
H5299-032-000,Devoted,DEVOTED C-SNP GIVEBACK EXTRAS 032 NC (HMO C-SNP),2027,Premium,$0.00,FL,,,
H5299-032-000,Devoted,DEVOTED C-SNP GIVEBACK EXTRAS 032 NC (HMO C-SNP),2027,Medical deductible,$150,FL,,,
H5299-032-000,Devoted,DEVOTED C-SNP GIVEBACK EXTRAS 032 NC (HMO C-SNP),2027,Max out-of-pocket,"$5,700",FL,,,
H5299-032-000,Devoted,DEVOTED C-SNP GIVEBACK EXTRAS 032 NC (HMO C-SNP),2027,PCP,$0 copay,FL,,,
H5299-032-000,Devoted,DEVOTED C-SNP GIVEBACK EXTRAS 032 NC (HMO C-SNP),2027,Specialist,$40 copay,FL,,,
H5299-032-000,Devoted,DEVOTED C-SNP GIVEBACK EXTRAS 032 NC (HMO C-SNP),2027,Referrals,No,FL,,,
H5299-032-000,Devoted,DEVOTED C-SNP GIVEBACK EXTRAS 032 NC (HMO C-SNP),2027,Inpatient hospital,"$550 per day for days 1-5, $0 days 6+",FL,,,
H5299-032-000,Devoted,DEVOTED C-SNP GIVEBACK EXTRAS 032 NC (HMO C-SNP),2027,Outpatient surgery (ASC),$360-$460 copay,FL,,,
H5299-032-000,Devoted,DEVOTED C-SNP GIVEBACK EXTRAS 032 NC (HMO C-SNP),2027,Emergency room,$130 copay,FL,,,
H5299-032-000,Devoted,DEVOTED C-SNP GIVEBACK EXTRAS 032 NC (HMO C-SNP),2027,Lab services,$0 copay,FL,,,
H5299-032-000,Devoted,DEVOTED C-SNP GIVEBACK EXTRAS 032 NC (HMO C-SNP),2027,Wellness programs,$150 per year,FL,,,
H5299-032-000,Devoted,DEVOTED C-SNP GIVEBACK EXTRAS 032 NC (HMO C-SNP),2027,Rx deductible,$700 tiers 3-5,FL,,,
H5299-032-000,Devoted,DEVOTED C-SNP GIVEBACK EXTRAS 032 NC (HMO C-SNP),2027,Rx retail (30-day),$0 / $2 / 25% / 25% / 25%,FL,,,
H5299-032-000,Devoted,DEVOTED C-SNP GIVEBACK EXTRAS 032 NC (HMO C-SNP),2027,Dental - allowance,"$2,500 per year (Direct member reimbursement)",FL,,,
H5299-032-000,Devoted,DEVOTED C-SNP GIVEBACK EXTRAS 032 NC (HMO C-SNP),2027,Vision - eyeglasses,$350 per year,FL,,,
H5299-032-000,Devoted,DEVOTED C-SNP GIVEBACK EXTRAS 032 NC (HMO C-SNP),2027,Hearing aids,$599-$899 copay per aid,FL,,,
H5299-032-000,Devoted,DEVOTED C-SNP GIVEBACK EXTRAS 032 NC (HMO C-SNP),2027,OTC allowance,$135 per quarter,FL,,,
H5299-032-000,Devoted,DEVOTED C-SNP GIVEBACK EXTRAS 032 NC (HMO C-SNP),2027,Service area,"Greensboro (Alamance, Caswell, Guilford, Person, Randolph, Rockingham); Winston-Salem (Davidson, Davie, Forsyth, Stokes, Yadkin)",FL,,,
H5299-032-000,Devoted,DEVOTED C-SNP GIVEBACK EXTRAS 032 NC (HMO C-SNP),2027,Key notes,"The Part B premium buydown benefit is designed for members who pay their own Medicare Part B premium. Members whose premium is paid by Medicaid or another assistance program will not benefit from the premium reduction. Processing through Social Security may take several months. To avoid disenrollment, members must submit their portion of the C-SNP form with their enrollment form, and have their provider complete their section within 2 months.",FL,,,
H5299-033-000,Devoted,DEVOTED C-SNP GIVEBACK EXTRAS 033 NC (HMO C-SNP),2027,Premium,$0.00,FL,,,
H5299-033-000,Devoted,DEVOTED C-SNP GIVEBACK EXTRAS 033 NC (HMO C-SNP),2027,Medical deductible,$130,FL,,,
H5299-033-000,Devoted,DEVOTED C-SNP GIVEBACK EXTRAS 033 NC (HMO C-SNP),2027,Max out-of-pocket,"$7,100",FL,,,
H5299-033-000,Devoted,DEVOTED C-SNP GIVEBACK EXTRAS 033 NC (HMO C-SNP),2027,PCP,$0 copay,FL,,,
H5299-033-000,Devoted,DEVOTED C-SNP GIVEBACK EXTRAS 033 NC (HMO C-SNP),2027,Specialist,$35 copay,FL,,,
H5299-033-000,Devoted,DEVOTED C-SNP GIVEBACK EXTRAS 033 NC (HMO C-SNP),2027,Referrals,No,FL,,,
H5299-033-000,Devoted,DEVOTED C-SNP GIVEBACK EXTRAS 033 NC (HMO C-SNP),2027,Inpatient hospital,"$550 per day for days 1-5, $0 days 6+",FL,,,
H5299-033-000,Devoted,DEVOTED C-SNP GIVEBACK EXTRAS 033 NC (HMO C-SNP),2027,Outpatient surgery (ASC),$400-$500 copay,FL,,,
H5299-033-000,Devoted,DEVOTED C-SNP GIVEBACK EXTRAS 033 NC (HMO C-SNP),2027,Emergency room,$130 copay,FL,,,
H5299-033-000,Devoted,DEVOTED C-SNP GIVEBACK EXTRAS 033 NC (HMO C-SNP),2027,Lab services,$0 copay,FL,,,
H5299-033-000,Devoted,DEVOTED C-SNP GIVEBACK EXTRAS 033 NC (HMO C-SNP),2027,Wellness programs,$150 per year,FL,,,
H5299-033-000,Devoted,DEVOTED C-SNP GIVEBACK EXTRAS 033 NC (HMO C-SNP),2027,Rx deductible,$700 tiers 3-5,FL,,,
H5299-033-000,Devoted,DEVOTED C-SNP GIVEBACK EXTRAS 033 NC (HMO C-SNP),2027,Rx retail (30-day),$0 / $2 / 25% / 25% / 25%,FL,,,
H5299-033-000,Devoted,DEVOTED C-SNP GIVEBACK EXTRAS 033 NC (HMO C-SNP),2027,Dental - allowance,"$4,000 per year (Direct member reimbursement)",FL,,,
H5299-033-000,Devoted,DEVOTED C-SNP GIVEBACK EXTRAS 033 NC (HMO C-SNP),2027,Vision - eyeglasses,$350 per year,FL,,,
H5299-033-000,Devoted,DEVOTED C-SNP GIVEBACK EXTRAS 033 NC (HMO C-SNP),2027,Hearing aids,$599-$899 copay per aid,FL,,,
H5299-033-000,Devoted,DEVOTED C-SNP GIVEBACK EXTRAS 033 NC (HMO C-SNP),2027,OTC allowance,$200 per quarter,FL,,,
H5299-033-000,Devoted,DEVOTED C-SNP GIVEBACK EXTRAS 033 NC (HMO C-SNP),2027,Service area,"Wilmington (Bladen, Brunswick, Columbus, New Hanover, Pender)",FL,,,
H5299-033-000,Devoted,DEVOTED C-SNP GIVEBACK EXTRAS 033 NC (HMO C-SNP),2027,Key notes,"The Part B premium buydown benefit is designed for members who pay their own Medicare Part B premium. Members whose premium is paid by Medicaid or another assistance program will not benefit from the premium reduction. Processing through Social Security may take several months. To avoid disenrollment, members must submit their portion of the C-SNP form with their enrollment form, and have their provider complete their section within 2 months.",FL,,,
H5299-034-000,Devoted,DEVOTED C-SNP GIVEBACK EXTRAS 034 NC (HMO C-SNP),2027,Premium,$0.00,FL,,,
H5299-034-000,Devoted,DEVOTED C-SNP GIVEBACK EXTRAS 034 NC (HMO C-SNP),2027,Medical deductible,$130,FL,,,
H5299-034-000,Devoted,DEVOTED C-SNP GIVEBACK EXTRAS 034 NC (HMO C-SNP),2027,Max out-of-pocket,"$7,150",FL,,,
H5299-034-000,Devoted,DEVOTED C-SNP GIVEBACK EXTRAS 034 NC (HMO C-SNP),2027,PCP,$0 copay,FL,,,
H5299-034-000,Devoted,DEVOTED C-SNP GIVEBACK EXTRAS 034 NC (HMO C-SNP),2027,Specialist,$40 copay,FL,,,
H5299-034-000,Devoted,DEVOTED C-SNP GIVEBACK EXTRAS 034 NC (HMO C-SNP),2027,Referrals,No,FL,,,
H5299-034-000,Devoted,DEVOTED C-SNP GIVEBACK EXTRAS 034 NC (HMO C-SNP),2027,Inpatient hospital,"$550 per day for days 1-5, $0 days 6+",FL,,,
H5299-034-000,Devoted,DEVOTED C-SNP GIVEBACK EXTRAS 034 NC (HMO C-SNP),2027,Outpatient surgery (ASC),$430-$530 copay,FL,,,
H5299-034-000,Devoted,DEVOTED C-SNP GIVEBACK EXTRAS 034 NC (HMO C-SNP),2027,Emergency room,$130 copay,FL,,,
H5299-034-000,Devoted,DEVOTED C-SNP GIVEBACK EXTRAS 034 NC (HMO C-SNP),2027,Lab services,$0 copay,FL,,,
H5299-034-000,Devoted,DEVOTED C-SNP GIVEBACK EXTRAS 034 NC (HMO C-SNP),2027,Wellness programs,$150 per year,FL,,,
H5299-034-000,Devoted,DEVOTED C-SNP GIVEBACK EXTRAS 034 NC (HMO C-SNP),2027,Rx deductible,$700 tiers 3-5,FL,,,
H5299-034-000,Devoted,DEVOTED C-SNP GIVEBACK EXTRAS 034 NC (HMO C-SNP),2027,Rx retail (30-day),$0 / $2 / 25% / 25% / 25%,FL,,,
H5299-034-000,Devoted,DEVOTED C-SNP GIVEBACK EXTRAS 034 NC (HMO C-SNP),2027,Dental - allowance,"$4,000 per year (Direct member reimbursement)",FL,,,
H5299-034-000,Devoted,DEVOTED C-SNP GIVEBACK EXTRAS 034 NC (HMO C-SNP),2027,Vision - eyeglasses,$350 per year,FL,,,
H5299-034-000,Devoted,DEVOTED C-SNP GIVEBACK EXTRAS 034 NC (HMO C-SNP),2027,Hearing aids,$599-$899 copay per aid,FL,,,
H5299-034-000,Devoted,DEVOTED C-SNP GIVEBACK EXTRAS 034 NC (HMO C-SNP),2027,OTC allowance,$159 per quarter,FL,,,
H5299-034-000,Devoted,DEVOTED C-SNP GIVEBACK EXTRAS 034 NC (HMO C-SNP),2027,Service area,"Western North Carolina (Avery, Buncombe, Burke, Cherokee, Clay, Graham, Haywood, Henderson, Jackson, Macon, Madison, McDowell, Mitchell, Polk, Rutherford, Swain, Transylvania, Yancey)",FL,,,
H5299-034-000,Devoted,DEVOTED C-SNP GIVEBACK EXTRAS 034 NC (HMO C-SNP),2027,Key notes,"The Part B premium buydown benefit is designed for members who pay their own Medicare Part B premium. Members whose premium is paid by Medicaid or another assistance program will not benefit from the premium reduction. Processing through Social Security may take several months. To avoid disenrollment, members must submit their portion of the C-SNP form with their enrollment form, and have their provider complete their section within 2 months.",FL,,,
H5299-037-000,Devoted,DEVOTED CORE 037 NC (HMO),2027,Premium,$0.00,FL,,,
H5299-037-000,Devoted,DEVOTED CORE 037 NC (HMO),2027,Medical deductible,$0,FL,,,
H5299-037-000,Devoted,DEVOTED CORE 037 NC (HMO),2027,Max out-of-pocket,"$4,950",FL,,,
H5299-037-000,Devoted,DEVOTED CORE 037 NC (HMO),2027,PCP,$0 copay,FL,,,
H5299-037-000,Devoted,DEVOTED CORE 037 NC (HMO),2027,Specialist,$35 copay,FL,,,
H5299-037-000,Devoted,DEVOTED CORE 037 NC (HMO),2027,Referrals,No,FL,,,
H5299-037-000,Devoted,DEVOTED CORE 037 NC (HMO),2027,Inpatient hospital,"$455 per day for days 1-6, $0 days 7+",FL,,,
H5299-037-000,Devoted,DEVOTED CORE 037 NC (HMO),2027,Outpatient surgery (ASC),$385-$485 copay,FL,,,
H5299-037-000,Devoted,DEVOTED CORE 037 NC (HMO),2027,Emergency room,$130 copay,FL,,,
H5299-037-000,Devoted,DEVOTED CORE 037 NC (HMO),2027,Lab services,$0 copay,FL,,,
H5299-037-000,Devoted,DEVOTED CORE 037 NC (HMO),2027,Wellness programs,$150 per year,FL,,,
H5299-037-000,Devoted,DEVOTED CORE 037 NC (HMO),2027,Rx deductible,$650 tiers 3-5,FL,,,
H5299-037-000,Devoted,DEVOTED CORE 037 NC (HMO),2027,Rx retail (30-day),$0 / $2 / 25% / 25% / 26%,FL,,,
H5299-037-000,Devoted,DEVOTED CORE 037 NC (HMO),2027,Dental - allowance,"$4,000 per year (Direct member reimbursement)",FL,,,
H5299-037-000,Devoted,DEVOTED CORE 037 NC (HMO),2027,Vision - eyeglasses,$300 per year,FL,,,
H5299-037-000,Devoted,DEVOTED CORE 037 NC (HMO),2027,Hearing aids,$399-$699 copay per aid,FL,,,
H5299-037-000,Devoted,DEVOTED CORE 037 NC (HMO),2027,OTC allowance,$50 per quarter,FL,,,
H5299-037-000,Devoted,DEVOTED CORE 037 NC (HMO),2027,Service area,"Charlotte (Alexander, Anson, Cabarrus, Caldwell, Catawba, Cleveland, Gaston, Iredell, Lincoln, Mecklenburg, Montgomery, Rowan, Stanly, Union)",FL,,,
H5299-037-000,Devoted,DEVOTED CORE 037 NC (HMO),2027,Key notes,-,FL,,,
H5299-038-000,Devoted,DEVOTED GIVEBACK EXTRAS 038 NC (HMO),2027,Premium,$0.00,FL,,,
H5299-038-000,Devoted,DEVOTED GIVEBACK EXTRAS 038 NC (HMO),2027,Medical deductible,$150,FL,,,
H5299-038-000,Devoted,DEVOTED GIVEBACK EXTRAS 038 NC (HMO),2027,Max out-of-pocket,"$5,700",FL,,,
H5299-038-000,Devoted,DEVOTED GIVEBACK EXTRAS 038 NC (HMO),2027,PCP,$0 copay,FL,,,
H5299-038-000,Devoted,DEVOTED GIVEBACK EXTRAS 038 NC (HMO),2027,Specialist,$40 copay,FL,,,
H5299-038-000,Devoted,DEVOTED GIVEBACK EXTRAS 038 NC (HMO),2027,Referrals,No,FL,,,
H5299-038-000,Devoted,DEVOTED GIVEBACK EXTRAS 038 NC (HMO),2027,Inpatient hospital,"$435 per day for days 1-5, $0 days 6+",FL,,,
H5299-038-000,Devoted,DEVOTED GIVEBACK EXTRAS 038 NC (HMO),2027,Outpatient surgery (ASC),$360-$460 copay,FL,,,
H5299-038-000,Devoted,DEVOTED GIVEBACK EXTRAS 038 NC (HMO),2027,Emergency room,$130 copay,FL,,,
H5299-038-000,Devoted,DEVOTED GIVEBACK EXTRAS 038 NC (HMO),2027,Lab services,$0 copay,FL,,,
H5299-038-000,Devoted,DEVOTED GIVEBACK EXTRAS 038 NC (HMO),2027,Wellness programs,$150 per year,FL,,,
H5299-038-000,Devoted,DEVOTED GIVEBACK EXTRAS 038 NC (HMO),2027,Rx deductible,$700 tiers 3-5,FL,,,
H5299-038-000,Devoted,DEVOTED GIVEBACK EXTRAS 038 NC (HMO),2027,Rx retail (30-day),$0 / $2 / 25% / 25% / 25%,FL,,,
H5299-038-000,Devoted,DEVOTED GIVEBACK EXTRAS 038 NC (HMO),2027,Dental - allowance,"$2,500 per year (Direct member reimbursement)",FL,,,
H5299-038-000,Devoted,DEVOTED GIVEBACK EXTRAS 038 NC (HMO),2027,Vision - eyeglasses,$350 per year,FL,,,
H5299-038-000,Devoted,DEVOTED GIVEBACK EXTRAS 038 NC (HMO),2027,Hearing aids,$599-$899 copay per aid,FL,,,
H5299-038-000,Devoted,DEVOTED GIVEBACK EXTRAS 038 NC (HMO),2027,OTC allowance,$150 per quarter,FL,,,
H5299-038-000,Devoted,DEVOTED GIVEBACK EXTRAS 038 NC (HMO),2027,Service area,"Greensboro (Alamance, Caswell, Guilford, Person, Randolph, Rockingham); Winston-Salem (Davidson, Davie, Forsyth, Stokes, Yadkin)",FL,,,
H5299-038-000,Devoted,DEVOTED GIVEBACK EXTRAS 038 NC (HMO),2027,Key notes,"Lower giveback amount, extra supplemental coverage. The Part B premium buydown benefit is designed for members who pay their own Medicare Part B premium. Members whose premium is paid by Medicaid or another assistance program will not benefit from the premium reduction. Processing through Social Security may take several months.",FL,,,
H5299-039-000,Devoted,DEVOTED GIVEBACK EXTRAS 039 NC (HMO),2027,Premium,$0.00,FL,,,
H5299-039-000,Devoted,DEVOTED GIVEBACK EXTRAS 039 NC (HMO),2027,Medical deductible,$150,FL,,,
H5299-039-000,Devoted,DEVOTED GIVEBACK EXTRAS 039 NC (HMO),2027,Max out-of-pocket,"$7,050",FL,,,
H5299-039-000,Devoted,DEVOTED GIVEBACK EXTRAS 039 NC (HMO),2027,PCP,$0 copay,FL,,,
H5299-039-000,Devoted,DEVOTED GIVEBACK EXTRAS 039 NC (HMO),2027,Specialist,$40 copay,FL,,,
H5299-039-000,Devoted,DEVOTED GIVEBACK EXTRAS 039 NC (HMO),2027,Referrals,No,FL,,,
H5299-039-000,Devoted,DEVOTED GIVEBACK EXTRAS 039 NC (HMO),2027,Inpatient hospital,"$530 per day for days 1-5, $0 days 6+",FL,,,
H5299-039-000,Devoted,DEVOTED GIVEBACK EXTRAS 039 NC (HMO),2027,Outpatient surgery (ASC),$455-$555 copay,FL,,,
H5299-039-000,Devoted,DEVOTED GIVEBACK EXTRAS 039 NC (HMO),2027,Emergency room,$130 copay,FL,,,
H5299-039-000,Devoted,DEVOTED GIVEBACK EXTRAS 039 NC (HMO),2027,Lab services,$0 copay,FL,,,
H5299-039-000,Devoted,DEVOTED GIVEBACK EXTRAS 039 NC (HMO),2027,Wellness programs,$150 per year,FL,,,
H5299-039-000,Devoted,DEVOTED GIVEBACK EXTRAS 039 NC (HMO),2027,Rx deductible,$700 tiers 3-5,FL,,,
H5299-039-000,Devoted,DEVOTED GIVEBACK EXTRAS 039 NC (HMO),2027,Rx retail (30-day),$0 / $2 / 25% / 25% / 25%,FL,,,
H5299-039-000,Devoted,DEVOTED GIVEBACK EXTRAS 039 NC (HMO),2027,Dental - allowance,"$4,250 per year (Direct member reimbursement)",FL,,,
H5299-039-000,Devoted,DEVOTED GIVEBACK EXTRAS 039 NC (HMO),2027,Vision - eyeglasses,$350 per year,FL,,,
H5299-039-000,Devoted,DEVOTED GIVEBACK EXTRAS 039 NC (HMO),2027,Hearing aids,$599-$899 copay per aid,FL,,,
H5299-039-000,Devoted,DEVOTED GIVEBACK EXTRAS 039 NC (HMO),2027,OTC allowance,$150 per quarter,FL,,,
H5299-039-000,Devoted,DEVOTED GIVEBACK EXTRAS 039 NC (HMO),2027,Service area,"Charlotte (Alexander, Anson, Cabarrus, Caldwell, Catawba, Cleveland, Gaston, Iredell, Lincoln, Mecklenburg, Montgomery, Rowan, Stanly, Union)",FL,,,
H5299-039-000,Devoted,DEVOTED GIVEBACK EXTRAS 039 NC (HMO),2027,Key notes,"Lower giveback amount, extra supplemental coverage. The Part B premium buydown benefit is designed for members who pay their own Medicare Part B premium. Members whose premium is paid by Medicaid or another assistance program will not benefit from the premium reduction. Processing through Social Security may take several months.",FL,,,
H5299-041-000,Devoted,DEVOTED GIVEBACK EXTRAS 041 NC (HMO),2027,Premium,$0.00,FL,,,
H5299-041-000,Devoted,DEVOTED GIVEBACK EXTRAS 041 NC (HMO),2027,Medical deductible,$270,FL,,,
H5299-041-000,Devoted,DEVOTED GIVEBACK EXTRAS 041 NC (HMO),2027,Max out-of-pocket,"$6,750",FL,,,
H5299-041-000,Devoted,DEVOTED GIVEBACK EXTRAS 041 NC (HMO),2027,PCP,$0 copay,FL,,,
H5299-041-000,Devoted,DEVOTED GIVEBACK EXTRAS 041 NC (HMO),2027,Specialist,$40 copay,FL,,,
H5299-041-000,Devoted,DEVOTED GIVEBACK EXTRAS 041 NC (HMO),2027,Referrals,No,FL,,,
H5299-041-000,Devoted,DEVOTED GIVEBACK EXTRAS 041 NC (HMO),2027,Inpatient hospital,"$530 per day for days 1-5, $0 days 6+",FL,,,
H5299-041-000,Devoted,DEVOTED GIVEBACK EXTRAS 041 NC (HMO),2027,Outpatient surgery (ASC),$455-$555 copay,FL,,,
H5299-041-000,Devoted,DEVOTED GIVEBACK EXTRAS 041 NC (HMO),2027,Emergency room,$130 copay,FL,,,
H5299-041-000,Devoted,DEVOTED GIVEBACK EXTRAS 041 NC (HMO),2027,Lab services,$0 copay,FL,,,
H5299-041-000,Devoted,DEVOTED GIVEBACK EXTRAS 041 NC (HMO),2027,Wellness programs,$150 per year,FL,,,
H5299-041-000,Devoted,DEVOTED GIVEBACK EXTRAS 041 NC (HMO),2027,Rx deductible,$700 tiers 3-5,FL,,,
H5299-041-000,Devoted,DEVOTED GIVEBACK EXTRAS 041 NC (HMO),2027,Rx retail (30-day),$0 / $2 / 25% / 25% / 25%,FL,,,
H5299-041-000,Devoted,DEVOTED GIVEBACK EXTRAS 041 NC (HMO),2027,Dental - allowance,"$4,000 per year (Direct member reimbursement)",FL,,,
H5299-041-000,Devoted,DEVOTED GIVEBACK EXTRAS 041 NC (HMO),2027,Vision - eyeglasses,$300 per year,FL,,,
H5299-041-000,Devoted,DEVOTED GIVEBACK EXTRAS 041 NC (HMO),2027,Hearing aids,$599-$899 copay per aid,FL,,,
H5299-041-000,Devoted,DEVOTED GIVEBACK EXTRAS 041 NC (HMO),2027,OTC allowance,$150 per quarter,FL,,,
H5299-041-000,Devoted,DEVOTED GIVEBACK EXTRAS 041 NC (HMO),2027,Service area,"Northwest North Carolina (Alleghany, Ashe, Surry, Wilkes)",FL,,,
H5299-041-000,Devoted,DEVOTED GIVEBACK EXTRAS 041 NC (HMO),2027,Key notes,"Lower giveback amount, extra supplemental coverage. The Part B premium buydown benefit is designed for members who pay their own Medicare Part B premium. Members whose premium is paid by Medicaid or another assistance program will not benefit from the premium reduction. Processing through Social Security may take several months.",FL,,,
H5299-042-000,Devoted,DEVOTED GIVEBACK EXTRAS 042 NC (HMO),2027,Premium,$0.00,FL,,,
H5299-042-000,Devoted,DEVOTED GIVEBACK EXTRAS 042 NC (HMO),2027,Medical deductible,$130,FL,,,
H5299-042-000,Devoted,DEVOTED GIVEBACK EXTRAS 042 NC (HMO),2027,Max out-of-pocket,"$7,100",FL,,,
H5299-042-000,Devoted,DEVOTED GIVEBACK EXTRAS 042 NC (HMO),2027,PCP,$0 copay,FL,,,
H5299-042-000,Devoted,DEVOTED GIVEBACK EXTRAS 042 NC (HMO),2027,Specialist,$35 copay,FL,,,
H5299-042-000,Devoted,DEVOTED GIVEBACK EXTRAS 042 NC (HMO),2027,Referrals,No,FL,,,
H5299-042-000,Devoted,DEVOTED GIVEBACK EXTRAS 042 NC (HMO),2027,Inpatient hospital,"$475 per day for days 1-5, $0 days 6+",FL,,,
H5299-042-000,Devoted,DEVOTED GIVEBACK EXTRAS 042 NC (HMO),2027,Outpatient surgery (ASC),$400-$500 copay,FL,,,
H5299-042-000,Devoted,DEVOTED GIVEBACK EXTRAS 042 NC (HMO),2027,Emergency room,$130 copay,FL,,,
H5299-042-000,Devoted,DEVOTED GIVEBACK EXTRAS 042 NC (HMO),2027,Lab services,$0 copay,FL,,,
H5299-042-000,Devoted,DEVOTED GIVEBACK EXTRAS 042 NC (HMO),2027,Wellness programs,$150 per year,FL,,,
H5299-042-000,Devoted,DEVOTED GIVEBACK EXTRAS 042 NC (HMO),2027,Rx deductible,$700 tiers 3-5,FL,,,
H5299-042-000,Devoted,DEVOTED GIVEBACK EXTRAS 042 NC (HMO),2027,Rx retail (30-day),$0 / $2 / 25% / 25% / 25%,FL,,,
H5299-042-000,Devoted,DEVOTED GIVEBACK EXTRAS 042 NC (HMO),2027,Dental - allowance,"$4,000 per year (Direct member reimbursement)",FL,,,
H5299-042-000,Devoted,DEVOTED GIVEBACK EXTRAS 042 NC (HMO),2027,Vision - eyeglasses,$350 per year,FL,,,
H5299-042-000,Devoted,DEVOTED GIVEBACK EXTRAS 042 NC (HMO),2027,Hearing aids,$599-$899 copay per aid,FL,,,
H5299-042-000,Devoted,DEVOTED GIVEBACK EXTRAS 042 NC (HMO),2027,OTC allowance,$200 per quarter,FL,,,
H5299-042-000,Devoted,DEVOTED GIVEBACK EXTRAS 042 NC (HMO),2027,Service area,"Wilmington (Bladen, Brunswick, Columbus, New Hanover, Pender)",FL,,,
H5299-042-000,Devoted,DEVOTED GIVEBACK EXTRAS 042 NC (HMO),2027,Key notes,"Lower giveback amount, extra supplemental coverage. The Part B premium buydown benefit is designed for members who pay their own Medicare Part B premium. Members whose premium is paid by Medicaid or another assistance program will not benefit from the premium reduction. Processing through Social Security may take several months.",FL,,,
H5299-044-000,Devoted,DEVOTED GIVEBACK EXTRAS 044 NC (HMO),2027,Premium,$0.00,FL,,,
H5299-044-000,Devoted,DEVOTED GIVEBACK EXTRAS 044 NC (HMO),2027,Medical deductible,$130,FL,,,
H5299-044-000,Devoted,DEVOTED GIVEBACK EXTRAS 044 NC (HMO),2027,Max out-of-pocket,"$7,150",FL,,,
H5299-044-000,Devoted,DEVOTED GIVEBACK EXTRAS 044 NC (HMO),2027,PCP,$0 copay,FL,,,
H5299-044-000,Devoted,DEVOTED GIVEBACK EXTRAS 044 NC (HMO),2027,Specialist,$40 copay,FL,,,
H5299-044-000,Devoted,DEVOTED GIVEBACK EXTRAS 044 NC (HMO),2027,Referrals,No,FL,,,
H5299-044-000,Devoted,DEVOTED GIVEBACK EXTRAS 044 NC (HMO),2027,Inpatient hospital,"$505 per day for days 1-5, $0 days 6+",FL,,,
H5299-044-000,Devoted,DEVOTED GIVEBACK EXTRAS 044 NC (HMO),2027,Outpatient surgery (ASC),$430-$530 copay,FL,,,
H5299-044-000,Devoted,DEVOTED GIVEBACK EXTRAS 044 NC (HMO),2027,Emergency room,$130 copay,FL,,,
H5299-044-000,Devoted,DEVOTED GIVEBACK EXTRAS 044 NC (HMO),2027,Lab services,$0 copay,FL,,,
H5299-044-000,Devoted,DEVOTED GIVEBACK EXTRAS 044 NC (HMO),2027,Wellness programs,$150 per year,FL,,,
H5299-044-000,Devoted,DEVOTED GIVEBACK EXTRAS 044 NC (HMO),2027,Rx deductible,$700 tiers 3-5,FL,,,
H5299-044-000,Devoted,DEVOTED GIVEBACK EXTRAS 044 NC (HMO),2027,Rx retail (30-day),$0 / $2 / 25% / 25% / 25%,FL,,,
H5299-044-000,Devoted,DEVOTED GIVEBACK EXTRAS 044 NC (HMO),2027,Dental - allowance,"$4,000 per year (Direct member reimbursement)",FL,,,
H5299-044-000,Devoted,DEVOTED GIVEBACK EXTRAS 044 NC (HMO),2027,Vision - eyeglasses,$350 per year,FL,,,
H5299-044-000,Devoted,DEVOTED GIVEBACK EXTRAS 044 NC (HMO),2027,Hearing aids,$599-$899 copay per aid,FL,,,
H5299-044-000,Devoted,DEVOTED GIVEBACK EXTRAS 044 NC (HMO),2027,OTC allowance,$165 per quarter,FL,,,
H5299-044-000,Devoted,DEVOTED GIVEBACK EXTRAS 044 NC (HMO),2027,Service area,"Western North Carolina (Avery, Buncombe, Burke, Cherokee, Clay, Graham, Haywood, Henderson, Jackson, Macon, Madison, McDowell, Mitchell, Polk, Rutherford, Swain, Transylvania, Yancey)",FL,,,
H5299-044-000,Devoted,DEVOTED GIVEBACK EXTRAS 044 NC (HMO),2027,Key notes,"Lower giveback amount, extra supplemental coverage. The Part B premium buydown benefit is designed for members who pay their own Medicare Part B premium. Members whose premium is paid by Medicaid or another assistance program will not benefit from the premium reduction. Processing through Social Security may take several months.",FL,,,
H5299-045-000,Devoted,DEVOTED C-SNP GIVEBACK EXTRAS 045 NC (HMO C-SNP),2027,Premium,$0.00,FL,,,
H5299-045-000,Devoted,DEVOTED C-SNP GIVEBACK EXTRAS 045 NC (HMO C-SNP),2027,Medical deductible,$270,FL,,,
H5299-045-000,Devoted,DEVOTED C-SNP GIVEBACK EXTRAS 045 NC (HMO C-SNP),2027,Max out-of-pocket,"$6,750",FL,,,
H5299-045-000,Devoted,DEVOTED C-SNP GIVEBACK EXTRAS 045 NC (HMO C-SNP),2027,PCP,$0 copay,FL,,,
H5299-045-000,Devoted,DEVOTED C-SNP GIVEBACK EXTRAS 045 NC (HMO C-SNP),2027,Specialist,$40 copay,FL,,,
H5299-045-000,Devoted,DEVOTED C-SNP GIVEBACK EXTRAS 045 NC (HMO C-SNP),2027,Referrals,No,FL,,,
H5299-045-000,Devoted,DEVOTED C-SNP GIVEBACK EXTRAS 045 NC (HMO C-SNP),2027,Inpatient hospital,"$550 per day for days 1-5, $0 days 6+",FL,,,
H5299-045-000,Devoted,DEVOTED C-SNP GIVEBACK EXTRAS 045 NC (HMO C-SNP),2027,Outpatient surgery (ASC),$455-$555 copay,FL,,,
H5299-045-000,Devoted,DEVOTED C-SNP GIVEBACK EXTRAS 045 NC (HMO C-SNP),2027,Emergency room,$130 copay,FL,,,
H5299-045-000,Devoted,DEVOTED C-SNP GIVEBACK EXTRAS 045 NC (HMO C-SNP),2027,Lab services,$0 copay,FL,,,
H5299-045-000,Devoted,DEVOTED C-SNP GIVEBACK EXTRAS 045 NC (HMO C-SNP),2027,Wellness programs,$150 per year,FL,,,
H5299-045-000,Devoted,DEVOTED C-SNP GIVEBACK EXTRAS 045 NC (HMO C-SNP),2027,Rx deductible,$700 tiers 3-5,FL,,,
H5299-045-000,Devoted,DEVOTED C-SNP GIVEBACK EXTRAS 045 NC (HMO C-SNP),2027,Rx retail (30-day),$0 / $2 / 25% / 25% / 25%,FL,,,
H5299-045-000,Devoted,DEVOTED C-SNP GIVEBACK EXTRAS 045 NC (HMO C-SNP),2027,Dental - allowance,"$4,000 per year (Direct member reimbursement)",FL,,,
H5299-045-000,Devoted,DEVOTED C-SNP GIVEBACK EXTRAS 045 NC (HMO C-SNP),2027,Vision - eyeglasses,$300 per year,FL,,,
H5299-045-000,Devoted,DEVOTED C-SNP GIVEBACK EXTRAS 045 NC (HMO C-SNP),2027,Hearing aids,$599-$899 copay per aid,FL,,,
H5299-045-000,Devoted,DEVOTED C-SNP GIVEBACK EXTRAS 045 NC (HMO C-SNP),2027,OTC allowance,$130 per quarter,FL,,,
H5299-045-000,Devoted,DEVOTED C-SNP GIVEBACK EXTRAS 045 NC (HMO C-SNP),2027,Service area,"Northwest North Carolina (Alleghany, Ashe, Surry, Wilkes)",FL,,,
H5299-045-000,Devoted,DEVOTED C-SNP GIVEBACK EXTRAS 045 NC (HMO C-SNP),2027,Key notes,"The Part B premium buydown benefit is designed for members who pay their own Medicare Part B premium. Members whose premium is paid by Medicaid or another assistance program will not benefit from the premium reduction. Processing through Social Security may take several months. To avoid disenrollment, members must submit their portion of the C-SNP form with their enrollment form, and have their provider complete their section within 2 months.",FL,,,
H9700-001-000,Devoted,DEVOTED CHOICE 001 NC (PPO),2026,Premium,$0.00,CMS,,,
H9700-001-000,Devoted,DEVOTED CHOICE 001 NC (PPO),2026,Max out-of-pocket,"$5,400.00",CMS,,,
H9700-001-000,Devoted,DEVOTED CHOICE 001 NC (PPO),2026,Specialist,$30,CMS,,,
H9700-001-000,Devoted,DEVOTED CHOICE 001 NC (PPO),2026,Telehealth,$0 - $45,CMS,,,
H9700-001-000,Devoted,DEVOTED CHOICE 001 NC (PPO),2026,Chiropractic,$15,CMS,,,
H9700-001-000,Devoted,DEVOTED CHOICE 001 NC (PPO),2026,Podiatry,$30 - $50,CMS,,,
H9700-001-000,Devoted,DEVOTED CHOICE 001 NC (PPO),2026,Other professional,$30,CMS,,,
H9700-001-000,Devoted,DEVOTED CHOICE 001 NC (PPO),2026,Inpatient hospital,$325 days 1-6 / $0 days 7-90,CMS,,,
H9700-001-000,Devoted,DEVOTED CHOICE 001 NC (PPO),2026,Inpatient psychiatric,$325 days 1-6 / $0 days 7-90,CMS,,,
H9700-001-000,Devoted,DEVOTED CHOICE 001 NC (PPO),2026,Skilled nursing facility,$0 days 1-20 / $218 days 21-100,CMS,,,
H9700-001-000,Devoted,DEVOTED CHOICE 001 NC (PPO),2026,Home health,$60,CMS,,,
H9700-001-000,Devoted,DEVOTED CHOICE 001 NC (PPO),2026,Outpatient hospital,$0 - $95,CMS,,,
H9700-001-000,Devoted,DEVOTED CHOICE 001 NC (PPO),2026,Outpatient surgery (ASC),$0 - $300,CMS,,,
H9700-001-000,Devoted,DEVOTED CHOICE 001 NC (PPO),2026,Outpatient surgery (hospital),20%,CMS,,,
H9700-001-000,Devoted,DEVOTED CHOICE 001 NC (PPO),2026,Observation services,$0 - $20,CMS,,,
H9700-001-000,Devoted,DEVOTED CHOICE 001 NC (PPO),2026,Emergency room,$130,CMS,,,
H9700-001-000,Devoted,DEVOTED CHOICE 001 NC (PPO),2026,Urgent care,$0 - $45,CMS,,,
H9700-001-000,Devoted,DEVOTED CHOICE 001 NC (PPO),2026,Ambulance (ground),$0 - $425,CMS,,,
H9700-001-000,Devoted,DEVOTED CHOICE 001 NC (PPO),2026,Ambulance (air),$325,CMS,,,
H9700-001-000,Devoted,DEVOTED CHOICE 001 NC (PPO),2026,Transportation,$0 - $325,CMS,,,
H9700-001-000,Devoted,DEVOTED CHOICE 001 NC (PPO),2026,Lab services,$0 - $325,CMS,,,
H9700-001-000,Devoted,DEVOTED CHOICE 001 NC (PPO),2026,Diagnostic radiology,20%,CMS,,,
H9700-001-000,Devoted,DEVOTED CHOICE 001 NC (PPO),2026,Renal dialysis,20%,CMS,,,
H9700-001-000,Devoted,DEVOTED CHOICE 001 NC (PPO),2026,Durable medical equipment,20%,CMS,,,
H9700-001-000,Devoted,DEVOTED CHOICE 001 NC (PPO),2026,Prosthetics,0% - 20%,CMS,,,
H9700-001-000,Devoted,DEVOTED CHOICE 001 NC (PPO),2026,Diabetic supplies,0% - 20%,CMS,,,
H9700-001-000,Devoted,DEVOTED CHOICE 001 NC (PPO),2026,Physical therapy,$0 - $30,CMS,,,
H9700-001-000,Devoted,DEVOTED CHOICE 001 NC (PPO),2026,Occupational therapy,$30 - $50,CMS,,,
H9700-001-000,Devoted,DEVOTED CHOICE 001 NC (PPO),2026,Cardiac rehab,$30,CMS,,,
H9700-001-000,Devoted,DEVOTED CHOICE 001 NC (PPO),2026,Pulmonary rehab,$30,CMS,,,
H9700-001-000,Devoted,DEVOTED CHOICE 001 NC (PPO),2026,Mental health (individual),$30,CMS,,,
H9700-001-000,Devoted,DEVOTED CHOICE 001 NC (PPO),2026,Mental health (group),$30,CMS,,,
H9700-001-000,Devoted,DEVOTED CHOICE 001 NC (PPO),2026,Substance abuse (individual),$30,CMS,,,
H9700-001-000,Devoted,DEVOTED CHOICE 001 NC (PPO),2026,Partial hospitalization,$30,CMS,,,
H9700-001-000,Devoted,DEVOTED CHOICE 001 NC (PPO),2026,Rx deductible,"$370 (tiers 1,2 exempt)",CMS,,,
H9700-001-000,Devoted,DEVOTED CHOICE 001 NC (PPO),2026,Dental - allowance,"$3,000 per year",CMS,,,
H9700-001-000,Devoted,DEVOTED CHOICE 001 NC (PPO),2026,Dental - preventive,$30,CMS,,,
H9700-001-000,Devoted,DEVOTED CHOICE 001 NC (PPO),2026,Dental - restorative,0% - 50%,CMS,,,
H9700-001-000,Devoted,DEVOTED CHOICE 001 NC (PPO),2026,Dental - endodontics,0% - 50%,CMS,,,
H9700-001-000,Devoted,DEVOTED CHOICE 001 NC (PPO),2026,Dental - extractions,0% - 50%,CMS,,,
H9700-001-000,Devoted,DEVOTED CHOICE 001 NC (PPO),2026,Hearing aids,$399 - $699 (2 per year),CMS,,,
H9700-001-000,Devoted,DEVOTED CHOICE 001 NC (PPO),2026,OTC allowance,$50 per visit,CMS,,,
H9700-001-000,Devoted,DEVOTED CHOICE 001 NC (PPO),2027,Service area,"Alexander, Anson, Cabarrus, Caldwell, Catawba, Cleveland, Gaston, Iredell, Lincoln, Mecklenburg, Rowan, Stanly, Union",FL,,,
H9700-001-000,Devoted,DEVOTED CHOICE 001 NC (PPO),2027,Key notes,The Food & Home Card is only for chronically ill members who meet specific health criteria (see SB/EOC for details). We proactively review health records to check eligibility. Completing an HRA can help speed up this process.,FL,,,
H9700-002-000,Devoted,DEVOTED CHOICE GIVEBACK 002 NC (PPO),2026,Premium,$0.00,CMS,,,
H9700-002-000,Devoted,DEVOTED CHOICE GIVEBACK 002 NC (PPO),2026,Max out-of-pocket,"$8,000.00",CMS,,,
H9700-002-000,Devoted,DEVOTED CHOICE GIVEBACK 002 NC (PPO),2026,Specialist,$45,CMS,,,
H9700-002-000,Devoted,DEVOTED CHOICE GIVEBACK 002 NC (PPO),2026,Telehealth,$0 - $45,CMS,,,
H9700-002-000,Devoted,DEVOTED CHOICE GIVEBACK 002 NC (PPO),2026,Chiropractic,$15,CMS,,,
H9700-002-000,Devoted,DEVOTED CHOICE GIVEBACK 002 NC (PPO),2026,Podiatry,$45 - $50,CMS,,,
H9700-002-000,Devoted,DEVOTED CHOICE GIVEBACK 002 NC (PPO),2026,Other professional,$45,CMS,,,
H9700-002-000,Devoted,DEVOTED CHOICE GIVEBACK 002 NC (PPO),2026,Inpatient hospital,$440 days 1-5 / $0 days 6-90,CMS,,,
H9700-002-000,Devoted,DEVOTED CHOICE GIVEBACK 002 NC (PPO),2026,Inpatient psychiatric,$440 days 1-4 / $0 days 5-90,CMS,,,
H9700-002-000,Devoted,DEVOTED CHOICE GIVEBACK 002 NC (PPO),2026,Skilled nursing facility,$0 days 1-20 / $218 days 21-100,CMS,,,
H9700-002-000,Devoted,DEVOTED CHOICE GIVEBACK 002 NC (PPO),2026,Home health,$70,CMS,,,
H9700-002-000,Devoted,DEVOTED CHOICE GIVEBACK 002 NC (PPO),2026,Outpatient hospital,$0 - $95,CMS,,,
H9700-002-000,Devoted,DEVOTED CHOICE GIVEBACK 002 NC (PPO),2026,Outpatient surgery (ASC),$0 - $300,CMS,,,
H9700-002-000,Devoted,DEVOTED CHOICE GIVEBACK 002 NC (PPO),2026,Outpatient surgery (hospital),20%,CMS,,,
H9700-002-000,Devoted,DEVOTED CHOICE GIVEBACK 002 NC (PPO),2026,Observation services,$0 - $40,CMS,,,
H9700-002-000,Devoted,DEVOTED CHOICE GIVEBACK 002 NC (PPO),2026,Emergency room,$115,CMS,,,
H9700-002-000,Devoted,DEVOTED CHOICE GIVEBACK 002 NC (PPO),2026,Urgent care,$0 - $40,CMS,,,
H9700-002-000,Devoted,DEVOTED CHOICE GIVEBACK 002 NC (PPO),2026,Ambulance (ground),$0 - $540,CMS,,,
H9700-002-000,Devoted,DEVOTED CHOICE GIVEBACK 002 NC (PPO),2026,Ambulance (air),$440,CMS,,,
H9700-002-000,Devoted,DEVOTED CHOICE GIVEBACK 002 NC (PPO),2026,Transportation,$0 - $440,CMS,,,
H9700-002-000,Devoted,DEVOTED CHOICE GIVEBACK 002 NC (PPO),2026,Lab services,$0 - $350,CMS,,,
H9700-002-000,Devoted,DEVOTED CHOICE GIVEBACK 002 NC (PPO),2026,Diagnostic radiology,20%,CMS,,,
H9700-002-000,Devoted,DEVOTED CHOICE GIVEBACK 002 NC (PPO),2026,Renal dialysis,20%,CMS,,,
H9700-002-000,Devoted,DEVOTED CHOICE GIVEBACK 002 NC (PPO),2026,Durable medical equipment,20%,CMS,,,
H9700-002-000,Devoted,DEVOTED CHOICE GIVEBACK 002 NC (PPO),2026,Prosthetics,0% - 20%,CMS,,,
H9700-002-000,Devoted,DEVOTED CHOICE GIVEBACK 002 NC (PPO),2026,Diabetic supplies,0% - 20%,CMS,,,
H9700-002-000,Devoted,DEVOTED CHOICE GIVEBACK 002 NC (PPO),2026,Physical therapy,$0 - $45,CMS,,,
H9700-002-000,Devoted,DEVOTED CHOICE GIVEBACK 002 NC (PPO),2026,Occupational therapy,$35,CMS,,,
H9700-002-000,Devoted,DEVOTED CHOICE GIVEBACK 002 NC (PPO),2026,Cardiac rehab,$30,CMS,,,
H9700-002-000,Devoted,DEVOTED CHOICE GIVEBACK 002 NC (PPO),2026,Pulmonary rehab,$25,CMS,,,
H9700-002-000,Devoted,DEVOTED CHOICE GIVEBACK 002 NC (PPO),2026,Mental health (individual),$45,CMS,,,
H9700-002-000,Devoted,DEVOTED CHOICE GIVEBACK 002 NC (PPO),2026,Mental health (group),$45,CMS,,,
H9700-002-000,Devoted,DEVOTED CHOICE GIVEBACK 002 NC (PPO),2026,Substance abuse (individual),$45,CMS,,,
H9700-002-000,Devoted,DEVOTED CHOICE GIVEBACK 002 NC (PPO),2026,Partial hospitalization,$45,CMS,,,
H9700-002-000,Devoted,DEVOTED CHOICE GIVEBACK 002 NC (PPO),2026,Rx deductible,"$605 (tiers 1,2 exempt)",CMS,,,
H9700-002-000,Devoted,DEVOTED CHOICE GIVEBACK 002 NC (PPO),2026,Dental - allowance,$250 per year,CMS,,,
H9700-002-000,Devoted,DEVOTED CHOICE GIVEBACK 002 NC (PPO),2026,Dental - preventive,$45,CMS,,,
H9700-002-000,Devoted,DEVOTED CHOICE GIVEBACK 002 NC (PPO),2026,Hearing aids,$599 - $899 (2 per year),CMS,,,
H9700-002-000,Devoted,DEVOTED CHOICE GIVEBACK 002 NC (PPO),2026,OTC allowance,$116 per visit,CMS,,,
H9700-002-000,Devoted,DEVOTED CHOICE GIVEBACK 002 NC (PPO),2027,Service area,"Alexander, Anson, Cabarrus, Caldwell, Catawba, Cleveland, Gaston, Iredell, Lincoln, Mecklenburg, Rowan, Stanly, Union",FL,,,
H9700-002-000,Devoted,DEVOTED CHOICE GIVEBACK 002 NC (PPO),2027,Key notes,"Higher giveback amount, less supplemental coverage. The Part B premium buydown benefit is designed for members who pay their own Medicare Part B premium. Members whose premium is paid by Medicaid or another assistance program will not benefit from the premium reduction. Processing through Social Security may take several months.",FL,,,
H9700-003-000,Devoted,DEVOTED CHOICE 003 NC (PPO),2026,Premium,$0.00,CMS,,,
H9700-003-000,Devoted,DEVOTED CHOICE 003 NC (PPO),2026,Max out-of-pocket,"$4,500.00",CMS,,,
H9700-003-000,Devoted,DEVOTED CHOICE 003 NC (PPO),2026,Specialist,$30,CMS,,,
H9700-003-000,Devoted,DEVOTED CHOICE 003 NC (PPO),2026,Telehealth,$0 - $45,CMS,,,
H9700-003-000,Devoted,DEVOTED CHOICE 003 NC (PPO),2026,Chiropractic,$15,CMS,,,
H9700-003-000,Devoted,DEVOTED CHOICE 003 NC (PPO),2026,Podiatry,$30 - $50,CMS,,,
H9700-003-000,Devoted,DEVOTED CHOICE 003 NC (PPO),2026,Other professional,$30,CMS,,,
H9700-003-000,Devoted,DEVOTED CHOICE 003 NC (PPO),2026,Inpatient hospital,$325 days 1-6 / $0 days 7-90,CMS,,,
H9700-003-000,Devoted,DEVOTED CHOICE 003 NC (PPO),2026,Inpatient psychiatric,$325 days 1-6 / $0 days 7-90,CMS,,,
H9700-003-000,Devoted,DEVOTED CHOICE 003 NC (PPO),2026,Skilled nursing facility,$0 days 1-20 / $218 days 21-100,CMS,,,
H9700-003-000,Devoted,DEVOTED CHOICE 003 NC (PPO),2026,Home health,$60,CMS,,,
H9700-003-000,Devoted,DEVOTED CHOICE 003 NC (PPO),2026,Outpatient hospital,$0 - $95,CMS,,,
H9700-003-000,Devoted,DEVOTED CHOICE 003 NC (PPO),2026,Outpatient surgery (ASC),$0 - $300,CMS,,,
H9700-003-000,Devoted,DEVOTED CHOICE 003 NC (PPO),2026,Outpatient surgery (hospital),20%,CMS,,,
H9700-003-000,Devoted,DEVOTED CHOICE 003 NC (PPO),2026,Observation services,$0 - $20,CMS,,,
H9700-003-000,Devoted,DEVOTED CHOICE 003 NC (PPO),2026,Emergency room,$130,CMS,,,
H9700-003-000,Devoted,DEVOTED CHOICE 003 NC (PPO),2026,Urgent care,$0 - $45,CMS,,,
H9700-003-000,Devoted,DEVOTED CHOICE 003 NC (PPO),2026,Ambulance (ground),$0 - $425,CMS,,,
H9700-003-000,Devoted,DEVOTED CHOICE 003 NC (PPO),2026,Ambulance (air),$325,CMS,,,
H9700-003-000,Devoted,DEVOTED CHOICE 003 NC (PPO),2026,Transportation,$0 - $325,CMS,,,
H9700-003-000,Devoted,DEVOTED CHOICE 003 NC (PPO),2026,Lab services,$0 - $325,CMS,,,
H9700-003-000,Devoted,DEVOTED CHOICE 003 NC (PPO),2026,Diagnostic radiology,20%,CMS,,,
H9700-003-000,Devoted,DEVOTED CHOICE 003 NC (PPO),2026,Renal dialysis,20%,CMS,,,
H9700-003-000,Devoted,DEVOTED CHOICE 003 NC (PPO),2026,Durable medical equipment,20% - 30%,CMS,,,
H9700-003-000,Devoted,DEVOTED CHOICE 003 NC (PPO),2026,Prosthetics,0% - 20%,CMS,,,
H9700-003-000,Devoted,DEVOTED CHOICE 003 NC (PPO),2026,Diabetic supplies,0% - 30%,CMS,,,
H9700-003-000,Devoted,DEVOTED CHOICE 003 NC (PPO),2026,Physical therapy,$0 - $30,CMS,,,
H9700-003-000,Devoted,DEVOTED CHOICE 003 NC (PPO),2026,Occupational therapy,$30 - $50,CMS,,,
H9700-003-000,Devoted,DEVOTED CHOICE 003 NC (PPO),2026,Cardiac rehab,$30,CMS,,,
H9700-003-000,Devoted,DEVOTED CHOICE 003 NC (PPO),2026,Pulmonary rehab,$30,CMS,,,
H9700-003-000,Devoted,DEVOTED CHOICE 003 NC (PPO),2026,Mental health (individual),$30,CMS,,,
H9700-003-000,Devoted,DEVOTED CHOICE 003 NC (PPO),2026,Mental health (group),$30,CMS,,,
H9700-003-000,Devoted,DEVOTED CHOICE 003 NC (PPO),2026,Substance abuse (individual),$30,CMS,,,
H9700-003-000,Devoted,DEVOTED CHOICE 003 NC (PPO),2026,Partial hospitalization,$30,CMS,,,
H9700-003-000,Devoted,DEVOTED CHOICE 003 NC (PPO),2026,Rx deductible,"$370 (tiers 1,2 exempt)",CMS,,,
H9700-003-000,Devoted,DEVOTED CHOICE 003 NC (PPO),2026,Dental - allowance,"$2,500 per year",CMS,,,
H9700-003-000,Devoted,DEVOTED CHOICE 003 NC (PPO),2026,Dental - preventive,$30,CMS,,,
H9700-003-000,Devoted,DEVOTED CHOICE 003 NC (PPO),2026,Dental - restorative,0% - 50%,CMS,,,
H9700-003-000,Devoted,DEVOTED CHOICE 003 NC (PPO),2026,Dental - endodontics,0% - 50%,CMS,,,
H9700-003-000,Devoted,DEVOTED CHOICE 003 NC (PPO),2026,Dental - extractions,0% - 50%,CMS,,,
H9700-003-000,Devoted,DEVOTED CHOICE 003 NC (PPO),2026,Hearing aids,$399 - $699 (2 per year),CMS,,,
H9700-003-000,Devoted,DEVOTED CHOICE 003 NC (PPO),2026,OTC allowance,$50 per visit,CMS,,,
H9700-003-000,Devoted,DEVOTED CHOICE 003 NC (PPO),2027,Service area,"Alamance, Caswell, Guilford, Person, Randolph, Rockingham",FL,,,
H9700-003-000,Devoted,DEVOTED CHOICE 003 NC (PPO),2027,Key notes,The Food & Home Card is only for chronically ill members who meet specific health criteria (see SB/EOC for details). We proactively review health records to check eligibility. Completing an HRA can help speed up this process.,FL,,,
H9700-004-000,Devoted,DEVOTED CHOICE GIVEBACK 004 NC (PPO),2026,Premium,$0.00,CMS,,,
H9700-004-000,Devoted,DEVOTED CHOICE GIVEBACK 004 NC (PPO),2026,Max out-of-pocket,"$8,000.00",CMS,,,
H9700-004-000,Devoted,DEVOTED CHOICE GIVEBACK 004 NC (PPO),2026,Specialist,$45,CMS,,,
H9700-004-000,Devoted,DEVOTED CHOICE GIVEBACK 004 NC (PPO),2026,Telehealth,$0 - $45,CMS,,,
H9700-004-000,Devoted,DEVOTED CHOICE GIVEBACK 004 NC (PPO),2026,Chiropractic,$15,CMS,,,
H9700-004-000,Devoted,DEVOTED CHOICE GIVEBACK 004 NC (PPO),2026,Podiatry,$45 - $50,CMS,,,
H9700-004-000,Devoted,DEVOTED CHOICE GIVEBACK 004 NC (PPO),2026,Other professional,$45,CMS,,,
H9700-004-000,Devoted,DEVOTED CHOICE GIVEBACK 004 NC (PPO),2026,Inpatient hospital,$440 days 1-5 / $0 days 6-90,CMS,,,
H9700-004-000,Devoted,DEVOTED CHOICE GIVEBACK 004 NC (PPO),2026,Inpatient psychiatric,$440 days 1-4 / $0 days 5-90,CMS,,,
H9700-004-000,Devoted,DEVOTED CHOICE GIVEBACK 004 NC (PPO),2026,Skilled nursing facility,$0 days 1-20 / $218 days 21-100,CMS,,,
H9700-004-000,Devoted,DEVOTED CHOICE GIVEBACK 004 NC (PPO),2026,Home health,$70,CMS,,,
H9700-004-000,Devoted,DEVOTED CHOICE GIVEBACK 004 NC (PPO),2026,Outpatient hospital,$0 - $95,CMS,,,
H9700-004-000,Devoted,DEVOTED CHOICE GIVEBACK 004 NC (PPO),2026,Outpatient surgery (ASC),$0 - $300,CMS,,,
H9700-004-000,Devoted,DEVOTED CHOICE GIVEBACK 004 NC (PPO),2026,Outpatient surgery (hospital),20%,CMS,,,
H9700-004-000,Devoted,DEVOTED CHOICE GIVEBACK 004 NC (PPO),2026,Observation services,$0 - $40,CMS,,,
H9700-004-000,Devoted,DEVOTED CHOICE GIVEBACK 004 NC (PPO),2026,Emergency room,$115,CMS,,,
H9700-004-000,Devoted,DEVOTED CHOICE GIVEBACK 004 NC (PPO),2026,Urgent care,$0 - $40,CMS,,,
H9700-004-000,Devoted,DEVOTED CHOICE GIVEBACK 004 NC (PPO),2026,Ambulance (ground),$0 - $540,CMS,,,
H9700-004-000,Devoted,DEVOTED CHOICE GIVEBACK 004 NC (PPO),2026,Ambulance (air),$440,CMS,,,
H9700-004-000,Devoted,DEVOTED CHOICE GIVEBACK 004 NC (PPO),2026,Transportation,$0 - $440,CMS,,,
H9700-004-000,Devoted,DEVOTED CHOICE GIVEBACK 004 NC (PPO),2026,Lab services,$0 - $350,CMS,,,
H9700-004-000,Devoted,DEVOTED CHOICE GIVEBACK 004 NC (PPO),2026,Diagnostic radiology,20%,CMS,,,
H9700-004-000,Devoted,DEVOTED CHOICE GIVEBACK 004 NC (PPO),2026,Renal dialysis,20%,CMS,,,
H9700-004-000,Devoted,DEVOTED CHOICE GIVEBACK 004 NC (PPO),2026,Durable medical equipment,20%,CMS,,,
H9700-004-000,Devoted,DEVOTED CHOICE GIVEBACK 004 NC (PPO),2026,Prosthetics,0% - 20%,CMS,,,
H9700-004-000,Devoted,DEVOTED CHOICE GIVEBACK 004 NC (PPO),2026,Diabetic supplies,0% - 20%,CMS,,,
H9700-004-000,Devoted,DEVOTED CHOICE GIVEBACK 004 NC (PPO),2026,Physical therapy,$0 - $45,CMS,,,
H9700-004-000,Devoted,DEVOTED CHOICE GIVEBACK 004 NC (PPO),2026,Occupational therapy,$35,CMS,,,
H9700-004-000,Devoted,DEVOTED CHOICE GIVEBACK 004 NC (PPO),2026,Cardiac rehab,$30,CMS,,,
H9700-004-000,Devoted,DEVOTED CHOICE GIVEBACK 004 NC (PPO),2026,Pulmonary rehab,$25,CMS,,,
H9700-004-000,Devoted,DEVOTED CHOICE GIVEBACK 004 NC (PPO),2026,Mental health (individual),$45,CMS,,,
H9700-004-000,Devoted,DEVOTED CHOICE GIVEBACK 004 NC (PPO),2026,Mental health (group),$45,CMS,,,
H9700-004-000,Devoted,DEVOTED CHOICE GIVEBACK 004 NC (PPO),2026,Substance abuse (individual),$45,CMS,,,
H9700-004-000,Devoted,DEVOTED CHOICE GIVEBACK 004 NC (PPO),2026,Partial hospitalization,$45,CMS,,,
H9700-004-000,Devoted,DEVOTED CHOICE GIVEBACK 004 NC (PPO),2026,Rx deductible,"$605 (tiers 1,2 exempt)",CMS,,,
H9700-004-000,Devoted,DEVOTED CHOICE GIVEBACK 004 NC (PPO),2026,Dental - allowance,$250 per year,CMS,,,
H9700-004-000,Devoted,DEVOTED CHOICE GIVEBACK 004 NC (PPO),2026,Dental - preventive,$45,CMS,,,
H9700-004-000,Devoted,DEVOTED CHOICE GIVEBACK 004 NC (PPO),2026,Hearing aids,$599 - $899 (2 per year),CMS,,,
H9700-004-000,Devoted,DEVOTED CHOICE GIVEBACK 004 NC (PPO),2026,OTC allowance,$50 per visit,CMS,,,
H9700-004-000,Devoted,DEVOTED CHOICE GIVEBACK 004 NC (PPO),2027,Service area,"Alamance, Caswell, Guilford, Person, Randolph, Rockingham",FL,,,
H9700-004-000,Devoted,DEVOTED CHOICE GIVEBACK 004 NC (PPO),2027,Key notes,"Higher giveback amount, less supplemental coverage. The Part B premium buydown benefit is designed for members who pay their own Medicare Part B premium. Members whose premium is paid by Medicaid or another assistance program will not benefit from the premium reduction. Processing through Social Security may take several months.",FL,,,
H9700-005-000,Devoted,DEVOTED CHOICE 005 NC (PPO),2026,Premium,$0.00,CMS,,,
H9700-005-000,Devoted,DEVOTED CHOICE 005 NC (PPO),2026,Max out-of-pocket,"$5,300.00",CMS,,,
H9700-005-000,Devoted,DEVOTED CHOICE 005 NC (PPO),2026,Specialist,$30,CMS,,,
H9700-005-000,Devoted,DEVOTED CHOICE 005 NC (PPO),2026,Telehealth,$0 - $45,CMS,,,
H9700-005-000,Devoted,DEVOTED CHOICE 005 NC (PPO),2026,Chiropractic,$15,CMS,,,
H9700-005-000,Devoted,DEVOTED CHOICE 005 NC (PPO),2026,Podiatry,$30 - $50,CMS,,,
H9700-005-000,Devoted,DEVOTED CHOICE 005 NC (PPO),2026,Other professional,$30,CMS,,,
H9700-005-000,Devoted,DEVOTED CHOICE 005 NC (PPO),2026,Inpatient hospital,$395 days 1-5 / $0 days 6-90,CMS,,,
H9700-005-000,Devoted,DEVOTED CHOICE 005 NC (PPO),2026,Inpatient psychiatric,$395 days 1-5 / $0 days 6-90,CMS,,,
H9700-005-000,Devoted,DEVOTED CHOICE 005 NC (PPO),2026,Skilled nursing facility,$0 days 1-20 / $218 days 21-100,CMS,,,
H9700-005-000,Devoted,DEVOTED CHOICE 005 NC (PPO),2026,Home health,$60,CMS,,,
H9700-005-000,Devoted,DEVOTED CHOICE 005 NC (PPO),2026,Outpatient hospital,$0 - $95,CMS,,,
H9700-005-000,Devoted,DEVOTED CHOICE 005 NC (PPO),2026,Outpatient surgery (ASC),$0 - $300,CMS,,,
H9700-005-000,Devoted,DEVOTED CHOICE 005 NC (PPO),2026,Outpatient surgery (hospital),20%,CMS,,,
H9700-005-000,Devoted,DEVOTED CHOICE 005 NC (PPO),2026,Observation services,$0 - $20,CMS,,,
H9700-005-000,Devoted,DEVOTED CHOICE 005 NC (PPO),2026,Emergency room,$130,CMS,,,
H9700-005-000,Devoted,DEVOTED CHOICE 005 NC (PPO),2026,Urgent care,$0 - $45,CMS,,,
H9700-005-000,Devoted,DEVOTED CHOICE 005 NC (PPO),2026,Ambulance (ground),$0 - $495,CMS,,,
H9700-005-000,Devoted,DEVOTED CHOICE 005 NC (PPO),2026,Ambulance (air),$395,CMS,,,
H9700-005-000,Devoted,DEVOTED CHOICE 005 NC (PPO),2026,Transportation,$0 - $395,CMS,,,
H9700-005-000,Devoted,DEVOTED CHOICE 005 NC (PPO),2026,Lab services,$0 - $325,CMS,,,
H9700-005-000,Devoted,DEVOTED CHOICE 005 NC (PPO),2026,Diagnostic radiology,20%,CMS,,,
H9700-005-000,Devoted,DEVOTED CHOICE 005 NC (PPO),2026,Renal dialysis,20%,CMS,,,
H9700-005-000,Devoted,DEVOTED CHOICE 005 NC (PPO),2026,Durable medical equipment,20%,CMS,,,
H9700-005-000,Devoted,DEVOTED CHOICE 005 NC (PPO),2026,Prosthetics,0% - 20%,CMS,,,
H9700-005-000,Devoted,DEVOTED CHOICE 005 NC (PPO),2026,Diabetic supplies,0% - 20%,CMS,,,
H9700-005-000,Devoted,DEVOTED CHOICE 005 NC (PPO),2026,Physical therapy,$0 - $30,CMS,,,
H9700-005-000,Devoted,DEVOTED CHOICE 005 NC (PPO),2026,Occupational therapy,$30 - $50,CMS,,,
H9700-005-000,Devoted,DEVOTED CHOICE 005 NC (PPO),2026,Cardiac rehab,$30,CMS,,,
H9700-005-000,Devoted,DEVOTED CHOICE 005 NC (PPO),2026,Pulmonary rehab,$30,CMS,,,
H9700-005-000,Devoted,DEVOTED CHOICE 005 NC (PPO),2026,Mental health (individual),$30,CMS,,,
H9700-005-000,Devoted,DEVOTED CHOICE 005 NC (PPO),2026,Mental health (group),$30,CMS,,,
H9700-005-000,Devoted,DEVOTED CHOICE 005 NC (PPO),2026,Substance abuse (individual),$30,CMS,,,
H9700-005-000,Devoted,DEVOTED CHOICE 005 NC (PPO),2026,Partial hospitalization,$30,CMS,,,
H9700-005-000,Devoted,DEVOTED CHOICE 005 NC (PPO),2026,Rx deductible,"$370 (tiers 1,2 exempt)",CMS,,,
H9700-005-000,Devoted,DEVOTED CHOICE 005 NC (PPO),2026,Dental - allowance,"$2,500 per year",CMS,,,
H9700-005-000,Devoted,DEVOTED CHOICE 005 NC (PPO),2026,Dental - preventive,$30,CMS,,,
H9700-005-000,Devoted,DEVOTED CHOICE 005 NC (PPO),2026,Dental - restorative,0% - 50%,CMS,,,
H9700-005-000,Devoted,DEVOTED CHOICE 005 NC (PPO),2026,Dental - endodontics,0% - 50%,CMS,,,
H9700-005-000,Devoted,DEVOTED CHOICE 005 NC (PPO),2026,Dental - extractions,0% - 50%,CMS,,,
H9700-005-000,Devoted,DEVOTED CHOICE 005 NC (PPO),2026,Hearing aids,$399 - $699 (2 per year),CMS,,,
H9700-005-000,Devoted,DEVOTED CHOICE 005 NC (PPO),2026,OTC allowance,$50 per visit,CMS,,,
H9700-005-000,Devoted,DEVOTED CHOICE 005 NC (PPO),2027,Service area,"Avery, Buncombe, Burke, Cherokee, Clay, Graham, Haywood, Henderson, Jackson, Madison, McDowell, Mitchell, Polk, Rutherford, Swain, Transylvania, Yancey",FL,,,
H9700-005-000,Devoted,DEVOTED CHOICE 005 NC (PPO),2027,Key notes,The Food & Home Card is only for chronically ill members who meet specific health criteria (see SB/EOC for details). We proactively review health records to check eligibility. Completing an HRA can help speed up this process.,FL,,,
H9700-006-000,Devoted,DEVOTED CHOICE GIVEBACK 006 NC (PPO),2026,Premium,$0.00,CMS,,,
H9700-006-000,Devoted,DEVOTED CHOICE GIVEBACK 006 NC (PPO),2026,Max out-of-pocket,"$8,000.00",CMS,,,
H9700-006-000,Devoted,DEVOTED CHOICE GIVEBACK 006 NC (PPO),2026,Specialist,$45,CMS,,,
H9700-006-000,Devoted,DEVOTED CHOICE GIVEBACK 006 NC (PPO),2026,Telehealth,$0 - $45,CMS,,,
H9700-006-000,Devoted,DEVOTED CHOICE GIVEBACK 006 NC (PPO),2026,Chiropractic,$15,CMS,,,
H9700-006-000,Devoted,DEVOTED CHOICE GIVEBACK 006 NC (PPO),2026,Podiatry,$45 - $50,CMS,,,
H9700-006-000,Devoted,DEVOTED CHOICE GIVEBACK 006 NC (PPO),2026,Other professional,$45,CMS,,,
H9700-006-000,Devoted,DEVOTED CHOICE GIVEBACK 006 NC (PPO),2026,Inpatient hospital,$440 days 1-5 / $0 days 6-90,CMS,,,
H9700-006-000,Devoted,DEVOTED CHOICE GIVEBACK 006 NC (PPO),2026,Inpatient psychiatric,$440 days 1-4 / $0 days 5-90,CMS,,,
H9700-006-000,Devoted,DEVOTED CHOICE GIVEBACK 006 NC (PPO),2026,Skilled nursing facility,$0 days 1-20 / $218 days 21-100,CMS,,,
H9700-006-000,Devoted,DEVOTED CHOICE GIVEBACK 006 NC (PPO),2026,Home health,$70,CMS,,,
H9700-006-000,Devoted,DEVOTED CHOICE GIVEBACK 006 NC (PPO),2026,Outpatient hospital,$0 - $95,CMS,,,
H9700-006-000,Devoted,DEVOTED CHOICE GIVEBACK 006 NC (PPO),2026,Outpatient surgery (ASC),$0 - $300,CMS,,,
H9700-006-000,Devoted,DEVOTED CHOICE GIVEBACK 006 NC (PPO),2026,Outpatient surgery (hospital),20%,CMS,,,
H9700-006-000,Devoted,DEVOTED CHOICE GIVEBACK 006 NC (PPO),2026,Observation services,$0 - $40,CMS,,,
H9700-006-000,Devoted,DEVOTED CHOICE GIVEBACK 006 NC (PPO),2026,Emergency room,$115,CMS,,,
H9700-006-000,Devoted,DEVOTED CHOICE GIVEBACK 006 NC (PPO),2026,Urgent care,$0 - $40,CMS,,,
H9700-006-000,Devoted,DEVOTED CHOICE GIVEBACK 006 NC (PPO),2026,Ambulance (ground),$0 - $540,CMS,,,
H9700-006-000,Devoted,DEVOTED CHOICE GIVEBACK 006 NC (PPO),2026,Ambulance (air),$440,CMS,,,
H9700-006-000,Devoted,DEVOTED CHOICE GIVEBACK 006 NC (PPO),2026,Transportation,$0 - $440,CMS,,,
H9700-006-000,Devoted,DEVOTED CHOICE GIVEBACK 006 NC (PPO),2026,Lab services,$0 - $350,CMS,,,
H9700-006-000,Devoted,DEVOTED CHOICE GIVEBACK 006 NC (PPO),2026,Diagnostic radiology,20%,CMS,,,
H9700-006-000,Devoted,DEVOTED CHOICE GIVEBACK 006 NC (PPO),2026,Renal dialysis,20%,CMS,,,
H9700-006-000,Devoted,DEVOTED CHOICE GIVEBACK 006 NC (PPO),2026,Durable medical equipment,20%,CMS,,,
H9700-006-000,Devoted,DEVOTED CHOICE GIVEBACK 006 NC (PPO),2026,Prosthetics,0% - 20%,CMS,,,
H9700-006-000,Devoted,DEVOTED CHOICE GIVEBACK 006 NC (PPO),2026,Diabetic supplies,0% - 20%,CMS,,,
H9700-006-000,Devoted,DEVOTED CHOICE GIVEBACK 006 NC (PPO),2026,Physical therapy,$0 - $45,CMS,,,
H9700-006-000,Devoted,DEVOTED CHOICE GIVEBACK 006 NC (PPO),2026,Occupational therapy,$35,CMS,,,
H9700-006-000,Devoted,DEVOTED CHOICE GIVEBACK 006 NC (PPO),2026,Cardiac rehab,$30,CMS,,,
H9700-006-000,Devoted,DEVOTED CHOICE GIVEBACK 006 NC (PPO),2026,Pulmonary rehab,$25,CMS,,,
H9700-006-000,Devoted,DEVOTED CHOICE GIVEBACK 006 NC (PPO),2026,Mental health (individual),$45,CMS,,,
H9700-006-000,Devoted,DEVOTED CHOICE GIVEBACK 006 NC (PPO),2026,Mental health (group),$45,CMS,,,
H9700-006-000,Devoted,DEVOTED CHOICE GIVEBACK 006 NC (PPO),2026,Substance abuse (individual),$45,CMS,,,
H9700-006-000,Devoted,DEVOTED CHOICE GIVEBACK 006 NC (PPO),2026,Partial hospitalization,$45,CMS,,,
H9700-006-000,Devoted,DEVOTED CHOICE GIVEBACK 006 NC (PPO),2026,Rx deductible,"$605 (tiers 1,2 exempt)",CMS,,,
H9700-006-000,Devoted,DEVOTED CHOICE GIVEBACK 006 NC (PPO),2026,Dental - allowance,$250 per year,CMS,,,
H9700-006-000,Devoted,DEVOTED CHOICE GIVEBACK 006 NC (PPO),2026,Dental - preventive,$45,CMS,,,
H9700-006-000,Devoted,DEVOTED CHOICE GIVEBACK 006 NC (PPO),2026,Hearing aids,$599 - $899 (2 per year),CMS,,,
H9700-006-000,Devoted,DEVOTED CHOICE GIVEBACK 006 NC (PPO),2027,Service area,"Avery, Buncombe, Burke, Cherokee, Clay, Graham, Haywood, Henderson, Jackson, Madison, McDowell, Mitchell, Polk, Rutherford, Swain, Transylvania, Yancey",FL,,,
H9700-006-000,Devoted,DEVOTED CHOICE GIVEBACK 006 NC (PPO),2027,Key notes,"Higher giveback amount, less supplemental coverage. The Part B premium buydown benefit is designed for members who pay their own Medicare Part B premium. Members whose premium is paid by Medicaid or another assistance program will not benefit from the premium reduction. Processing through Social Security may take several months.",FL,,,
H9700-007-000,Devoted,DEVOTED CHOICE MA ONLY 007 NC (PPO),2026,Premium,Not Applicable,CMS,,,
H9700-007-000,Devoted,DEVOTED CHOICE MA ONLY 007 NC (PPO),2027,Premium,$0.00,FL,,,
H9700-007-000,Devoted,DEVOTED CHOICE MA ONLY 007 NC (PPO),2027,Medical deductible,$0,FL,,,
H9700-007-000,Devoted,DEVOTED CHOICE MA ONLY 007 NC (PPO),2026,Max out-of-pocket,"$9,250.00",CMS,,,
H9700-007-000,Devoted,DEVOTED CHOICE MA ONLY 007 NC (PPO),2027,Max out-of-pocket,"$9,250 INN / $13,900 combined INN and OON",FL,,,
H9700-007-000,Devoted,DEVOTED CHOICE MA ONLY 007 NC (PPO),2027,PCP,$0 copay INN / $15 copay OON,FL,,,
H9700-007-000,Devoted,DEVOTED CHOICE MA ONLY 007 NC (PPO),2026,Specialist,$45,CMS,,,
H9700-007-000,Devoted,DEVOTED CHOICE MA ONLY 007 NC (PPO),2027,Specialist,$45 copay INN / $55 copay OON,FL,,,
H9700-007-000,Devoted,DEVOTED CHOICE MA ONLY 007 NC (PPO),2027,Referrals,No,FL,,,
H9700-007-000,Devoted,DEVOTED CHOICE MA ONLY 007 NC (PPO),2026,Telehealth,$0 - $45,CMS,,,
H9700-007-000,Devoted,DEVOTED CHOICE MA ONLY 007 NC (PPO),2026,Podiatry,$45 - $50,CMS,,,
H9700-007-000,Devoted,DEVOTED CHOICE MA ONLY 007 NC (PPO),2026,Other professional,$45,CMS,,,
H9700-007-000,Devoted,DEVOTED CHOICE MA ONLY 007 NC (PPO),2026,Inpatient hospital,$425 days 1-4 / $0 days 5-90,CMS,,,
H9700-007-000,Devoted,DEVOTED CHOICE MA ONLY 007 NC (PPO),2027,Inpatient hospital,"$425 per day for days 1-4, $0 days 5+ INN / $425 per day for days 1-4, $0",FL,,,
H9700-007-000,Devoted,DEVOTED CHOICE MA ONLY 007 NC (PPO),2026,Inpatient psychiatric,$425 days 1-4 / $0 days 5-90,CMS,,,
H9700-007-000,Devoted,DEVOTED CHOICE MA ONLY 007 NC (PPO),2026,Skilled nursing facility,$0 days 1-20 / $218 days 21-100,CMS,,,
H9700-007-000,Devoted,DEVOTED CHOICE MA ONLY 007 NC (PPO),2026,Home health,$70,CMS,,,
H9700-007-000,Devoted,DEVOTED CHOICE MA ONLY 007 NC (PPO),2026,Outpatient hospital,$0 - $95,CMS,,,
H9700-007-000,Devoted,DEVOTED CHOICE MA ONLY 007 NC (PPO),2026,Outpatient surgery (ASC),$0 - $300,CMS,,,
H9700-007-000,Devoted,DEVOTED CHOICE MA ONLY 007 NC (PPO),2027,Outpatient surgery (ASC),$425-$525 copay INN / $525 copay - 40% coinsurance OON,FL,,,
H9700-007-000,Devoted,DEVOTED CHOICE MA ONLY 007 NC (PPO),2026,Outpatient surgery (hospital),20%,CMS,,,
H9700-007-000,Devoted,DEVOTED CHOICE MA ONLY 007 NC (PPO),2026,Observation services,$0 - $40,CMS,,,
H9700-007-000,Devoted,DEVOTED CHOICE MA ONLY 007 NC (PPO),2026,Emergency room,$115,CMS,,,
H9700-007-000,Devoted,DEVOTED CHOICE MA ONLY 007 NC (PPO),2027,Emergency room,$115 copay INN / $115 copay OON,FL,,,
H9700-007-000,Devoted,DEVOTED CHOICE MA ONLY 007 NC (PPO),2026,Urgent care,$0 - $40,CMS,,,
H9700-007-000,Devoted,DEVOTED CHOICE MA ONLY 007 NC (PPO),2026,Ambulance (ground),$0 - $525,CMS,,,
H9700-007-000,Devoted,DEVOTED CHOICE MA ONLY 007 NC (PPO),2026,Ambulance (air),$425,CMS,,,
H9700-007-000,Devoted,DEVOTED CHOICE MA ONLY 007 NC (PPO),2026,Transportation,$0 - $425,CMS,,,
H9700-007-000,Devoted,DEVOTED CHOICE MA ONLY 007 NC (PPO),2026,Lab services,$0 - $350,CMS,,,
H9700-007-000,Devoted,DEVOTED CHOICE MA ONLY 007 NC (PPO),2027,Lab services,$0 copay INN / $10 copay OON,FL,,,
H9700-007-000,Devoted,DEVOTED CHOICE MA ONLY 007 NC (PPO),2026,Diagnostic radiology,20%,CMS,,,
H9700-007-000,Devoted,DEVOTED CHOICE MA ONLY 007 NC (PPO),2026,Renal dialysis,20%,CMS,,,
H9700-007-000,Devoted,DEVOTED CHOICE MA ONLY 007 NC (PPO),2026,Durable medical equipment,20%,CMS,,,
H9700-007-000,Devoted,DEVOTED CHOICE MA ONLY 007 NC (PPO),2026,Prosthetics,0% - 20%,CMS,,,
H9700-007-000,Devoted,DEVOTED CHOICE MA ONLY 007 NC (PPO),2026,Diabetic supplies,0% - 20%,CMS,,,
H9700-007-000,Devoted,DEVOTED CHOICE MA ONLY 007 NC (PPO),2026,Physical therapy,$0 - $45,CMS,,,
H9700-007-000,Devoted,DEVOTED CHOICE MA ONLY 007 NC (PPO),2026,Occupational therapy,$35,CMS,,,
H9700-007-000,Devoted,DEVOTED CHOICE MA ONLY 007 NC (PPO),2026,Cardiac rehab,$30,CMS,,,
H9700-007-000,Devoted,DEVOTED CHOICE MA ONLY 007 NC (PPO),2026,Pulmonary rehab,$25,CMS,,,
H9700-007-000,Devoted,DEVOTED CHOICE MA ONLY 007 NC (PPO),2026,Mental health (individual),$45,CMS,,,
H9700-007-000,Devoted,DEVOTED CHOICE MA ONLY 007 NC (PPO),2026,Mental health (group),$45,CMS,,,
H9700-007-000,Devoted,DEVOTED CHOICE MA ONLY 007 NC (PPO),2026,Substance abuse (individual),$45,CMS,,,
H9700-007-000,Devoted,DEVOTED CHOICE MA ONLY 007 NC (PPO),2026,Partial hospitalization,$45,CMS,,,
H9700-007-000,Devoted,DEVOTED CHOICE MA ONLY 007 NC (PPO),2027,Wellness programs,$150 per year,FL,,,
H9700-007-000,Devoted,DEVOTED CHOICE MA ONLY 007 NC (PPO),2027,Rx deductible,Not covered,FL,,,
H9700-007-000,Devoted,DEVOTED CHOICE MA ONLY 007 NC (PPO),2027,Rx retail (30-day),Not covered,FL,,,
H9700-007-000,Devoted,DEVOTED CHOICE MA ONLY 007 NC (PPO),2026,Dental - allowance,"$1,000 per year",CMS,,,
H9700-007-000,Devoted,DEVOTED CHOICE MA ONLY 007 NC (PPO),2027,Dental - allowance,"$1,000 per year (Direct member reimbursement)",FL,,,
H9700-007-000,Devoted,DEVOTED CHOICE MA ONLY 007 NC (PPO),2026,Dental - preventive,$45,CMS,,,
H9700-007-000,Devoted,DEVOTED CHOICE MA ONLY 007 NC (PPO),2026,Dental - restorative,0% - 50%,CMS,,,
H9700-007-000,Devoted,DEVOTED CHOICE MA ONLY 007 NC (PPO),2026,Dental - endodontics,0% - 50%,CMS,,,
H9700-007-000,Devoted,DEVOTED CHOICE MA ONLY 007 NC (PPO),2026,Dental - extractions,0% - 50%,CMS,,,
H9700-007-000,Devoted,DEVOTED CHOICE MA ONLY 007 NC (PPO),2027,Vision - eyeglasses,$400 per year,FL,,,
H9700-007-000,Devoted,DEVOTED CHOICE MA ONLY 007 NC (PPO),2026,Hearing aids,$599 - $899 (2 per year),CMS,,,
H9700-007-000,Devoted,DEVOTED CHOICE MA ONLY 007 NC (PPO),2027,Hearing aids,$599-$899 copay per aid,FL,,,
H9700-007-000,Devoted,DEVOTED CHOICE MA ONLY 007 NC (PPO),2027,OTC allowance,Not covered,FL,,,
H9700-007-000,Devoted,DEVOTED CHOICE MA ONLY 007 NC (PPO),2027,Service area,"Charlotte (Alexander, Anson, Cabarrus, Caldwell, Catawba, Cleveland, Gaston, Iredell, Lincoln, Mecklenburg, Rowan, Stanly, Union); Greensboro (Alamance, Caswell, Guilford, Person, Randolph, Rockingham); Northwest North Carolina (Alleghany, Ashe, Wilkes); Western North Carolina (Avery, Buncombe, Burke, Cherokee, Clay, Graham, Haywood, Henderson, Jackson, Madison, McDowell, Mitchell, Polk, Rutherford, Swain, Transylvania, Yancey); Wilmington (Bladen, Brunswick, Columbus, New Hanover, Pender); Winston-Salem (Davidson, Davie, Forsyth, Stokes, Yadkin)",FL,,,
H9700-007-000,Devoted,DEVOTED CHOICE MA ONLY 007 NC (PPO),2027,Key notes,Does not include Part D coverage. The Part B premium buydown benefit is designed for members who pay their own Medicare Part B premium. Members whose premium is paid by Medicaid or another assistance program will not benefit from the premium reduction. Processing through Social Security may take several months.,FL,,,
H9700-008-000,Devoted,DEVOTED CHOICE 008 NC (PPO),2026,Premium,$0.00,CMS,,,
H9700-008-000,Devoted,DEVOTED CHOICE 008 NC (PPO),2026,Max out-of-pocket,"$5,900.00",CMS,,,
H9700-008-000,Devoted,DEVOTED CHOICE 008 NC (PPO),2026,Specialist,$30,CMS,,,
H9700-008-000,Devoted,DEVOTED CHOICE 008 NC (PPO),2026,Telehealth,$0 - $45,CMS,,,
H9700-008-000,Devoted,DEVOTED CHOICE 008 NC (PPO),2026,Chiropractic,$15,CMS,,,
H9700-008-000,Devoted,DEVOTED CHOICE 008 NC (PPO),2026,Podiatry,$30 - $50,CMS,,,
H9700-008-000,Devoted,DEVOTED CHOICE 008 NC (PPO),2026,Other professional,$30,CMS,,,
H9700-008-000,Devoted,DEVOTED CHOICE 008 NC (PPO),2026,Inpatient hospital,$325 days 1-6 / $0 days 7-90,CMS,,,
H9700-008-000,Devoted,DEVOTED CHOICE 008 NC (PPO),2026,Inpatient psychiatric,$325 days 1-6 / $0 days 7-90,CMS,,,
H9700-008-000,Devoted,DEVOTED CHOICE 008 NC (PPO),2026,Skilled nursing facility,$0 days 1-20 / $218 days 21-100,CMS,,,
H9700-008-000,Devoted,DEVOTED CHOICE 008 NC (PPO),2026,Home health,$60,CMS,,,
H9700-008-000,Devoted,DEVOTED CHOICE 008 NC (PPO),2026,Outpatient hospital,$0 - $95,CMS,,,
H9700-008-000,Devoted,DEVOTED CHOICE 008 NC (PPO),2026,Outpatient surgery (ASC),$0 - $300,CMS,,,
H9700-008-000,Devoted,DEVOTED CHOICE 008 NC (PPO),2026,Outpatient surgery (hospital),20%,CMS,,,
H9700-008-000,Devoted,DEVOTED CHOICE 008 NC (PPO),2026,Observation services,$0 - $20,CMS,,,
H9700-008-000,Devoted,DEVOTED CHOICE 008 NC (PPO),2026,Emergency room,$130,CMS,,,
H9700-008-000,Devoted,DEVOTED CHOICE 008 NC (PPO),2026,Urgent care,$0 - $45,CMS,,,
H9700-008-000,Devoted,DEVOTED CHOICE 008 NC (PPO),2026,Ambulance (ground),$0 - $425,CMS,,,
H9700-008-000,Devoted,DEVOTED CHOICE 008 NC (PPO),2026,Ambulance (air),$325,CMS,,,
H9700-008-000,Devoted,DEVOTED CHOICE 008 NC (PPO),2026,Transportation,$0 - $325,CMS,,,
H9700-008-000,Devoted,DEVOTED CHOICE 008 NC (PPO),2026,Lab services,$0 - $325,CMS,,,
H9700-008-000,Devoted,DEVOTED CHOICE 008 NC (PPO),2026,Diagnostic radiology,20%,CMS,,,
H9700-008-000,Devoted,DEVOTED CHOICE 008 NC (PPO),2026,Renal dialysis,20%,CMS,,,
H9700-008-000,Devoted,DEVOTED CHOICE 008 NC (PPO),2026,Durable medical equipment,20%,CMS,,,
H9700-008-000,Devoted,DEVOTED CHOICE 008 NC (PPO),2026,Prosthetics,0% - 20%,CMS,,,
H9700-008-000,Devoted,DEVOTED CHOICE 008 NC (PPO),2026,Diabetic supplies,0% - 20%,CMS,,,
H9700-008-000,Devoted,DEVOTED CHOICE 008 NC (PPO),2026,Physical therapy,$0 - $30,CMS,,,
H9700-008-000,Devoted,DEVOTED CHOICE 008 NC (PPO),2026,Occupational therapy,$30 - $50,CMS,,,
H9700-008-000,Devoted,DEVOTED CHOICE 008 NC (PPO),2026,Cardiac rehab,$30,CMS,,,
H9700-008-000,Devoted,DEVOTED CHOICE 008 NC (PPO),2026,Pulmonary rehab,$30,CMS,,,
H9700-008-000,Devoted,DEVOTED CHOICE 008 NC (PPO),2026,Mental health (individual),$30,CMS,,,
H9700-008-000,Devoted,DEVOTED CHOICE 008 NC (PPO),2026,Mental health (group),$30,CMS,,,
H9700-008-000,Devoted,DEVOTED CHOICE 008 NC (PPO),2026,Substance abuse (individual),$30,CMS,,,
H9700-008-000,Devoted,DEVOTED CHOICE 008 NC (PPO),2026,Partial hospitalization,$30,CMS,,,
H9700-008-000,Devoted,DEVOTED CHOICE 008 NC (PPO),2026,Rx deductible,"$270 (tiers 1,2 exempt)",CMS,,,
H9700-008-000,Devoted,DEVOTED CHOICE 008 NC (PPO),2026,Dental - allowance,"$2,500 per year",CMS,,,
H9700-008-000,Devoted,DEVOTED CHOICE 008 NC (PPO),2026,Dental - preventive,$30,CMS,,,
H9700-008-000,Devoted,DEVOTED CHOICE 008 NC (PPO),2026,Dental - restorative,0% - 50%,CMS,,,
H9700-008-000,Devoted,DEVOTED CHOICE 008 NC (PPO),2026,Dental - endodontics,0% - 50%,CMS,,,
H9700-008-000,Devoted,DEVOTED CHOICE 008 NC (PPO),2026,Dental - extractions,0% - 50%,CMS,,,
H9700-008-000,Devoted,DEVOTED CHOICE 008 NC (PPO),2026,Hearing aids,$399 - $699 (2 per year),CMS,,,
H9700-008-000,Devoted,DEVOTED CHOICE 008 NC (PPO),2026,OTC allowance,$100 per visit,CMS,,,
H9700-008-000,Devoted,DEVOTED CHOICE 008 NC (PPO),2027,Service area,"Alleghany, Ashe, Wilkes",FL,,,
H9700-008-000,Devoted,DEVOTED CHOICE 008 NC (PPO),2027,Key notes,-,FL,,,
H9700-009-000,Devoted,DEVOTED CHOICE GIVEBACK 009 NC (PPO),2026,Premium,$0.00,CMS,,,
H9700-009-000,Devoted,DEVOTED CHOICE GIVEBACK 009 NC (PPO),2026,Max out-of-pocket,"$9,250.00",CMS,,,
H9700-009-000,Devoted,DEVOTED CHOICE GIVEBACK 009 NC (PPO),2026,Specialist,$55,CMS,,,
H9700-009-000,Devoted,DEVOTED CHOICE GIVEBACK 009 NC (PPO),2026,Telehealth,$0 - $55,CMS,,,
H9700-009-000,Devoted,DEVOTED CHOICE GIVEBACK 009 NC (PPO),2026,Chiropractic,$15,CMS,,,
H9700-009-000,Devoted,DEVOTED CHOICE GIVEBACK 009 NC (PPO),2026,Podiatry,$55,CMS,,,
H9700-009-000,Devoted,DEVOTED CHOICE GIVEBACK 009 NC (PPO),2026,Other professional,$50,CMS,,,
H9700-009-000,Devoted,DEVOTED CHOICE GIVEBACK 009 NC (PPO),2026,Inpatient hospital,$475 days 1-4 / $0 days 5-90,CMS,,,
H9700-009-000,Devoted,DEVOTED CHOICE GIVEBACK 009 NC (PPO),2026,Inpatient psychiatric,$475 days 1-4 / $0 days 5-90,CMS,,,
H9700-009-000,Devoted,DEVOTED CHOICE GIVEBACK 009 NC (PPO),2026,Skilled nursing facility,$0 days 1-20 / $218 days 21-100,CMS,,,
H9700-009-000,Devoted,DEVOTED CHOICE GIVEBACK 009 NC (PPO),2026,Home health,$70,CMS,,,
H9700-009-000,Devoted,DEVOTED CHOICE GIVEBACK 009 NC (PPO),2026,Outpatient hospital,$0 - $95,CMS,,,
H9700-009-000,Devoted,DEVOTED CHOICE GIVEBACK 009 NC (PPO),2026,Outpatient surgery (ASC),$0 - $280,CMS,,,
H9700-009-000,Devoted,DEVOTED CHOICE GIVEBACK 009 NC (PPO),2026,Outpatient surgery (hospital),20%,CMS,,,
H9700-009-000,Devoted,DEVOTED CHOICE GIVEBACK 009 NC (PPO),2026,Observation services,$0 - $40,CMS,,,
H9700-009-000,Devoted,DEVOTED CHOICE GIVEBACK 009 NC (PPO),2026,Emergency room,$115,CMS,,,
H9700-009-000,Devoted,DEVOTED CHOICE GIVEBACK 009 NC (PPO),2026,Urgent care,$0 - $40,CMS,,,
H9700-009-000,Devoted,DEVOTED CHOICE GIVEBACK 009 NC (PPO),2026,Ambulance (ground),$0 - $475,CMS,,,
H9700-009-000,Devoted,DEVOTED CHOICE GIVEBACK 009 NC (PPO),2026,Ambulance (air),$475,CMS,,,
H9700-009-000,Devoted,DEVOTED CHOICE GIVEBACK 009 NC (PPO),2026,Transportation,$0 - $475,CMS,,,
H9700-009-000,Devoted,DEVOTED CHOICE GIVEBACK 009 NC (PPO),2026,Lab services,$0 - $315,CMS,,,
H9700-009-000,Devoted,DEVOTED CHOICE GIVEBACK 009 NC (PPO),2026,Diagnostic radiology,20%,CMS,,,
H9700-009-000,Devoted,DEVOTED CHOICE GIVEBACK 009 NC (PPO),2026,Renal dialysis,20%,CMS,,,
H9700-009-000,Devoted,DEVOTED CHOICE GIVEBACK 009 NC (PPO),2026,Durable medical equipment,16%,CMS,,,
H9700-009-000,Devoted,DEVOTED CHOICE GIVEBACK 009 NC (PPO),2026,Prosthetics,0% - 20%,CMS,,,
H9700-009-000,Devoted,DEVOTED CHOICE GIVEBACK 009 NC (PPO),2026,Diabetic supplies,0% - 16%,CMS,,,
H9700-009-000,Devoted,DEVOTED CHOICE GIVEBACK 009 NC (PPO),2026,Physical therapy,$0 - $55,CMS,,,
H9700-009-000,Devoted,DEVOTED CHOICE GIVEBACK 009 NC (PPO),2026,Occupational therapy,$35,CMS,,,
H9700-009-000,Devoted,DEVOTED CHOICE GIVEBACK 009 NC (PPO),2026,Cardiac rehab,$30,CMS,,,
H9700-009-000,Devoted,DEVOTED CHOICE GIVEBACK 009 NC (PPO),2026,Pulmonary rehab,$25,CMS,,,
H9700-009-000,Devoted,DEVOTED CHOICE GIVEBACK 009 NC (PPO),2026,Mental health (individual),$50,CMS,,,
H9700-009-000,Devoted,DEVOTED CHOICE GIVEBACK 009 NC (PPO),2026,Mental health (group),$50,CMS,,,
H9700-009-000,Devoted,DEVOTED CHOICE GIVEBACK 009 NC (PPO),2026,Substance abuse (individual),$50,CMS,,,
H9700-009-000,Devoted,DEVOTED CHOICE GIVEBACK 009 NC (PPO),2026,Partial hospitalization,$50,CMS,,,
H9700-009-000,Devoted,DEVOTED CHOICE GIVEBACK 009 NC (PPO),2026,Rx deductible,"$605 (tiers 1,2 exempt)",CMS,,,
H9700-009-000,Devoted,DEVOTED CHOICE GIVEBACK 009 NC (PPO),2026,Dental - allowance,$250 per year,CMS,,,
H9700-009-000,Devoted,DEVOTED CHOICE GIVEBACK 009 NC (PPO),2026,Dental - preventive,$55,CMS,,,
H9700-009-000,Devoted,DEVOTED CHOICE GIVEBACK 009 NC (PPO),2026,Hearing aids,$599 - $899 (2 per year),CMS,,,
H9700-009-000,Devoted,DEVOTED CHOICE GIVEBACK 009 NC (PPO),2027,Service area,"Alleghany, Ashe, Wilkes",FL,,,
H9700-009-000,Devoted,DEVOTED CHOICE GIVEBACK 009 NC (PPO),2027,Key notes,"Higher giveback amount, less supplemental coverage. The Part B premium buydown benefit is designed for members who pay their own Medicare Part B premium. Members whose premium is paid by Medicaid or another assistance program will not benefit from the premium reduction. Processing through Social Security may take several months.",FL,,,
H9725-005-000,Healthspring,HealthSpring Courage (HMO),2027,Premium,$0.00,FL,,,
H9725-005-000,Healthspring,HealthSpring Courage (HMO),2027,Part B giveback,$115.00,FL,,,
H9725-005-000,Healthspring,HealthSpring Courage (HMO),2027,Medical deductible,No deductible,FL,,,
H9725-005-000,Healthspring,HealthSpring Courage (HMO),2026,Max out-of-pocket,"$6,750",CMS,,,
H9725-005-000,Healthspring,HealthSpring Courage (HMO),2027,Max out-of-pocket,"$6,750",FL,,,
H9725-005-000,Healthspring,HealthSpring Courage (HMO),2027,PCP,$0,FL,,,
H9725-005-000,Healthspring,HealthSpring Courage (HMO),2026,Specialist,$50,CMS,,,
H9725-005-000,Healthspring,HealthSpring Courage (HMO),2027,Specialist,$50,FL,,,
H9725-005-000,Healthspring,HealthSpring Courage (HMO),2026,Telehealth,$0 - $50,CMS,,,
H9725-005-000,Healthspring,HealthSpring Courage (HMO),2026,Chiropractic,$15,CMS,,,
H9725-005-000,Healthspring,HealthSpring Courage (HMO),2026,Podiatry,$45,CMS,,,
H9725-005-000,Healthspring,HealthSpring Courage (HMO),2026,Other professional,$50,CMS,,,
H9725-005-000,Healthspring,HealthSpring Courage (HMO),2026,Inpatient hospital,$300 days 1-7 / $0 days 8-90,CMS,,,
H9725-005-000,Healthspring,HealthSpring Courage (HMO),2027,Inpatient hospital,$300 per day for days 1-7; $0 per day for days 8-90,FL,,,
H9725-005-000,Healthspring,HealthSpring Courage (HMO),2026,Inpatient psychiatric,$595 days 1-3 / $0 days 4-90,CMS,,,
H9725-005-000,Healthspring,HealthSpring Courage (HMO),2026,Skilled nursing facility,$10 days 1-20 / $218 days 21-60,CMS,,,
H9725-005-000,Healthspring,HealthSpring Courage (HMO),2026,Home health,$140,CMS,,,
H9725-005-000,Healthspring,HealthSpring Courage (HMO),2026,Outpatient hospital,$0 - $95,CMS,,,
H9725-005-000,Healthspring,HealthSpring Courage (HMO),2026,Outpatient surgery (ASC),$0 - $195,CMS,,,
H9725-005-000,Healthspring,HealthSpring Courage (HMO),2027,Outpatient surgery (ASC),$0 - $280,FL,,,
H9725-005-000,Healthspring,HealthSpring Courage (HMO),2026,Outpatient surgery (hospital),20%,CMS,,,
H9725-005-000,Healthspring,HealthSpring Courage (HMO),2026,Observation services,$0 - $50,CMS,,,
H9725-005-000,Healthspring,HealthSpring Courage (HMO),2026,Emergency room,$130,CMS,,,
H9725-005-000,Healthspring,HealthSpring Courage (HMO),2026,Urgent care,$50,CMS,,,
H9725-005-000,Healthspring,HealthSpring Courage (HMO),2026,Ambulance (ground),$0 - $300,CMS,,,
H9725-005-000,Healthspring,HealthSpring Courage (HMO),2026,Ambulance (air),$300,CMS,,,
H9725-005-000,Healthspring,HealthSpring Courage (HMO),2026,Transportation,$0 - $280,CMS,,,
H9725-005-000,Healthspring,HealthSpring Courage (HMO),2027,Transportation,Not included,FL,,,
H9725-005-000,Healthspring,HealthSpring Courage (HMO),2026,Lab services,$270,CMS,,,
H9725-005-000,Healthspring,HealthSpring Courage (HMO),2026,Diagnostic radiology,20%,CMS,,,
H9725-005-000,Healthspring,HealthSpring Courage (HMO),2026,Renal dialysis,20%,CMS,,,
H9725-005-000,Healthspring,HealthSpring Courage (HMO),2026,Durable medical equipment,15%,CMS,,,
H9725-005-000,Healthspring,HealthSpring Courage (HMO),2026,Prosthetics,15%,CMS,,,
H9725-005-000,Healthspring,HealthSpring Courage (HMO),2026,Physical therapy,$0 - $50,CMS,,,
H9725-005-000,Healthspring,HealthSpring Courage (HMO),2026,Occupational therapy,$45,CMS,,,
H9725-005-000,Healthspring,HealthSpring Courage (HMO),2026,Cardiac rehab,$25,CMS,,,
H9725-005-000,Healthspring,HealthSpring Courage (HMO),2026,Pulmonary rehab,$25,CMS,,,
H9725-005-000,Healthspring,HealthSpring Courage (HMO),2026,Mental health (individual),$50,CMS,,,
H9725-005-000,Healthspring,HealthSpring Courage (HMO),2026,Mental health (group),$50,CMS,,,
H9725-005-000,Healthspring,HealthSpring Courage (HMO),2026,Substance abuse (individual),$50,CMS,,,
H9725-005-000,Healthspring,HealthSpring Courage (HMO),2026,Partial hospitalization,$50,CMS,,,
H9725-005-000,Healthspring,HealthSpring Courage (HMO),2027,Rx deductible,N/A,FL,,,
H9725-005-000,Healthspring,HealthSpring Courage (HMO),2027,Rx retail (30-day),N/A,FL,,,
H9725-005-000,Healthspring,HealthSpring Courage (HMO),2026,Dental - allowance,"$1,000 per year",CMS,,,
H9725-005-000,Healthspring,HealthSpring Courage (HMO),2027,Dental - allowance,"$1,000 allowance",FL,,,
H9725-005-000,Healthspring,HealthSpring Courage (HMO),2026,Dental - preventive,$50,CMS,,,
H9725-005-000,Healthspring,HealthSpring Courage (HMO),2027,Vision - eyeglasses,$100 allowance (eyewear),FL,,,
H9725-005-000,Healthspring,HealthSpring Courage (HMO),2026,Hearing aids,"$399 - $1,800 (2 per year)",CMS,,,
H9725-005-000,Healthspring,HealthSpring Courage (HMO),2027,Hearing aids,Included,FL,,,
H9725-005-000,Healthspring,HealthSpring Courage (HMO),2026,Hearing aids (other),$399 (2 per year),CMS,,,
H9725-005-000,Healthspring,HealthSpring Courage (HMO),2027,OTC allowance,Not included,FL,,,
H9725-005-000,Healthspring,HealthSpring Courage (HMO),2027,Meals,Included,FL,,,
H9725-005-000,Healthspring,HealthSpring Courage (HMO),2027,Fitness,Included,FL,,,
H9725-005-000,Healthspring,HealthSpring Courage (HMO),2027,Service area,"Alamance, Alexander, Alleghany, Anson, Cabarrus, Catawba, Cleveland, Davidson, Davie, Durham, Forsyth, Gaston, Guilford, Iredell, Lincoln, Mecklenburg, Orange, Randolph, Rockingham, Rowan, Stokes, Union, Wilkes, Yadkin",FL,,,
H9725-009-001,Healthspring,HealthSpring Preferred (HMO),2026,Premium,$0.00,CMS,,,
H9725-009-001,Healthspring,HealthSpring Preferred (HMO),2027,Premium,$0.00,FL,,,
H9725-009-001,Healthspring,HealthSpring Preferred (HMO),2027,Part B giveback,$5.00,FL,,,
H9725-009-001,Healthspring,HealthSpring Preferred (HMO),2027,Medical deductible,No deductible,FL,,,
H9725-009-001,Healthspring,HealthSpring Preferred (HMO),2026,Max out-of-pocket,"$3,450",CMS,,,
H9725-009-001,Healthspring,HealthSpring Preferred (HMO),2027,Max out-of-pocket,"$3,900",FL,,,
H9725-009-001,Healthspring,HealthSpring Preferred (HMO),2027,PCP,$0,FL,,,
H9725-009-001,Healthspring,HealthSpring Preferred (HMO),2026,Specialist,$20,CMS,,,
H9725-009-001,Healthspring,HealthSpring Preferred (HMO),2027,Specialist,$20,FL,,,
H9725-009-001,Healthspring,HealthSpring Preferred (HMO),2026,Telehealth,$0 - $20,CMS,,,
H9725-009-001,Healthspring,HealthSpring Preferred (HMO),2026,Chiropractic,$20,CMS,,,
H9725-009-001,Healthspring,HealthSpring Preferred (HMO),2026,Podiatry,$20,CMS,,,
H9725-009-001,Healthspring,HealthSpring Preferred (HMO),2026,Other professional,$20,CMS,,,
H9725-009-001,Healthspring,HealthSpring Preferred (HMO),2026,Inpatient hospital,$290 days 1-5 / $0 days 6-90,CMS,,,
H9725-009-001,Healthspring,HealthSpring Preferred (HMO),2027,Inpatient hospital,$290 per day for days 1-5; $0 per day for days 6-90,FL,,,
H9725-009-001,Healthspring,HealthSpring Preferred (HMO),2026,Inpatient psychiatric,$595 days 1-3 / $0 days 4-90,CMS,,,
H9725-009-001,Healthspring,HealthSpring Preferred (HMO),2026,Skilled nursing facility,$20 days 1-20 / $218 days 21-60,CMS,,,
H9725-009-001,Healthspring,HealthSpring Preferred (HMO),2026,Home health,$175,CMS,,,
H9725-009-001,Healthspring,HealthSpring Preferred (HMO),2026,Outpatient hospital,$0 - $20,CMS,,,
H9725-009-001,Healthspring,HealthSpring Preferred (HMO),2026,Outpatient surgery (ASC),$0 - $195,CMS,,,
H9725-009-001,Healthspring,HealthSpring Preferred (HMO),2027,Outpatient surgery (ASC),$0 - $200,FL,,,
H9725-009-001,Healthspring,HealthSpring Preferred (HMO),2026,Outpatient surgery (hospital),20%,CMS,,,
H9725-009-001,Healthspring,HealthSpring Preferred (HMO),2026,Observation services,$0 - $50,CMS,,,
H9725-009-001,Healthspring,HealthSpring Preferred (HMO),2026,Emergency room,$150,CMS,,,
H9725-009-001,Healthspring,HealthSpring Preferred (HMO),2026,Urgent care,$65,CMS,,,
H9725-009-001,Healthspring,HealthSpring Preferred (HMO),2026,Ambulance (ground),$0 - $290,CMS,,,
H9725-009-001,Healthspring,HealthSpring Preferred (HMO),2026,Ambulance (air),$290,CMS,,,
H9725-009-001,Healthspring,HealthSpring Preferred (HMO),2026,Transportation,$0 - $200,CMS,,,
H9725-009-001,Healthspring,HealthSpring Preferred (HMO),2027,Transportation,Not included,FL,,,
H9725-009-001,Healthspring,HealthSpring Preferred (HMO),2026,Lab services,$270,CMS,,,
H9725-009-001,Healthspring,HealthSpring Preferred (HMO),2026,Diagnostic radiology,20%,CMS,,,
H9725-009-001,Healthspring,HealthSpring Preferred (HMO),2026,Renal dialysis,20%,CMS,,,
H9725-009-001,Healthspring,HealthSpring Preferred (HMO),2026,Durable medical equipment,20%,CMS,,,
H9725-009-001,Healthspring,HealthSpring Preferred (HMO),2026,Prosthetics,20%,CMS,,,
H9725-009-001,Healthspring,HealthSpring Preferred (HMO),2026,Physical therapy,$0 - $20,CMS,,,
H9725-009-001,Healthspring,HealthSpring Preferred (HMO),2026,Occupational therapy,$20,CMS,,,
H9725-009-001,Healthspring,HealthSpring Preferred (HMO),2026,Cardiac rehab,$10,CMS,,,
H9725-009-001,Healthspring,HealthSpring Preferred (HMO),2026,Pulmonary rehab,$10,CMS,,,
H9725-009-001,Healthspring,HealthSpring Preferred (HMO),2026,Mental health (individual),$20,CMS,,,
H9725-009-001,Healthspring,HealthSpring Preferred (HMO),2026,Mental health (group),$20,CMS,,,
H9725-009-001,Healthspring,HealthSpring Preferred (HMO),2026,Substance abuse (individual),$20,CMS,,,
H9725-009-001,Healthspring,HealthSpring Preferred (HMO),2026,Partial hospitalization,$20,CMS,,,
H9725-009-001,Healthspring,HealthSpring Preferred (HMO),2026,Rx deductible,"$295 (tiers 1,2 exempt)",CMS,,,
H9725-009-001,Healthspring,HealthSpring Preferred (HMO),2027,Rx deductible,$400 (does not apply to tier 1 or 2),FL,,,
H9725-009-001,Healthspring,HealthSpring Preferred (HMO),2027,Rx retail (30-day),$0 / $50 / 20% / 25% / 29% (1-month preferred),FL,,,
H9725-009-001,Healthspring,HealthSpring Preferred (HMO),2026,Dental - allowance,"$1,850 per year",CMS,,,
H9725-009-001,Healthspring,HealthSpring Preferred (HMO),2027,Dental - allowance,"$1,650 allowance",FL,,,
H9725-009-001,Healthspring,HealthSpring Preferred (HMO),2026,Dental - preventive,$20,CMS,,,
H9725-009-001,Healthspring,HealthSpring Preferred (HMO),2027,Vision - eyeglasses,$150 allowance (eyewear),FL,,,
H9725-009-001,Healthspring,HealthSpring Preferred (HMO),2026,Hearing aids,"$399 - $1,800 (2 per year)",CMS,,,
H9725-009-001,Healthspring,HealthSpring Preferred (HMO),2027,Hearing aids,Included,FL,,,
H9725-009-001,Healthspring,HealthSpring Preferred (HMO),2026,Hearing aids (other),$399 (2 per year),CMS,,,
H9725-009-001,Healthspring,HealthSpring Preferred (HMO),2026,OTC allowance,$45 per visit,CMS,,,
H9725-009-001,Healthspring,HealthSpring Preferred (HMO),2027,OTC allowance,$20 per quarter,FL,,,
H9725-009-001,Healthspring,HealthSpring Preferred (HMO),2027,Meals,Included,FL,,,
H9725-009-001,Healthspring,HealthSpring Preferred (HMO),2027,Fitness,Included,FL,,,
H9725-009-001,Healthspring,HealthSpring Preferred (HMO),2027,Service area,"Alexander, Anson, Cabarrus, Catawba, Cleveland, Gaston, Iredell, Lincoln, Mecklenburg, Rowan, Union",FL,,,
H9725-015-001,Healthspring,HealthSpring Preferred Savings (HMO),2026,Premium,$0.00,CMS,,,
H9725-015-001,Healthspring,HealthSpring Preferred Savings (HMO),2027,Premium,$0.00,FL,,,
H9725-015-001,Healthspring,HealthSpring Preferred Savings (HMO),2027,Part B giveback,$179.00,FL,,,
H9725-015-001,Healthspring,HealthSpring Preferred Savings (HMO),2026,Medical deductible,$225,CMS,,,
H9725-015-001,Healthspring,HealthSpring Preferred Savings (HMO),2027,Medical deductible,$150,FL,,,
H9725-015-001,Healthspring,HealthSpring Preferred Savings (HMO),2026,Max out-of-pocket,"$6,000",CMS,,,
H9725-015-001,Healthspring,HealthSpring Preferred Savings (HMO),2027,Max out-of-pocket,"$6,750",FL,,,
H9725-015-001,Healthspring,HealthSpring Preferred Savings (HMO),2027,PCP,$0,FL,,,
H9725-015-001,Healthspring,HealthSpring Preferred Savings (HMO),2026,Specialist,$45,CMS,,,
H9725-015-001,Healthspring,HealthSpring Preferred Savings (HMO),2027,Specialist,$45,FL,,,
H9725-015-001,Healthspring,HealthSpring Preferred Savings (HMO),2026,Telehealth,$0 - $45,CMS,,,
H9725-015-001,Healthspring,HealthSpring Preferred Savings (HMO),2026,Chiropractic,$15,CMS,,,
H9725-015-001,Healthspring,HealthSpring Preferred Savings (HMO),2026,Podiatry,$45,CMS,,,
H9725-015-001,Healthspring,HealthSpring Preferred Savings (HMO),2026,Other professional,$45,CMS,,,
H9725-015-001,Healthspring,HealthSpring Preferred Savings (HMO),2026,Inpatient hospital,$370 days 1-6 / $0 days 7-90,CMS,,,
H9725-015-001,Healthspring,HealthSpring Preferred Savings (HMO),2027,Inpatient hospital,$370 per day for days 1-6; $0 per day for days 7-90,FL,,,
H9725-015-001,Healthspring,HealthSpring Preferred Savings (HMO),2026,Inpatient psychiatric,$595 days 1-3 / $0 days 4-90,CMS,,,
H9725-015-001,Healthspring,HealthSpring Preferred Savings (HMO),2026,Skilled nursing facility,$10 days 1-20 / $218 days 21-60,CMS,,,
H9725-015-001,Healthspring,HealthSpring Preferred Savings (HMO),2026,Home health,$140,CMS,,,
H9725-015-001,Healthspring,HealthSpring Preferred Savings (HMO),2026,Outpatient hospital,$0 - $20,CMS,,,
H9725-015-001,Healthspring,HealthSpring Preferred Savings (HMO),2026,Outpatient surgery (ASC),$0 - $195,CMS,,,
H9725-015-001,Healthspring,HealthSpring Preferred Savings (HMO),2027,Outpatient surgery (ASC),$0 - $275,FL,,,
H9725-015-001,Healthspring,HealthSpring Preferred Savings (HMO),2026,Outpatient surgery (hospital),20%,CMS,,,
H9725-015-001,Healthspring,HealthSpring Preferred Savings (HMO),2026,Observation services,$0 - $50,CMS,,,
H9725-015-001,Healthspring,HealthSpring Preferred Savings (HMO),2026,Emergency room,$130,CMS,,,
H9725-015-001,Healthspring,HealthSpring Preferred Savings (HMO),2026,Urgent care,$50,CMS,,,
H9725-015-001,Healthspring,HealthSpring Preferred Savings (HMO),2026,Ambulance (ground),$0 - $370,CMS,,,
H9725-015-001,Healthspring,HealthSpring Preferred Savings (HMO),2026,Ambulance (air),$370,CMS,,,
H9725-015-001,Healthspring,HealthSpring Preferred Savings (HMO),2026,Transportation,$0 - $275,CMS,,,
H9725-015-001,Healthspring,HealthSpring Preferred Savings (HMO),2027,Transportation,Not included,FL,,,
H9725-015-001,Healthspring,HealthSpring Preferred Savings (HMO),2026,Lab services,$290,CMS,,,
H9725-015-001,Healthspring,HealthSpring Preferred Savings (HMO),2026,Diagnostic radiology,20%,CMS,,,
H9725-015-001,Healthspring,HealthSpring Preferred Savings (HMO),2026,Renal dialysis,20%,CMS,,,
H9725-015-001,Healthspring,HealthSpring Preferred Savings (HMO),2026,Durable medical equipment,20%,CMS,,,
H9725-015-001,Healthspring,HealthSpring Preferred Savings (HMO),2026,Prosthetics,20%,CMS,,,
H9725-015-001,Healthspring,HealthSpring Preferred Savings (HMO),2026,Physical therapy,$0 - $45,CMS,,,
H9725-015-001,Healthspring,HealthSpring Preferred Savings (HMO),2026,Occupational therapy,$45,CMS,,,
H9725-015-001,Healthspring,HealthSpring Preferred Savings (HMO),2026,Cardiac rehab,$40,CMS,,,
H9725-015-001,Healthspring,HealthSpring Preferred Savings (HMO),2026,Pulmonary rehab,$35,CMS,,,
H9725-015-001,Healthspring,HealthSpring Preferred Savings (HMO),2026,Mental health (individual),$45,CMS,,,
H9725-015-001,Healthspring,HealthSpring Preferred Savings (HMO),2026,Mental health (group),$45,CMS,,,
H9725-015-001,Healthspring,HealthSpring Preferred Savings (HMO),2026,Substance abuse (individual),$45,CMS,,,
H9725-015-001,Healthspring,HealthSpring Preferred Savings (HMO),2026,Partial hospitalization,$45,CMS,,,
H9725-015-001,Healthspring,HealthSpring Preferred Savings (HMO),2026,Rx deductible,$0,CMS,,,
H9725-015-001,Healthspring,HealthSpring Preferred Savings (HMO),2027,Rx deductible,$600 (does not apply to tier 1 or 2),FL,,,
H9725-015-001,Healthspring,HealthSpring Preferred Savings (HMO),2027,Rx retail (30-day),$0 / $4 / 20% / 25% / 26% (1-month preferred),FL,,,
H9725-015-001,Healthspring,HealthSpring Preferred Savings (HMO),2026,Dental - allowance,$500 per year,CMS,,,
H9725-015-001,Healthspring,HealthSpring Preferred Savings (HMO),2027,Dental - allowance,$700 allowance,FL,,,
H9725-015-001,Healthspring,HealthSpring Preferred Savings (HMO),2026,Dental - preventive,$45,CMS,,,
H9725-015-001,Healthspring,HealthSpring Preferred Savings (HMO),2027,Vision - eyeglasses,$100 allowance (eyewear),FL,,,
H9725-015-001,Healthspring,HealthSpring Preferred Savings (HMO),2026,Hearing aids,"$399 - $1,800 (2 per year)",CMS,,,
H9725-015-001,Healthspring,HealthSpring Preferred Savings (HMO),2027,Hearing aids,Included,FL,,,
H9725-015-001,Healthspring,HealthSpring Preferred Savings (HMO),2026,Hearing aids (other),$399 (2 per year),CMS,,,
H9725-015-001,Healthspring,HealthSpring Preferred Savings (HMO),2027,OTC allowance,Not included,FL,,,
H9725-015-001,Healthspring,HealthSpring Preferred Savings (HMO),2027,Meals,Included,FL,,,
H9725-015-001,Healthspring,HealthSpring Preferred Savings (HMO),2027,Fitness,Included,FL,,,
H9725-015-001,Healthspring,HealthSpring Preferred Savings (HMO),2027,Service area,"Alexander, Anson, Cabarrus, Catawba, Cleveland, Gaston, Iredell, Lincoln, Mecklenburg, Rowan, Union",FL,,,
S5617-217-000,Healthspring,HealthSpring Assurance Rx (PDP),2026,Premium,$110.40,CMS,,,
S5617-217-000,Healthspring,HealthSpring Assurance Rx (PDP),2026,Benefit type,Actuarially Equivalent,CMS,,,
S5617-217-000,Healthspring,HealthSpring Assurance Rx (PDP),2026,Number of tiers,5,CMS,,,
S5617-217-000,Healthspring,HealthSpring Assurance Rx (PDP),2026,Insulin tiers,"1,2,3,4,5",CMS,,,
S5617-217-000,Healthspring,HealthSpring Assurance Rx (PDP),2026,Tier 1 (preferred generic) — Long-term care,$4,CMS,,,
S5617-217-000,Healthspring,HealthSpring Assurance Rx (PDP),2026,Tier 1 (preferred generic) — Mail 30-day,$4,CMS,,,
S5617-217-000,Healthspring,HealthSpring Assurance Rx (PDP),2026,Tier 1 (preferred generic) — Mail 30-day (preferred),$0,CMS,,,
S5617-217-000,Healthspring,HealthSpring Assurance Rx (PDP),2026,Tier 1 (preferred generic) — Mail 90-day,$12,CMS,,,
S5617-217-000,Healthspring,HealthSpring Assurance Rx (PDP),2026,Tier 1 (preferred generic) — Mail 90-day (preferred),$0,CMS,,,
S5617-217-000,Healthspring,HealthSpring Assurance Rx (PDP),2026,Tier 1 (preferred generic) — Out of network,$4,CMS,,,
S5617-217-000,Healthspring,HealthSpring Assurance Rx (PDP),2026,Tier 1 (preferred generic) — Retail 30-day (standard),$4,CMS,,,
S5617-217-000,Healthspring,HealthSpring Assurance Rx (PDP),2026,Tier 1 (preferred generic) — Retail 90-day (standard),$12,CMS,,,
S5617-217-000,Healthspring,HealthSpring Assurance Rx (PDP),2026,Tier 2 (generic) — Long-term care,$11,CMS,,,
S5617-217-000,Healthspring,HealthSpring Assurance Rx (PDP),2026,Tier 2 (generic) — Mail 30-day,$11,CMS,,,
S5617-217-000,Healthspring,HealthSpring Assurance Rx (PDP),2026,Tier 2 (generic) — Mail 30-day (preferred),$2,CMS,,,
S5617-217-000,Healthspring,HealthSpring Assurance Rx (PDP),2026,Tier 2 (generic) — Mail 90-day,$33,CMS,,,
S5617-217-000,Healthspring,HealthSpring Assurance Rx (PDP),2026,Tier 2 (generic) — Mail 90-day (preferred),$2,CMS,,,
S5617-217-000,Healthspring,HealthSpring Assurance Rx (PDP),2026,Tier 2 (generic) — Out of network,$11,CMS,,,
S5617-217-000,Healthspring,HealthSpring Assurance Rx (PDP),2026,Tier 2 (generic) — Retail 30-day (standard),$11,CMS,,,
S5617-217-000,Healthspring,HealthSpring Assurance Rx (PDP),2026,Tier 2 (generic) — Retail 90-day (standard),$33,CMS,,,
S5617-217-000,Healthspring,HealthSpring Assurance Rx (PDP),2026,Tier 3 (preferred brand) — Long-term care,23%,CMS,,,
S5617-217-000,Healthspring,HealthSpring Assurance Rx (PDP),2026,Tier 3 (preferred brand) — Mail 30-day,23%,CMS,,,
S5617-217-000,Healthspring,HealthSpring Assurance Rx (PDP),2026,Tier 3 (preferred brand) — Mail 30-day (preferred),22%,CMS,,,
S5617-217-000,Healthspring,HealthSpring Assurance Rx (PDP),2026,Tier 3 (preferred brand) — Mail 90-day,23%,CMS,,,
S5617-217-000,Healthspring,HealthSpring Assurance Rx (PDP),2026,Tier 3 (preferred brand) — Mail 90-day (preferred),22%,CMS,,,
S5617-217-000,Healthspring,HealthSpring Assurance Rx (PDP),2026,Tier 3 (preferred brand) — Out of network,23%,CMS,,,
S5617-217-000,Healthspring,HealthSpring Assurance Rx (PDP),2026,Tier 3 (preferred brand) — Retail 30-day (standard),23%,CMS,,,
S5617-217-000,Healthspring,HealthSpring Assurance Rx (PDP),2026,Tier 3 (preferred brand) — Retail 90-day (standard),23%,CMS,,,
S5617-217-000,Healthspring,HealthSpring Assurance Rx (PDP),2026,Tier 4 (non-preferred) — Long-term care,33%,CMS,,,
S5617-217-000,Healthspring,HealthSpring Assurance Rx (PDP),2026,Tier 4 (non-preferred) — Mail 30-day,33%,CMS,,,
S5617-217-000,Healthspring,HealthSpring Assurance Rx (PDP),2026,Tier 4 (non-preferred) — Mail 30-day (preferred),32%,CMS,,,
S5617-217-000,Healthspring,HealthSpring Assurance Rx (PDP),2026,Tier 4 (non-preferred) — Mail 90-day,33%,CMS,,,
S5617-217-000,Healthspring,HealthSpring Assurance Rx (PDP),2026,Tier 4 (non-preferred) — Mail 90-day (preferred),32%,CMS,,,
S5617-217-000,Healthspring,HealthSpring Assurance Rx (PDP),2026,Tier 4 (non-preferred) — Out of network,33%,CMS,,,
S5617-217-000,Healthspring,HealthSpring Assurance Rx (PDP),2026,Tier 4 (non-preferred) — Retail 30-day (standard),33%,CMS,,,
S5617-217-000,Healthspring,HealthSpring Assurance Rx (PDP),2026,Tier 4 (non-preferred) — Retail 90-day (standard),33%,CMS,,,
S5617-217-000,Healthspring,HealthSpring Assurance Rx (PDP),2026,Tier 5 (specialty) — Long-term care,25%,CMS,,,
S5617-217-000,Healthspring,HealthSpring Assurance Rx (PDP),2026,Tier 5 (specialty) — Mail 30-day,25%,CMS,,,
S5617-217-000,Healthspring,HealthSpring Assurance Rx (PDP),2026,Tier 5 (specialty) — Mail 30-day (preferred),25%,CMS,,,
S5617-217-000,Healthspring,HealthSpring Assurance Rx (PDP),2026,Tier 5 (specialty) — Out of network,25%,CMS,,,
S5617-217-000,Healthspring,HealthSpring Assurance Rx (PDP),2026,Tier 5 (specialty) — Retail 30-day (standard),25%,CMS,,,
S5617-358-000,Healthspring,HealthSpring Extra Rx (PDP),2026,Premium,$78.00,CMS,,,
S5617-358-000,Healthspring,HealthSpring Extra Rx (PDP),2026,Benefit type,Enhanced Alternative,CMS,,,
S5617-358-000,Healthspring,HealthSpring Extra Rx (PDP),2026,Number of tiers,5,CMS,,,
S5617-358-000,Healthspring,HealthSpring Extra Rx (PDP),2026,Rx deductible,"$615 (tiers 1,2 exempt)",CMS,,,
S5617-358-000,Healthspring,HealthSpring Extra Rx (PDP),2026,Insulin tiers,"1,2,3,4,5",CMS,,,
S5617-358-000,Healthspring,HealthSpring Extra Rx (PDP),2026,Tier 1 (preferred generic) — Long-term care,$6,CMS,,,
S5617-358-000,Healthspring,HealthSpring Extra Rx (PDP),2026,Tier 1 (preferred generic) — Mail 30-day,$6,CMS,,,
S5617-358-000,Healthspring,HealthSpring Extra Rx (PDP),2026,Tier 1 (preferred generic) — Mail 30-day (preferred),$0,CMS,,,
S5617-358-000,Healthspring,HealthSpring Extra Rx (PDP),2026,Tier 1 (preferred generic) — Mail 90-day,$18,CMS,,,
S5617-358-000,Healthspring,HealthSpring Extra Rx (PDP),2026,Tier 1 (preferred generic) — Mail 90-day (preferred),$0,CMS,,,
S5617-358-000,Healthspring,HealthSpring Extra Rx (PDP),2026,Tier 1 (preferred generic) — Out of network,$6,CMS,,,
S5617-358-000,Healthspring,HealthSpring Extra Rx (PDP),2026,Tier 1 (preferred generic) — Retail 30-day (standard),$6,CMS,,,
S5617-358-000,Healthspring,HealthSpring Extra Rx (PDP),2026,Tier 1 (preferred generic) — Retail 90-day (standard),$18,CMS,,,
S5617-358-000,Healthspring,HealthSpring Extra Rx (PDP),2026,Tier 2 (generic) — Long-term care,$12,CMS,,,
S5617-358-000,Healthspring,HealthSpring Extra Rx (PDP),2026,Tier 2 (generic) — Mail 30-day,$12,CMS,,,
S5617-358-000,Healthspring,HealthSpring Extra Rx (PDP),2026,Tier 2 (generic) — Mail 30-day (preferred),$5,CMS,,,
S5617-358-000,Healthspring,HealthSpring Extra Rx (PDP),2026,Tier 2 (generic) — Mail 90-day,$36,CMS,,,
S5617-358-000,Healthspring,HealthSpring Extra Rx (PDP),2026,Tier 2 (generic) — Mail 90-day (preferred),$3,CMS,,,
S5617-358-000,Healthspring,HealthSpring Extra Rx (PDP),2026,Tier 2 (generic) — Out of network,$12,CMS,,,
S5617-358-000,Healthspring,HealthSpring Extra Rx (PDP),2026,Tier 2 (generic) — Retail 30-day (standard),$12,CMS,,,
S5617-358-000,Healthspring,HealthSpring Extra Rx (PDP),2026,Tier 2 (generic) — Retail 90-day (standard),$36,CMS,,,
S5617-358-000,Healthspring,HealthSpring Extra Rx (PDP),2026,Tier 3 (preferred brand) — Long-term care,20%,CMS,,,
S5617-358-000,Healthspring,HealthSpring Extra Rx (PDP),2026,Tier 3 (preferred brand) — Mail 30-day,20%,CMS,,,
S5617-358-000,Healthspring,HealthSpring Extra Rx (PDP),2026,Tier 3 (preferred brand) — Mail 30-day (preferred),17%,CMS,,,
S5617-358-000,Healthspring,HealthSpring Extra Rx (PDP),2026,Tier 3 (preferred brand) — Mail 90-day,20%,CMS,,,
S5617-358-000,Healthspring,HealthSpring Extra Rx (PDP),2026,Tier 3 (preferred brand) — Mail 90-day (preferred),17%,CMS,,,
S5617-358-000,Healthspring,HealthSpring Extra Rx (PDP),2026,Tier 3 (preferred brand) — Out of network,20%,CMS,,,
S5617-358-000,Healthspring,HealthSpring Extra Rx (PDP),2026,Tier 3 (preferred brand) — Retail 30-day (standard),20%,CMS,,,
S5617-358-000,Healthspring,HealthSpring Extra Rx (PDP),2026,Tier 3 (preferred brand) — Retail 90-day (standard),20%,CMS,,,
S5617-358-000,Healthspring,HealthSpring Extra Rx (PDP),2026,Tier 4 (non-preferred) — Long-term care,32%,CMS,,,
S5617-358-000,Healthspring,HealthSpring Extra Rx (PDP),2026,Tier 4 (non-preferred) — Mail 30-day,32%,CMS,,,
S5617-358-000,Healthspring,HealthSpring Extra Rx (PDP),2026,Tier 4 (non-preferred) — Mail 30-day (preferred),31%,CMS,,,
S5617-358-000,Healthspring,HealthSpring Extra Rx (PDP),2026,Tier 4 (non-preferred) — Mail 90-day,32%,CMS,,,
S5617-358-000,Healthspring,HealthSpring Extra Rx (PDP),2026,Tier 4 (non-preferred) — Mail 90-day (preferred),31%,CMS,,,
S5617-358-000,Healthspring,HealthSpring Extra Rx (PDP),2026,Tier 4 (non-preferred) — Out of network,32%,CMS,,,
S5617-358-000,Healthspring,HealthSpring Extra Rx (PDP),2026,Tier 4 (non-preferred) — Retail 30-day (standard),32%,CMS,,,
S5617-358-000,Healthspring,HealthSpring Extra Rx (PDP),2026,Tier 4 (non-preferred) — Retail 90-day (standard),32%,CMS,,,
S5617-358-000,Healthspring,HealthSpring Extra Rx (PDP),2026,Tier 5 (specialty) — Long-term care,25%,CMS,,,
S5617-358-000,Healthspring,HealthSpring Extra Rx (PDP),2026,Tier 5 (specialty) — Mail 30-day,25%,CMS,,,
S5617-358-000,Healthspring,HealthSpring Extra Rx (PDP),2026,Tier 5 (specialty) — Mail 30-day (preferred),25%,CMS,,,
S5617-358-000,Healthspring,HealthSpring Extra Rx (PDP),2026,Tier 5 (specialty) — Out of network,25%,CMS,,,
S5617-358-000,Healthspring,HealthSpring Extra Rx (PDP),2026,Tier 5 (specialty) — Retail 30-day (standard),25%,CMS,,,
H1036-137-000,Humana,Humana Gold Plus (HMO-POS),2026,Premium,$0.00,CMS,,,
H1036-137-000,Humana,Humana Gold Plus (HMO-POS),2027,Premium,$0,FL,,,
H1036-137-000,Humana,Humana Gold Plus (HMO-POS),2027,Part B giveback,$0,FL,,,
H1036-137-000,Humana,Humana Gold Plus (HMO-POS),2026,Max out-of-pocket,"$9,250",CMS,,,
H1036-137-000,Humana,Humana Gold Plus (HMO-POS),2027,Max out-of-pocket,"$9,850",FL,,,
H1036-137-000,Humana,Humana Gold Plus (HMO-POS),2026,PCP,$0,CMS,,,
H1036-137-000,Humana,Humana Gold Plus (HMO-POS),2027,PCP,$0,FL,,,
H1036-137-000,Humana,Humana Gold Plus (HMO-POS),2026,Specialist,$20,CMS,,,
H1036-137-000,Humana,Humana Gold Plus (HMO-POS),2027,Specialist,$25,FL,,,
H1036-137-000,Humana,Humana Gold Plus (HMO-POS),2027,Referrals,No,FL,,,
H1036-137-000,Humana,Humana Gold Plus (HMO-POS),2026,Telehealth,$0 - $40,CMS,,,
H1036-137-000,Humana,Humana Gold Plus (HMO-POS),2026,Chiropractic,$15,CMS,,,
H1036-137-000,Humana,Humana Gold Plus (HMO-POS),2026,Podiatry,$25,CMS,,,
H1036-137-000,Humana,Humana Gold Plus (HMO-POS),2026,Other professional,$35,CMS,,,
H1036-137-000,Humana,Humana Gold Plus (HMO-POS),2026,Inpatient hospital,$375 days 1-7 / $0 days 8-90,CMS,,,
H1036-137-000,Humana,Humana Gold Plus (HMO-POS),2027,Inpatient hospital,$375 per day (days 1-7),FL,,,
H1036-137-000,Humana,Humana Gold Plus (HMO-POS),2026,Inpatient psychiatric,$375 days 1-5 / $0 days 6-90,CMS,,,
H1036-137-000,Humana,Humana Gold Plus (HMO-POS),2026,Skilled nursing facility,$0 days 1-20 / $218 days 21-100,CMS,,,
H1036-137-000,Humana,Humana Gold Plus (HMO-POS),2026,Home health,$35,CMS,,,
H1036-137-000,Humana,Humana Gold Plus (HMO-POS),2026,Hospice,$0,CMS,,,
H1036-137-000,Humana,Humana Gold Plus (HMO-POS),2026,Outpatient hospital,$0 - $120,CMS,,,
H1036-137-000,Humana,Humana Gold Plus (HMO-POS),2026,Outpatient surgery (ASC),$0 - $335,CMS,,,
H1036-137-000,Humana,Humana Gold Plus (HMO-POS),2026,Outpatient surgery (hospital),$20,CMS,,,
H1036-137-000,Humana,Humana Gold Plus (HMO-POS),2026,Observation services,$0 - $50,CMS,,,
H1036-137-000,Humana,Humana Gold Plus (HMO-POS),2026,Emergency room,$115,CMS,,,
H1036-137-000,Humana,Humana Gold Plus (HMO-POS),2026,Urgent care,$40,CMS,,,
H1036-137-000,Humana,Humana Gold Plus (HMO-POS),2026,Ambulance (ground),$0 - $450,CMS,,,
H1036-137-000,Humana,Humana Gold Plus (HMO-POS),2026,Ambulance (air),$375,CMS,,,
H1036-137-000,Humana,Humana Gold Plus (HMO-POS),2026,Transportation,$0 - $375,CMS,,,
H1036-137-000,Humana,Humana Gold Plus (HMO-POS),2026,Lab services,$335,CMS,,,
H1036-137-000,Humana,Humana Gold Plus (HMO-POS),2026,Diagnostic radiology,$335,CMS,,,
H1036-137-000,Humana,Humana Gold Plus (HMO-POS),2026,Renal dialysis,20%,CMS,,,
H1036-137-000,Humana,Humana Gold Plus (HMO-POS),2026,Durable medical equipment,$0,CMS,,,
H1036-137-000,Humana,Humana Gold Plus (HMO-POS),2026,Prosthetics,20%,CMS,,,
H1036-137-000,Humana,Humana Gold Plus (HMO-POS),2026,Diabetic supplies,$0,CMS,,,
H1036-137-000,Humana,Humana Gold Plus (HMO-POS),2026,Physical therapy,$0 - $20,CMS,,,
H1036-137-000,Humana,Humana Gold Plus (HMO-POS),2026,Occupational therapy,$25,CMS,,,
H1036-137-000,Humana,Humana Gold Plus (HMO-POS),2026,Cardiac rehab,$30,CMS,,,
H1036-137-000,Humana,Humana Gold Plus (HMO-POS),2026,Pulmonary rehab,$25,CMS,,,
H1036-137-000,Humana,Humana Gold Plus (HMO-POS),2026,Mental health (individual),$35,CMS,,,
H1036-137-000,Humana,Humana Gold Plus (HMO-POS),2026,Mental health (group),$35,CMS,,,
H1036-137-000,Humana,Humana Gold Plus (HMO-POS),2026,Substance abuse (individual),$35,CMS,,,
H1036-137-000,Humana,Humana Gold Plus (HMO-POS),2026,Partial hospitalization,$35,CMS,,,
H1036-137-000,Humana,Humana Gold Plus (HMO-POS),2026,Preventive services,$0,CMS,,,
H1036-137-000,Humana,Humana Gold Plus (HMO-POS),2026,Wellness programs,$0,CMS,,,
H1036-137-000,Humana,Humana Gold Plus (HMO-POS),2026,Rx deductible,"$350 (tiers 1,2 exempt)",CMS,,,
H1036-137-000,Humana,Humana Gold Plus (HMO-POS),2027,Rx deductible,"$450 Tiers 3,4,5",FL,,,
H1036-137-000,Humana,Humana Gold Plus (HMO-POS),2027,Rx retail (30-day),$0 / $5 / 17% / 43% / 28%,FL,,,
H1036-137-000,Humana,Humana Gold Plus (HMO-POS),2026,Dental - allowance,"$1,500 per year",CMS,,,
H1036-137-000,Humana,Humana Gold Plus (HMO-POS),2027,Dental - allowance,"$2,500 annually; 50% coinsurance; OON coverage available (DENK71)",FL,,,
H1036-137-000,Humana,Humana Gold Plus (HMO-POS),2026,Dental - preventive,$20,CMS,,,
H1036-137-000,Humana,Humana Gold Plus (HMO-POS),2026,Dental - oral exam,$0 (4 per year),CMS,,,
H1036-137-000,Humana,Humana Gold Plus (HMO-POS),2026,Dental - cleaning,"$0 (bitewing x-rays, intraoral x-rays 1 set(s)/yr, pano film/diag x-rays 1/5 yrs)",CMS,,,
H1036-137-000,Humana,Humana Gold Plus (HMO-POS),2026,Dental - X-ray,$0 (1 per month),CMS,,,
H1036-137-000,Humana,Humana Gold Plus (HMO-POS),2026,Dental - fluoride,$0 (2 per year),CMS,,,
H1036-137-000,Humana,Humana Gold Plus (HMO-POS),2026,Dental - other preventive,$0 (4 per year),CMS,,,
H1036-137-000,Humana,Humana Gold Plus (HMO-POS),2026,Dental - restorative,$0,CMS,,,
H1036-137-000,Humana,Humana Gold Plus (HMO-POS),2026,Dental - endodontics,"$0 (root canal, root canal retreat 1/tooth/lifetime)",CMS,,,
H1036-137-000,Humana,Humana Gold Plus (HMO-POS),2026,Dental - periodontics,"$0 (scaling for mod inflammation 1/yr, scaling/root planing 1 per quadrant/3 yrs)",CMS,,,
H1036-137-000,Humana,Humana Gold Plus (HMO-POS),2026,Dental - extractions,$0,CMS,,,
H1036-137-000,Humana,Humana Gold Plus (HMO-POS),2026,Dental - other comprehensive,"$0 (extractions 1/tooth/lifetime, oral surg 2/yr)",CMS,,,
H1036-137-000,Humana,Humana Gold Plus (HMO-POS),2026,Vision - routine eye exam,$0 (1 per year),CMS,,,
H1036-137-000,Humana,Humana Gold Plus (HMO-POS),2026,Vision - eyewear (post-cataract),$0 (1 per year),CMS,,,
H1036-137-000,Humana,Humana Gold Plus (HMO-POS),2026,Hearing - routine exam,$0 (1 per year),CMS,,,
H1036-137-000,Humana,Humana Gold Plus (HMO-POS),2026,Hearing aids,$399 - $699 (2 per year),CMS,,,
H1036-137-000,Humana,Humana Gold Plus (HMO-POS),2026,Hearing aids (other),$0,CMS,,,
H1036-137-000,Humana,Humana Gold Plus (HMO-POS),2026,OTC allowance,$0,CMS,,,
H1036-137-000,Humana,Humana Gold Plus (HMO-POS),2027,OTC allowance,$50 per quarter,FL,,,
H1036-137-000,Humana,Humana Gold Plus (HMO-POS),2026,Meals,$0,CMS,,,
H1036-137-000,Humana,Humana Gold Plus (HMO-POS),2027,Key notes,"Dental, Vision, Hearing, Fitness, OTC",FL,,,
H1036-307-000,Humana,Humana Dual Select (HMO D-SNP),2026,Premium,$13.00,CMS,,,
H1036-307-000,Humana,Humana Dual Select (HMO D-SNP),2026,Max out-of-pocket,"$9,250",CMS,,,
H1036-307-000,Humana,Humana Dual Select (HMO D-SNP),2026,PCP,$0,CMS,,,
H1036-307-000,Humana,Humana Dual Select (HMO D-SNP),2026,Specialist,$25,CMS,,,
H1036-307-000,Humana,Humana Dual Select (HMO D-SNP),2026,Telehealth,$0 - $40,CMS,,,
H1036-307-000,Humana,Humana Dual Select (HMO D-SNP),2026,Chiropractic,$15,CMS,,,
H1036-307-000,Humana,Humana Dual Select (HMO D-SNP),2026,Podiatry,$25,CMS,,,
H1036-307-000,Humana,Humana Dual Select (HMO D-SNP),2026,Other professional,$35,CMS,,,
H1036-307-000,Humana,Humana Dual Select (HMO D-SNP),2026,Inpatient hospital,$399 days 1-6 / $0 days 7-90,CMS,,,
H1036-307-000,Humana,Humana Dual Select (HMO D-SNP),2026,Inpatient psychiatric,$399 days 1-5 / $0 days 6-90,CMS,,,
H1036-307-000,Humana,Humana Dual Select (HMO D-SNP),2026,Skilled nursing facility,$0 days 1-20 / $218 days 21-100,CMS,,,
H1036-307-000,Humana,Humana Dual Select (HMO D-SNP),2026,Home health,$35,CMS,,,
H1036-307-000,Humana,Humana Dual Select (HMO D-SNP),2026,Hospice,$0,CMS,,,
H1036-307-000,Humana,Humana Dual Select (HMO D-SNP),2026,Outpatient hospital,$0 - $120,CMS,,,
H1036-307-000,Humana,Humana Dual Select (HMO D-SNP),2026,Outpatient surgery (ASC),$0 - $335,CMS,,,
H1036-307-000,Humana,Humana Dual Select (HMO D-SNP),2026,Outpatient surgery (hospital),$25,CMS,,,
H1036-307-000,Humana,Humana Dual Select (HMO D-SNP),2026,Observation services,$0 - $50,CMS,,,
H1036-307-000,Humana,Humana Dual Select (HMO D-SNP),2026,Emergency room,$115,CMS,,,
H1036-307-000,Humana,Humana Dual Select (HMO D-SNP),2026,Urgent care,$40,CMS,,,
H1036-307-000,Humana,Humana Dual Select (HMO D-SNP),2026,Ambulance (ground),$0 - $450,CMS,,,
H1036-307-000,Humana,Humana Dual Select (HMO D-SNP),2026,Ambulance (air),$399,CMS,,,
H1036-307-000,Humana,Humana Dual Select (HMO D-SNP),2026,Transportation,$0 - $375,CMS,,,
H1036-307-000,Humana,Humana Dual Select (HMO D-SNP),2026,Lab services,$335,CMS,,,
H1036-307-000,Humana,Humana Dual Select (HMO D-SNP),2026,Diagnostic radiology,$335,CMS,,,
H1036-307-000,Humana,Humana Dual Select (HMO D-SNP),2026,Renal dialysis,20%,CMS,,,
H1036-307-000,Humana,Humana Dual Select (HMO D-SNP),2026,Durable medical equipment,$0,CMS,,,
H1036-307-000,Humana,Humana Dual Select (HMO D-SNP),2026,Prosthetics,20%,CMS,,,
H1036-307-000,Humana,Humana Dual Select (HMO D-SNP),2026,Diabetic supplies,$0,CMS,,,
H1036-307-000,Humana,Humana Dual Select (HMO D-SNP),2026,Physical therapy,$0 - $25,CMS,,,
H1036-307-000,Humana,Humana Dual Select (HMO D-SNP),2026,Occupational therapy,$25,CMS,,,
H1036-307-000,Humana,Humana Dual Select (HMO D-SNP),2026,Cardiac rehab,$25,CMS,,,
H1036-307-000,Humana,Humana Dual Select (HMO D-SNP),2026,Pulmonary rehab,$25,CMS,,,
H1036-307-000,Humana,Humana Dual Select (HMO D-SNP),2026,Mental health (individual),$35,CMS,,,
H1036-307-000,Humana,Humana Dual Select (HMO D-SNP),2026,Mental health (group),$35,CMS,,,
H1036-307-000,Humana,Humana Dual Select (HMO D-SNP),2026,Substance abuse (individual),$35,CMS,,,
H1036-307-000,Humana,Humana Dual Select (HMO D-SNP),2026,Partial hospitalization,$35,CMS,,,
H1036-307-000,Humana,Humana Dual Select (HMO D-SNP),2026,Preventive services,$0,CMS,,,
H1036-307-000,Humana,Humana Dual Select (HMO D-SNP),2026,Wellness programs,$0,CMS,,,
H1036-307-000,Humana,Humana Dual Select (HMO D-SNP),2026,Rx deductible,"$615 (tiers 1,2 exempt)",CMS,,,
H1036-307-000,Humana,Humana Dual Select (HMO D-SNP),2026,Dental - allowance,"$2,000 per year",CMS,,,
H1036-307-000,Humana,Humana Dual Select (HMO D-SNP),2027,Dental - allowance,"$1,000 annually (DEN282)",FL,,,
H1036-307-000,Humana,Humana Dual Select (HMO D-SNP),2026,Dental - preventive,$25,CMS,,,
H1036-307-000,Humana,Humana Dual Select (HMO D-SNP),2026,Dental - oral exam,$0 (3 per year),CMS,,,
H1036-307-000,Humana,Humana Dual Select (HMO D-SNP),2026,Dental - cleaning,"$0 (bitewing x-rays, intraoral x-rays 1 set(s)/yr, pano film/diag x-rays 1/5 yrs)",CMS,,,
H1036-307-000,Humana,Humana Dual Select (HMO D-SNP),2026,Dental - X-ray,$0 (1 per month),CMS,,,
H1036-307-000,Humana,Humana Dual Select (HMO D-SNP),2026,Dental - fluoride,$0 (2 per year),CMS,,,
H1036-307-000,Humana,Humana Dual Select (HMO D-SNP),2026,Dental - other preventive,$0 (4 per year),CMS,,,
H1036-307-000,Humana,Humana Dual Select (HMO D-SNP),2026,Dental - restorative,$0,CMS,,,
H1036-307-000,Humana,Humana Dual Select (HMO D-SNP),2026,Dental - endodontics,"$0 (root canal, root canal retreat 1/tooth/lifetime)",CMS,,,
H1036-307-000,Humana,Humana Dual Select (HMO D-SNP),2026,Dental - periodontics,$0 (2 per month),CMS,,,
H1036-307-000,Humana,Humana Dual Select (HMO D-SNP),2026,Dental - extractions,$0,CMS,,,
H1036-307-000,Humana,Humana Dual Select (HMO D-SNP),2026,Dental - other comprehensive,"$0 (extractions unl/yr, oral surg 2/yr)",CMS,,,
H1036-307-000,Humana,Humana Dual Select (HMO D-SNP),2026,Vision - routine eye exam,$0 (1 per year),CMS,,,
H1036-307-000,Humana,Humana Dual Select (HMO D-SNP),2027,Vision - eyeglasses,$0 copayment for annual exam and $100 allowance per year for eyewear or contact lenses including fittings at PLUS Provider,FL,,,
H1036-307-000,Humana,Humana Dual Select (HMO D-SNP),2026,Vision - eyewear (post-cataract),$0 (1 per year),CMS,,,
H1036-307-000,Humana,Humana Dual Select (HMO D-SNP),2026,Hearing - routine exam,$0 (1 per year),CMS,,,
H1036-307-000,Humana,Humana Dual Select (HMO D-SNP),2026,Hearing aids,$0 (2 per month),CMS,,,
H1036-307-000,Humana,Humana Dual Select (HMO D-SNP),2027,Hearing aids,"$0 copay for annual exam, fitting and $0 copayment for Advanced level hearing aid per ear every 3 years plus 80 batteries per aid",FL,,,
H1036-307-000,Humana,Humana Dual Select (HMO D-SNP),2026,Hearing aids (other),$0,CMS,,,
H1036-307-000,Humana,Humana Dual Select (HMO D-SNP),2026,OTC allowance,$0,CMS,,,
H1036-307-000,Humana,Humana Dual Select (HMO D-SNP),2027,OTC allowance,"$115.00 monthly Healthy Options allowance (prepaid card, rolls over)",FL,,,
H1036-307-000,Humana,Humana Dual Select (HMO D-SNP),2026,Meals,$0,CMS,,,
H1036-307-000,Humana,Humana Dual Select (HMO D-SNP),2027,Eligibility,"FBDE, QDWI, QI, QMB, QMB+, SLMB, SLMB+",FL,,,
H1036-307-000,Humana,Humana Dual Select (HMO D-SNP),2027,Service area,"Statewide (ex. Dare, Craven, Carteret, Onslow)",FL,,,
H1036-308-000,Humana,Humana Gold Plus - Diabetes and Heart (HMO C-SNP),2026,Premium,$0.00,CMS,,,
H1036-308-000,Humana,Humana Gold Plus - Diabetes and Heart (HMO C-SNP),2027,Premium,$0,FL,,,
H1036-308-000,Humana,Humana Gold Plus - Diabetes and Heart (HMO C-SNP),2027,Part B giveback,$0,FL,,,
H1036-308-000,Humana,Humana Gold Plus - Diabetes and Heart (HMO C-SNP),2026,Max out-of-pocket,"$9,250",CMS,,,
H1036-308-000,Humana,Humana Gold Plus - Diabetes and Heart (HMO C-SNP),2027,Max out-of-pocket,"$9,850",FL,,,
H1036-308-000,Humana,Humana Gold Plus - Diabetes and Heart (HMO C-SNP),2026,PCP,$0,CMS,,,
H1036-308-000,Humana,Humana Gold Plus - Diabetes and Heart (HMO C-SNP),2027,PCP,$0,FL,,,
H1036-308-000,Humana,Humana Gold Plus - Diabetes and Heart (HMO C-SNP),2026,Specialist,$45,CMS,,,
H1036-308-000,Humana,Humana Gold Plus - Diabetes and Heart (HMO C-SNP),2027,Specialist,$45,FL,,,
H1036-308-000,Humana,Humana Gold Plus - Diabetes and Heart (HMO C-SNP),2027,Referrals,No,FL,,,
H1036-308-000,Humana,Humana Gold Plus - Diabetes and Heart (HMO C-SNP),2026,Telehealth,$0 - $45,CMS,,,
H1036-308-000,Humana,Humana Gold Plus - Diabetes and Heart (HMO C-SNP),2026,Chiropractic,$15,CMS,,,
H1036-308-000,Humana,Humana Gold Plus - Diabetes and Heart (HMO C-SNP),2026,Podiatry,$25,CMS,,,
H1036-308-000,Humana,Humana Gold Plus - Diabetes and Heart (HMO C-SNP),2026,Other professional,$35,CMS,,,
H1036-308-000,Humana,Humana Gold Plus - Diabetes and Heart (HMO C-SNP),2026,Inpatient hospital,$375 days 1-7 / $0 days 8-90,CMS,,,
H1036-308-000,Humana,Humana Gold Plus - Diabetes and Heart (HMO C-SNP),2027,Inpatient hospital,$375 per day (days 1-7),FL,,,
H1036-308-000,Humana,Humana Gold Plus - Diabetes and Heart (HMO C-SNP),2026,Inpatient psychiatric,$375 days 1-5 / $0 days 6-90,CMS,,,
H1036-308-000,Humana,Humana Gold Plus - Diabetes and Heart (HMO C-SNP),2026,Skilled nursing facility,$0 days 1-20 / $218 days 21-100,CMS,,,
H1036-308-000,Humana,Humana Gold Plus - Diabetes and Heart (HMO C-SNP),2026,Home health,$35,CMS,,,
H1036-308-000,Humana,Humana Gold Plus - Diabetes and Heart (HMO C-SNP),2026,Hospice,$0,CMS,,,
H1036-308-000,Humana,Humana Gold Plus - Diabetes and Heart (HMO C-SNP),2026,Outpatient hospital,$0 - $120,CMS,,,
H1036-308-000,Humana,Humana Gold Plus - Diabetes and Heart (HMO C-SNP),2026,Outpatient surgery (ASC),$0 - $335,CMS,,,
H1036-308-000,Humana,Humana Gold Plus - Diabetes and Heart (HMO C-SNP),2026,Outpatient surgery (hospital),$45,CMS,,,
H1036-308-000,Humana,Humana Gold Plus - Diabetes and Heart (HMO C-SNP),2026,Observation services,$0 - $50,CMS,,,
H1036-308-000,Humana,Humana Gold Plus - Diabetes and Heart (HMO C-SNP),2026,Emergency room,$115,CMS,,,
H1036-308-000,Humana,Humana Gold Plus - Diabetes and Heart (HMO C-SNP),2026,Urgent care,$40,CMS,,,
H1036-308-000,Humana,Humana Gold Plus - Diabetes and Heart (HMO C-SNP),2026,Ambulance (ground),$0 - $450,CMS,,,
H1036-308-000,Humana,Humana Gold Plus - Diabetes and Heart (HMO C-SNP),2026,Ambulance (air),$375,CMS,,,
H1036-308-000,Humana,Humana Gold Plus - Diabetes and Heart (HMO C-SNP),2026,Transportation,$0 - $375,CMS,,,
H1036-308-000,Humana,Humana Gold Plus - Diabetes and Heart (HMO C-SNP),2026,Lab services,$335,CMS,,,
H1036-308-000,Humana,Humana Gold Plus - Diabetes and Heart (HMO C-SNP),2026,Diagnostic radiology,$335,CMS,,,
H1036-308-000,Humana,Humana Gold Plus - Diabetes and Heart (HMO C-SNP),2026,Renal dialysis,20%,CMS,,,
H1036-308-000,Humana,Humana Gold Plus - Diabetes and Heart (HMO C-SNP),2026,Durable medical equipment,$0,CMS,,,
H1036-308-000,Humana,Humana Gold Plus - Diabetes and Heart (HMO C-SNP),2026,Prosthetics,20%,CMS,,,
H1036-308-000,Humana,Humana Gold Plus - Diabetes and Heart (HMO C-SNP),2026,Diabetic supplies,$0,CMS,,,
H1036-308-000,Humana,Humana Gold Plus - Diabetes and Heart (HMO C-SNP),2026,Physical therapy,$0 - $45,CMS,,,
H1036-308-000,Humana,Humana Gold Plus - Diabetes and Heart (HMO C-SNP),2026,Occupational therapy,$25,CMS,,,
H1036-308-000,Humana,Humana Gold Plus - Diabetes and Heart (HMO C-SNP),2026,Cardiac rehab,$30,CMS,,,
H1036-308-000,Humana,Humana Gold Plus - Diabetes and Heart (HMO C-SNP),2026,Pulmonary rehab,$25,CMS,,,
H1036-308-000,Humana,Humana Gold Plus - Diabetes and Heart (HMO C-SNP),2026,Mental health (individual),$35,CMS,,,
H1036-308-000,Humana,Humana Gold Plus - Diabetes and Heart (HMO C-SNP),2026,Mental health (group),$35,CMS,,,
H1036-308-000,Humana,Humana Gold Plus - Diabetes and Heart (HMO C-SNP),2026,Substance abuse (individual),$35,CMS,,,
H1036-308-000,Humana,Humana Gold Plus - Diabetes and Heart (HMO C-SNP),2026,Partial hospitalization,$35,CMS,,,
H1036-308-000,Humana,Humana Gold Plus - Diabetes and Heart (HMO C-SNP),2026,Preventive services,$0,CMS,,,
H1036-308-000,Humana,Humana Gold Plus - Diabetes and Heart (HMO C-SNP),2026,Wellness programs,$0,CMS,,,
H1036-308-000,Humana,Humana Gold Plus - Diabetes and Heart (HMO C-SNP),2026,Rx deductible,"$450 (tiers 1,2,6 exempt)",CMS,,,
H1036-308-000,Humana,Humana Gold Plus - Diabetes and Heart (HMO C-SNP),2027,Rx deductible,"$550 Tiers 3,4,5",FL,,,
H1036-308-000,Humana,Humana Gold Plus - Diabetes and Heart (HMO C-SNP),2027,Rx retail (30-day),$0 / $5 / 17% / 50% / 27%,FL,,,
H1036-308-000,Humana,Humana Gold Plus - Diabetes and Heart (HMO C-SNP),2026,Dental - allowance,"$1,000 per year",CMS,,,
H1036-308-000,Humana,Humana Gold Plus - Diabetes and Heart (HMO C-SNP),2027,Dental - allowance,"$1,750 annually with 50% coinsurance (DENK15)",FL,,,
H1036-308-000,Humana,Humana Gold Plus - Diabetes and Heart (HMO C-SNP),2026,Dental - preventive,$45,CMS,,,
H1036-308-000,Humana,Humana Gold Plus - Diabetes and Heart (HMO C-SNP),2026,Dental - oral exam,$0 (3 per year),CMS,,,
H1036-308-000,Humana,Humana Gold Plus - Diabetes and Heart (HMO C-SNP),2026,Dental - cleaning,"$0 (bitewing x-rays, intraoral x-rays 1 set(s)/yr, pano film/diag x-rays 1/5 yrs)",CMS,,,
H1036-308-000,Humana,Humana Gold Plus - Diabetes and Heart (HMO C-SNP),2026,Dental - X-ray,$0 (1 per month),CMS,,,
H1036-308-000,Humana,Humana Gold Plus - Diabetes and Heart (HMO C-SNP),2026,Dental - fluoride,$0 (2 per year),CMS,,,
H1036-308-000,Humana,Humana Gold Plus - Diabetes and Heart (HMO C-SNP),2026,Dental - other preventive,$0 (4 per year),CMS,,,
H1036-308-000,Humana,Humana Gold Plus - Diabetes and Heart (HMO C-SNP),2026,Dental - restorative,$0,CMS,,,
H1036-308-000,Humana,Humana Gold Plus - Diabetes and Heart (HMO C-SNP),2026,Dental - endodontics,"$0 (root canal, root canal retreat 1/tooth/lifetime)",CMS,,,
H1036-308-000,Humana,Humana Gold Plus - Diabetes and Heart (HMO C-SNP),2026,Dental - periodontics,$0 (2 per month),CMS,,,
H1036-308-000,Humana,Humana Gold Plus - Diabetes and Heart (HMO C-SNP),2026,Dental - extractions,$0,CMS,,,
H1036-308-000,Humana,Humana Gold Plus - Diabetes and Heart (HMO C-SNP),2026,Dental - other comprehensive,"$0 (extractions unl/yr, oral surg 2/yr)",CMS,,,
H1036-308-000,Humana,Humana Gold Plus - Diabetes and Heart (HMO C-SNP),2026,Vision - routine eye exam,$0 (1 per year),CMS,,,
H1036-308-000,Humana,Humana Gold Plus - Diabetes and Heart (HMO C-SNP),2026,Vision - eyewear (post-cataract),$0 (1 per year),CMS,,,
H1036-308-000,Humana,Humana Gold Plus - Diabetes and Heart (HMO C-SNP),2026,Hearing - routine exam,$0 (1 per year),CMS,,,
H1036-308-000,Humana,Humana Gold Plus - Diabetes and Heart (HMO C-SNP),2026,Hearing aids,$299 - $899 (2 per year),CMS,,,
H1036-308-000,Humana,Humana Gold Plus - Diabetes and Heart (HMO C-SNP),2026,Hearing aids (other),$0,CMS,,,
H1036-308-000,Humana,Humana Gold Plus - Diabetes and Heart (HMO C-SNP),2026,OTC allowance,$0,CMS,,,
H1036-308-000,Humana,Humana Gold Plus - Diabetes and Heart (HMO C-SNP),2027,Service area,"Statewide (ex. Dare, Craven, Carteret, Onslow)",FL,,,
H1036-308-000,Humana,Humana Gold Plus - Diabetes and Heart (HMO C-SNP),2027,Key notes,"Dental, Vision, Hearing",FL,,,
H1036-331-000,Humana,Humana Gold Plus SNP-DE (HMO D-SNP),2026,Premium,$20.00,CMS,,,
H1036-331-000,Humana,Humana Gold Plus SNP-DE (HMO D-SNP),2026,Max out-of-pocket,"$9,250",CMS,,,
H1036-331-000,Humana,Humana Gold Plus SNP-DE (HMO D-SNP),2026,PCP,20%,CMS,,,
H1036-331-000,Humana,Humana Gold Plus SNP-DE (HMO D-SNP),2026,Specialist,20%,CMS,,,
H1036-331-000,Humana,Humana Gold Plus SNP-DE (HMO D-SNP),2026,Telehealth,$0,CMS,,,
H1036-331-000,Humana,Humana Gold Plus SNP-DE (HMO D-SNP),2026,Chiropractic,20%,CMS,,,
H1036-331-000,Humana,Humana Gold Plus SNP-DE (HMO D-SNP),2026,Podiatry,20%,CMS,,,
H1036-331-000,Humana,Humana Gold Plus SNP-DE (HMO D-SNP),2026,Other professional,20%,CMS,,,
H1036-331-000,Humana,Humana Gold Plus SNP-DE (HMO D-SNP),2026,Skilled nursing facility,$0 days 1-20 / $218 days 21-100,CMS,,,
H1036-331-000,Humana,Humana Gold Plus SNP-DE (HMO D-SNP),2026,Home health,20%,CMS,,,
H1036-331-000,Humana,Humana Gold Plus SNP-DE (HMO D-SNP),2026,Hospice,$0,CMS,,,
H1036-331-000,Humana,Humana Gold Plus SNP-DE (HMO D-SNP),2026,Outpatient hospital,$0,CMS,,,
H1036-331-000,Humana,Humana Gold Plus SNP-DE (HMO D-SNP),2026,Outpatient surgery (ASC),$200 - $335,CMS,,,
H1036-331-000,Humana,Humana Gold Plus SNP-DE (HMO D-SNP),2026,Outpatient surgery (hospital),20%,CMS,,,
H1036-331-000,Humana,Humana Gold Plus SNP-DE (HMO D-SNP),2026,Observation services,$0,CMS,,,
H1036-331-000,Humana,Humana Gold Plus SNP-DE (HMO D-SNP),2026,Emergency room,$115,CMS,,,
H1036-331-000,Humana,Humana Gold Plus SNP-DE (HMO D-SNP),2026,Urgent care,20%,CMS,,,
H1036-331-000,Humana,Humana Gold Plus SNP-DE (HMO D-SNP),2026,Ambulance (ground),20%,CMS,,,
H1036-331-000,Humana,Humana Gold Plus SNP-DE (HMO D-SNP),2026,Ambulance (air),20%,CMS,,,
H1036-331-000,Humana,Humana Gold Plus SNP-DE (HMO D-SNP),2026,Transportation,20%,CMS,,,
H1036-331-000,Humana,Humana Gold Plus SNP-DE (HMO D-SNP),2026,Lab services,$335,CMS,,,
H1036-331-000,Humana,Humana Gold Plus SNP-DE (HMO D-SNP),2026,Diagnostic radiology,$335,CMS,,,
H1036-331-000,Humana,Humana Gold Plus SNP-DE (HMO D-SNP),2026,Renal dialysis,20%,CMS,,,
H1036-331-000,Humana,Humana Gold Plus SNP-DE (HMO D-SNP),2026,Durable medical equipment,$0,CMS,,,
H1036-331-000,Humana,Humana Gold Plus SNP-DE (HMO D-SNP),2026,Prosthetics,20%,CMS,,,
H1036-331-000,Humana,Humana Gold Plus SNP-DE (HMO D-SNP),2026,Diabetic supplies,$0,CMS,,,
H1036-331-000,Humana,Humana Gold Plus SNP-DE (HMO D-SNP),2026,Physical therapy,20%,CMS,,,
H1036-331-000,Humana,Humana Gold Plus SNP-DE (HMO D-SNP),2026,Occupational therapy,20%,CMS,,,
H1036-331-000,Humana,Humana Gold Plus SNP-DE (HMO D-SNP),2026,Cardiac rehab,20%,CMS,,,
H1036-331-000,Humana,Humana Gold Plus SNP-DE (HMO D-SNP),2026,Pulmonary rehab,20%,CMS,,,
H1036-331-000,Humana,Humana Gold Plus SNP-DE (HMO D-SNP),2026,Mental health (individual),20%,CMS,,,
H1036-331-000,Humana,Humana Gold Plus SNP-DE (HMO D-SNP),2026,Mental health (group),20%,CMS,,,
H1036-331-000,Humana,Humana Gold Plus SNP-DE (HMO D-SNP),2026,Substance abuse (individual),20%,CMS,,,
H1036-331-000,Humana,Humana Gold Plus SNP-DE (HMO D-SNP),2026,Partial hospitalization,20%,CMS,,,
H1036-331-000,Humana,Humana Gold Plus SNP-DE (HMO D-SNP),2026,Preventive services,$0,CMS,,,
H1036-331-000,Humana,Humana Gold Plus SNP-DE (HMO D-SNP),2026,Wellness programs,$0,CMS,,,
H1036-331-000,Humana,Humana Gold Plus SNP-DE (HMO D-SNP),2026,Rx deductible,"$615 (tiers 1,2 exempt)",CMS,,,
H1036-331-000,Humana,Humana Gold Plus SNP-DE (HMO D-SNP),2026,Dental - allowance,"$4,000 per year",CMS,,,
H1036-331-000,Humana,Humana Gold Plus SNP-DE (HMO D-SNP),2027,Dental - allowance,"$1,250 annually (DENC99)",FL,,,
H1036-331-000,Humana,Humana Gold Plus SNP-DE (HMO D-SNP),2026,Dental - preventive,20%,CMS,,,
H1036-331-000,Humana,Humana Gold Plus SNP-DE (HMO D-SNP),2026,Dental - oral exam,$0 (3 per year),CMS,,,
H1036-331-000,Humana,Humana Gold Plus SNP-DE (HMO D-SNP),2026,Dental - cleaning,"$0 (bitewing x-rays, intraoral x-rays 1 set(s)/yr, pano film/diag x-rays 1/5 yrs)",CMS,,,
H1036-331-000,Humana,Humana Gold Plus SNP-DE (HMO D-SNP),2026,Dental - X-ray,$0 (1 per month),CMS,,,
H1036-331-000,Humana,Humana Gold Plus SNP-DE (HMO D-SNP),2026,Dental - fluoride,$0 (2 per year),CMS,,,
H1036-331-000,Humana,Humana Gold Plus SNP-DE (HMO D-SNP),2026,Dental - other preventive,$0 (4 per year),CMS,,,
H1036-331-000,Humana,Humana Gold Plus SNP-DE (HMO D-SNP),2026,Dental - restorative,$0,CMS,,,
H1036-331-000,Humana,Humana Gold Plus SNP-DE (HMO D-SNP),2026,Dental - endodontics,"$0 (root canal, root canal retreat 1/tooth/lifetime)",CMS,,,
H1036-331-000,Humana,Humana Gold Plus SNP-DE (HMO D-SNP),2026,Dental - periodontics,$0 (2 per month),CMS,,,
H1036-331-000,Humana,Humana Gold Plus SNP-DE (HMO D-SNP),2026,Dental - extractions,$0,CMS,,,
H1036-331-000,Humana,Humana Gold Plus SNP-DE (HMO D-SNP),2026,Dental - other comprehensive,"$0 (extractions unl/yr, oral surg 2/yr)",CMS,,,
H1036-331-000,Humana,Humana Gold Plus SNP-DE (HMO D-SNP),2026,Vision - routine eye exam,$0 (1 per year),CMS,,,
H1036-331-000,Humana,Humana Gold Plus SNP-DE (HMO D-SNP),2027,Vision - eyeglasses,$0 copayment for annual exam and $200 allowance per year for eyewear or contact lenses including fittings at PLUS Provider,FL,,,
H1036-331-000,Humana,Humana Gold Plus SNP-DE (HMO D-SNP),2026,Vision - eyewear (post-cataract),$0 (1 per year),CMS,,,
H1036-331-000,Humana,Humana Gold Plus SNP-DE (HMO D-SNP),2026,Hearing - routine exam,$0 (1 per year),CMS,,,
H1036-331-000,Humana,Humana Gold Plus SNP-DE (HMO D-SNP),2026,Hearing aids,$0 (2 per month),CMS,,,
H1036-331-000,Humana,Humana Gold Plus SNP-DE (HMO D-SNP),2027,Hearing aids,"$0 copay for annual exam, fitting and $0 copayment for Advanced level hearing aid per ear every 3 years plus 80 batteries per aid",FL,,,
H1036-331-000,Humana,Humana Gold Plus SNP-DE (HMO D-SNP),2026,Hearing aids (other),$0,CMS,,,
H1036-331-000,Humana,Humana Gold Plus SNP-DE (HMO D-SNP),2026,OTC allowance,$0,CMS,,,
H1036-331-000,Humana,Humana Gold Plus SNP-DE (HMO D-SNP),2027,OTC allowance,"$375.00 monthly Healthy Options allowance (prepaid card, rolls over)",FL,,,
H1036-331-000,Humana,Humana Gold Plus SNP-DE (HMO D-SNP),2026,Meals,$0,CMS,,,
H1036-331-000,Humana,Humana Gold Plus SNP-DE (HMO D-SNP),2027,Eligibility,"FBDE, QMB+, SLMB+",FL,,,
H1036-331-000,Humana,Humana Gold Plus SNP-DE (HMO D-SNP),2027,Service area,"Statewide (ex. Dare, Craven, Carteret, Onslow)",FL,,,
H1036-335-001,Humana,Humana Gold Plus (HMO-POS),2026,Premium,$0.00,CMS,,,
H1036-335-001,Humana,Humana Gold Plus (HMO-POS),2027,Premium,$0,FL,,,
H1036-335-001,Humana,Humana Gold Plus (HMO-POS),2027,Part B giveback,$0,FL,,,
H1036-335-001,Humana,Humana Gold Plus (HMO-POS),2026,Max out-of-pocket,"$3,500",CMS,,,
H1036-335-001,Humana,Humana Gold Plus (HMO-POS),2027,Max out-of-pocket,"$4,100",FL,,,
H1036-335-001,Humana,Humana Gold Plus (HMO-POS),2026,PCP,$0,CMS,,,
H1036-335-001,Humana,Humana Gold Plus (HMO-POS),2027,PCP,$0,FL,,,
H1036-335-001,Humana,Humana Gold Plus (HMO-POS),2026,Specialist,$5,CMS,,,
H1036-335-001,Humana,Humana Gold Plus (HMO-POS),2027,Specialist,$5,FL,,,
H1036-335-001,Humana,Humana Gold Plus (HMO-POS),2027,Referrals,No,FL,,,
H1036-335-001,Humana,Humana Gold Plus (HMO-POS),2026,Telehealth,$0 - $65,CMS,,,
H1036-335-001,Humana,Humana Gold Plus (HMO-POS),2026,Chiropractic,$15,CMS,,,
H1036-335-001,Humana,Humana Gold Plus (HMO-POS),2026,Podiatry,$25,CMS,,,
H1036-335-001,Humana,Humana Gold Plus (HMO-POS),2026,Other professional,$35,CMS,,,
H1036-335-001,Humana,Humana Gold Plus (HMO-POS),2026,Inpatient hospital,$295 days 1-5 / $0 days 6-90,CMS,,,
H1036-335-001,Humana,Humana Gold Plus (HMO-POS),2027,Inpatient hospital,$295 per day (days 1-5),FL,,,
H1036-335-001,Humana,Humana Gold Plus (HMO-POS),2026,Inpatient psychiatric,$295 days 1-5 / $0 days 6-90,CMS,,,
H1036-335-001,Humana,Humana Gold Plus (HMO-POS),2026,Skilled nursing facility,$20 days 1-20 / $218 days 21-100,CMS,,,
H1036-335-001,Humana,Humana Gold Plus (HMO-POS),2026,Home health,$35,CMS,,,
H1036-335-001,Humana,Humana Gold Plus (HMO-POS),2026,Hospice,$0,CMS,,,
H1036-335-001,Humana,Humana Gold Plus (HMO-POS),2026,Outpatient hospital,$0 - $120,CMS,,,
H1036-335-001,Humana,Humana Gold Plus (HMO-POS),2026,Outpatient surgery (ASC),$0 - $335,CMS,,,
H1036-335-001,Humana,Humana Gold Plus (HMO-POS),2026,Outpatient surgery (hospital),$5,CMS,,,
H1036-335-001,Humana,Humana Gold Plus (HMO-POS),2026,Observation services,$0 - $65,CMS,,,
H1036-335-001,Humana,Humana Gold Plus (HMO-POS),2026,Emergency room,$150,CMS,,,
H1036-335-001,Humana,Humana Gold Plus (HMO-POS),2026,Urgent care,$65,CMS,,,
H1036-335-001,Humana,Humana Gold Plus (HMO-POS),2026,Ambulance (ground),$0 - $395,CMS,,,
H1036-335-001,Humana,Humana Gold Plus (HMO-POS),2026,Ambulance (air),$295,CMS,,,
H1036-335-001,Humana,Humana Gold Plus (HMO-POS),2026,Transportation,$0 - $295,CMS,,,
H1036-335-001,Humana,Humana Gold Plus (HMO-POS),2026,Lab services,$335,CMS,,,
H1036-335-001,Humana,Humana Gold Plus (HMO-POS),2026,Diagnostic radiology,$335,CMS,,,
H1036-335-001,Humana,Humana Gold Plus (HMO-POS),2026,Renal dialysis,20%,CMS,,,
H1036-335-001,Humana,Humana Gold Plus (HMO-POS),2026,Durable medical equipment,$0,CMS,,,
H1036-335-001,Humana,Humana Gold Plus (HMO-POS),2026,Prosthetics,20%,CMS,,,
H1036-335-001,Humana,Humana Gold Plus (HMO-POS),2026,Diabetic supplies,$0,CMS,,,
H1036-335-001,Humana,Humana Gold Plus (HMO-POS),2026,Physical therapy,$0 - $5,CMS,,,
H1036-335-001,Humana,Humana Gold Plus (HMO-POS),2026,Occupational therapy,$25,CMS,,,
H1036-335-001,Humana,Humana Gold Plus (HMO-POS),2026,Cardiac rehab,$50,CMS,,,
H1036-335-001,Humana,Humana Gold Plus (HMO-POS),2026,Pulmonary rehab,$40,CMS,,,
H1036-335-001,Humana,Humana Gold Plus (HMO-POS),2026,Mental health (individual),$35,CMS,,,
H1036-335-001,Humana,Humana Gold Plus (HMO-POS),2026,Mental health (group),$35,CMS,,,
H1036-335-001,Humana,Humana Gold Plus (HMO-POS),2026,Substance abuse (individual),$35,CMS,,,
H1036-335-001,Humana,Humana Gold Plus (HMO-POS),2026,Partial hospitalization,$35,CMS,,,
H1036-335-001,Humana,Humana Gold Plus (HMO-POS),2026,Preventive services,$0,CMS,,,
H1036-335-001,Humana,Humana Gold Plus (HMO-POS),2026,Wellness programs,$0,CMS,,,
H1036-335-001,Humana,Humana Gold Plus (HMO-POS),2026,Rx deductible,"$250 (tiers 1,2 exempt)",CMS,,,
H1036-335-001,Humana,Humana Gold Plus (HMO-POS),2027,Rx deductible,"$700 Tiers 3,4,5",FL,,,
H1036-335-001,Humana,Humana Gold Plus (HMO-POS),2027,Rx retail (30-day),$0 / $5 / 17% / 46% / 25%,FL,,,
H1036-335-001,Humana,Humana Gold Plus (HMO-POS),2026,Dental - allowance,"$2,500 per year",CMS,,,
H1036-335-001,Humana,Humana Gold Plus (HMO-POS),2027,Dental - allowance,"$4,000 annually; 50% coinsurance; OON coverage available (DENK79)",FL,,,
H1036-335-001,Humana,Humana Gold Plus (HMO-POS),2026,Dental - preventive,$5,CMS,,,
H1036-335-001,Humana,Humana Gold Plus (HMO-POS),2026,Dental - oral exam,$0 (4 per year),CMS,,,
H1036-335-001,Humana,Humana Gold Plus (HMO-POS),2026,Dental - cleaning,"$0 (bitewing x-rays, intraoral x-rays 1 set(s)/yr, pano film/diag x-rays 1/5 yrs)",CMS,,,
H1036-335-001,Humana,Humana Gold Plus (HMO-POS),2026,Dental - X-ray,$0 (1 per month),CMS,,,
H1036-335-001,Humana,Humana Gold Plus (HMO-POS),2026,Dental - fluoride,$0 (2 per year),CMS,,,
H1036-335-001,Humana,Humana Gold Plus (HMO-POS),2026,Dental - other preventive,$0 (4 per year),CMS,,,
H1036-335-001,Humana,Humana Gold Plus (HMO-POS),2026,Dental - restorative,$0,CMS,,,
H1036-335-001,Humana,Humana Gold Plus (HMO-POS),2026,Dental - endodontics,"$0 (root canal, root canal retreat 1/tooth/lifetime)",CMS,,,
H1036-335-001,Humana,Humana Gold Plus (HMO-POS),2026,Dental - periodontics,"$0 (scaling for mod inflammation 1/yr, scaling/root planing 1 per quadrant/3 yrs)",CMS,,,
H1036-335-001,Humana,Humana Gold Plus (HMO-POS),2026,Dental - extractions,$0,CMS,,,
H1036-335-001,Humana,Humana Gold Plus (HMO-POS),2026,Dental - other comprehensive,"$0 (extractions 1/tooth/lifetime, oral surg 2/yr)",CMS,,,
H1036-335-001,Humana,Humana Gold Plus (HMO-POS),2026,Vision - routine eye exam,$0 (1 per year),CMS,,,
H1036-335-001,Humana,Humana Gold Plus (HMO-POS),2026,Vision - eyewear (post-cataract),$0 (1 per year),CMS,,,
H1036-335-001,Humana,Humana Gold Plus (HMO-POS),2026,Hearing - routine exam,$0 (1 per year),CMS,,,
H1036-335-001,Humana,Humana Gold Plus (HMO-POS),2026,Hearing aids,$499 - $799 (2 per year),CMS,,,
H1036-335-001,Humana,Humana Gold Plus (HMO-POS),2026,Hearing aids (other),$0,CMS,,,
H1036-335-001,Humana,Humana Gold Plus (HMO-POS),2026,OTC allowance,$0,CMS,,,
H1036-335-001,Humana,Humana Gold Plus (HMO-POS),2027,OTC allowance,$50 per quarter,FL,,,
H1036-335-001,Humana,Humana Gold Plus (HMO-POS),2026,Meals,$0,CMS,,,
H1036-335-001,Humana,Humana Gold Plus (HMO-POS),2027,Service area,"Brunswick, Davidson, Davie, Forsyth, New Hanover, Stokes, Yadkin",FL,,,
H1036-335-001,Humana,Humana Gold Plus (HMO-POS),2027,Key notes,"Dental, Vision, Hearing, Fitness, OTC",FL,,,
H1036-343-000,Humana,Humana HMO Giveback (HMO-POS),2027,Premium,$0,FL,,,
H1036-343-000,Humana,Humana HMO Giveback (HMO-POS),2027,Part B giveback,$67,FL,,,
H1036-343-000,Humana,Humana HMO Giveback (HMO-POS),2027,Max out-of-pocket,"$9,850",FL,,,
H1036-343-000,Humana,Humana HMO Giveback (HMO-POS),2027,PCP,$0,FL,,,
H1036-343-000,Humana,Humana HMO Giveback (HMO-POS),2027,Specialist,$50,FL,,,
H1036-343-000,Humana,Humana HMO Giveback (HMO-POS),2027,Referrals,No,FL,,,
H1036-343-000,Humana,Humana HMO Giveback (HMO-POS),2027,Inpatient hospital,$380 per day (days 1-7),FL,,,
H1036-343-000,Humana,Humana HMO Giveback (HMO-POS),2027,Rx deductible,"$700 Tiers 4,5",FL,,,
H1036-343-000,Humana,Humana HMO Giveback (HMO-POS),2027,Rx retail (30-day),$0 / $0 / 17% / 50% / 25%,FL,,,
H1036-343-000,Humana,Humana HMO Giveback (HMO-POS),2027,Dental - allowance,"$0 copayment covers exams, x-rays, cleanings; OON coverage available (DEN350)",FL,,,
H1036-343-000,Humana,Humana HMO Giveback (HMO-POS),2027,Key notes,"Dental, Vision, Hearing",FL,,,
H5216-017-000,Humana,HumanaChoice Giveback (PPO),2026,Premium,$0.00,CMS,,,
H5216-017-000,Humana,HumanaChoice Giveback (PPO),2027,Premium,$0,FL,,,
H5216-017-000,Humana,HumanaChoice Giveback (PPO),2027,Part B giveback,$79,FL,,,
H5216-017-000,Humana,HumanaChoice Giveback (PPO),2027,Max out-of-pocket,"$9,850 INN",FL,,,
H5216-017-000,Humana,HumanaChoice Giveback (PPO),2026,PCP,$0,CMS,,,
H5216-017-000,Humana,HumanaChoice Giveback (PPO),2027,PCP,$0,FL,,,
H5216-017-000,Humana,HumanaChoice Giveback (PPO),2026,Specialist,$40,CMS,,,
H5216-017-000,Humana,HumanaChoice Giveback (PPO),2027,Specialist,$45,FL,,,
H5216-017-000,Humana,HumanaChoice Giveback (PPO),2027,Referrals,No,FL,,,
H5216-017-000,Humana,HumanaChoice Giveback (PPO),2026,Telehealth,$0 - $40,CMS,,,
H5216-017-000,Humana,HumanaChoice Giveback (PPO),2026,Chiropractic,$15,CMS,,,
H5216-017-000,Humana,HumanaChoice Giveback (PPO),2026,Podiatry,$25,CMS,,,
H5216-017-000,Humana,HumanaChoice Giveback (PPO),2026,Other professional,$35,CMS,,,
H5216-017-000,Humana,HumanaChoice Giveback (PPO),2026,Inpatient hospital,$375 days 1-7 / $0 days 8-90,CMS,,,
H5216-017-000,Humana,HumanaChoice Giveback (PPO),2027,Inpatient hospital,$375 per day (days 1-7),FL,,,
H5216-017-000,Humana,HumanaChoice Giveback (PPO),2026,Inpatient psychiatric,$375 days 1-5 / $0 days 6-90,CMS,,,
H5216-017-000,Humana,HumanaChoice Giveback (PPO),2026,Skilled nursing facility,$0 days 1-20 / $218 days 21-100,CMS,,,
H5216-017-000,Humana,HumanaChoice Giveback (PPO),2026,Home health,$35,CMS,,,
H5216-017-000,Humana,HumanaChoice Giveback (PPO),2026,Hospice,$0,CMS,,,
H5216-017-000,Humana,HumanaChoice Giveback (PPO),2026,Outpatient hospital,$0 - $120,CMS,,,
H5216-017-000,Humana,HumanaChoice Giveback (PPO),2026,Outpatient surgery (ASC),$0 - $335,CMS,,,
H5216-017-000,Humana,HumanaChoice Giveback (PPO),2026,Outpatient surgery (hospital),$40,CMS,,,
H5216-017-000,Humana,HumanaChoice Giveback (PPO),2026,Observation services,$0 - $50,CMS,,,
H5216-017-000,Humana,HumanaChoice Giveback (PPO),2026,Emergency room,$115,CMS,,,
H5216-017-000,Humana,HumanaChoice Giveback (PPO),2026,Urgent care,$40,CMS,,,
H5216-017-000,Humana,HumanaChoice Giveback (PPO),2026,Ambulance (ground),$0 - $450,CMS,,,
H5216-017-000,Humana,HumanaChoice Giveback (PPO),2026,Ambulance (air),$375,CMS,,,
H5216-017-000,Humana,HumanaChoice Giveback (PPO),2026,Transportation,$0 - $375,CMS,,,
H5216-017-000,Humana,HumanaChoice Giveback (PPO),2026,Lab services,$335,CMS,,,
H5216-017-000,Humana,HumanaChoice Giveback (PPO),2026,Diagnostic radiology,$335,CMS,,,
H5216-017-000,Humana,HumanaChoice Giveback (PPO),2026,Renal dialysis,20%,CMS,,,
H5216-017-000,Humana,HumanaChoice Giveback (PPO),2026,Durable medical equipment,$0,CMS,,,
H5216-017-000,Humana,HumanaChoice Giveback (PPO),2026,Prosthetics,20%,CMS,,,
H5216-017-000,Humana,HumanaChoice Giveback (PPO),2026,Diabetic supplies,$0,CMS,,,
H5216-017-000,Humana,HumanaChoice Giveback (PPO),2026,Physical therapy,$0 - $40,CMS,,,
H5216-017-000,Humana,HumanaChoice Giveback (PPO),2026,Occupational therapy,$25,CMS,,,
H5216-017-000,Humana,HumanaChoice Giveback (PPO),2026,Cardiac rehab,$30,CMS,,,
H5216-017-000,Humana,HumanaChoice Giveback (PPO),2026,Pulmonary rehab,$25,CMS,,,
H5216-017-000,Humana,HumanaChoice Giveback (PPO),2026,Mental health (individual),$35,CMS,,,
H5216-017-000,Humana,HumanaChoice Giveback (PPO),2026,Mental health (group),$35,CMS,,,
H5216-017-000,Humana,HumanaChoice Giveback (PPO),2026,Substance abuse (individual),$35,CMS,,,
H5216-017-000,Humana,HumanaChoice Giveback (PPO),2026,Partial hospitalization,$35,CMS,,,
H5216-017-000,Humana,HumanaChoice Giveback (PPO),2026,Annual physical exam,$0,CMS,,,
H5216-017-000,Humana,HumanaChoice Giveback (PPO),2026,Preventive services,$0,CMS,,,
H5216-017-000,Humana,HumanaChoice Giveback (PPO),2026,Wellness programs,$0,CMS,,,
H5216-017-000,Humana,HumanaChoice Giveback (PPO),2026,Rx deductible,"$450 (tiers 1,2 exempt)",CMS,,,
H5216-017-000,Humana,HumanaChoice Giveback (PPO),2027,Rx deductible,"$700 Tiers 3,4,5",FL,,,
H5216-017-000,Humana,HumanaChoice Giveback (PPO),2027,Rx retail (30-day),$0 / $4 / 19% / 30% / 25%,FL,,,
H5216-017-000,Humana,HumanaChoice Giveback (PPO),2027,Dental - allowance,"$0 copayment covers exams, x-rays, cleanings; OON coverage available (DEN350)",FL,,,
H5216-017-000,Humana,HumanaChoice Giveback (PPO),2026,Dental - preventive,$40,CMS,,,
H5216-017-000,Humana,HumanaChoice Giveback (PPO),2026,Dental - oral exam,$0 (3 per year),CMS,,,
H5216-017-000,Humana,HumanaChoice Giveback (PPO),2026,Dental - cleaning,"$0 (bitewing x-rays, intraoral x-rays 1 set(s)/yr, pano film/diag x-rays 1/5 yrs)",CMS,,,
H5216-017-000,Humana,HumanaChoice Giveback (PPO),2026,Dental - X-ray,$0 (1 per month),CMS,,,
H5216-017-000,Humana,HumanaChoice Giveback (PPO),2026,Dental - fluoride,$0 (2 per year),CMS,,,
H5216-017-000,Humana,HumanaChoice Giveback (PPO),2026,Dental - other preventive,$0 (4 per year),CMS,,,
H5216-017-000,Humana,HumanaChoice Giveback (PPO),2026,Vision - routine eye exam,$0 (1 per year),CMS,,,
H5216-017-000,Humana,HumanaChoice Giveback (PPO),2026,Vision - eyewear (post-cataract),$0 (1 per year),CMS,,,
H5216-017-000,Humana,HumanaChoice Giveback (PPO),2026,Hearing - routine exam,$0 (1 per year),CMS,,,
H5216-017-000,Humana,HumanaChoice Giveback (PPO),2026,Hearing aids,$699 - $999 (2 per year),CMS,,,
H5216-017-000,Humana,HumanaChoice Giveback (PPO),2026,Meals,$0,CMS,,,
H5216-017-000,Humana,HumanaChoice Giveback (PPO),2027,Service area,Western and Central Counties,FL,,,
H5216-017-000,Humana,HumanaChoice Giveback (PPO),2027,Key notes,"Dental, Vision, Hearing",FL,,,
H5525-035-000,Humana,HumanaChoice Giveback (PPO),2026,Premium,$0.00,CMS,,,
H5525-035-000,Humana,HumanaChoice Giveback (PPO),2027,Premium,$0,FL,,,
H5525-035-000,Humana,HumanaChoice Giveback (PPO),2027,Part B giveback,$110,FL,,,
H5525-035-000,Humana,HumanaChoice Giveback (PPO),2027,Max out-of-pocket,"$9,850",FL,,,
H5525-035-000,Humana,HumanaChoice Giveback (PPO),2026,PCP,$0,CMS,,,
H5525-035-000,Humana,HumanaChoice Giveback (PPO),2027,PCP,$0,FL,,,
H5525-035-000,Humana,HumanaChoice Giveback (PPO),2026,Specialist,$35,CMS,,,
H5525-035-000,Humana,HumanaChoice Giveback (PPO),2027,Specialist,$45,FL,,,
H5525-035-000,Humana,HumanaChoice Giveback (PPO),2027,Referrals,No,FL,,,
H5525-035-000,Humana,HumanaChoice Giveback (PPO),2026,Telehealth,$0 - $40,CMS,,,
H5525-035-000,Humana,HumanaChoice Giveback (PPO),2026,Chiropractic,$15,CMS,,,
H5525-035-000,Humana,HumanaChoice Giveback (PPO),2026,Podiatry,$25,CMS,,,
H5525-035-000,Humana,HumanaChoice Giveback (PPO),2026,Other professional,$35,CMS,,,
H5525-035-000,Humana,HumanaChoice Giveback (PPO),2026,Inpatient hospital,$375 days 1-7 / $0 days 8-90,CMS,,,
H5525-035-000,Humana,HumanaChoice Giveback (PPO),2027,Inpatient hospital,$375 per day (days 1-7),FL,,,
H5525-035-000,Humana,HumanaChoice Giveback (PPO),2026,Inpatient psychiatric,$375 days 1-5 / $0 days 6-90,CMS,,,
H5525-035-000,Humana,HumanaChoice Giveback (PPO),2026,Skilled nursing facility,$0 days 1-20 / $218 days 21-100,CMS,,,
H5525-035-000,Humana,HumanaChoice Giveback (PPO),2026,Home health,$35,CMS,,,
H5525-035-000,Humana,HumanaChoice Giveback (PPO),2026,Hospice,$0,CMS,,,
H5525-035-000,Humana,HumanaChoice Giveback (PPO),2026,Outpatient hospital,$0 - $120,CMS,,,
H5525-035-000,Humana,HumanaChoice Giveback (PPO),2026,Outpatient surgery (ASC),$0 - $335,CMS,,,
H5525-035-000,Humana,HumanaChoice Giveback (PPO),2026,Outpatient surgery (hospital),$35,CMS,,,
H5525-035-000,Humana,HumanaChoice Giveback (PPO),2026,Observation services,$0 - $50,CMS,,,
H5525-035-000,Humana,HumanaChoice Giveback (PPO),2026,Emergency room,$115,CMS,,,
H5525-035-000,Humana,HumanaChoice Giveback (PPO),2026,Urgent care,$40,CMS,,,
H5525-035-000,Humana,HumanaChoice Giveback (PPO),2026,Ambulance (ground),$0 - $450,CMS,,,
H5525-035-000,Humana,HumanaChoice Giveback (PPO),2026,Ambulance (air),$375,CMS,,,
H5525-035-000,Humana,HumanaChoice Giveback (PPO),2026,Transportation,$0 - $375,CMS,,,
H5525-035-000,Humana,HumanaChoice Giveback (PPO),2026,Lab services,$335,CMS,,,
H5525-035-000,Humana,HumanaChoice Giveback (PPO),2026,Diagnostic radiology,$335,CMS,,,
H5525-035-000,Humana,HumanaChoice Giveback (PPO),2026,Renal dialysis,20%,CMS,,,
H5525-035-000,Humana,HumanaChoice Giveback (PPO),2026,Durable medical equipment,$0,CMS,,,
H5525-035-000,Humana,HumanaChoice Giveback (PPO),2026,Prosthetics,20%,CMS,,,
H5525-035-000,Humana,HumanaChoice Giveback (PPO),2026,Diabetic supplies,$0,CMS,,,
H5525-035-000,Humana,HumanaChoice Giveback (PPO),2026,Physical therapy,$0 - $35,CMS,,,
H5525-035-000,Humana,HumanaChoice Giveback (PPO),2026,Occupational therapy,$25,CMS,,,
H5525-035-000,Humana,HumanaChoice Giveback (PPO),2026,Cardiac rehab,$30,CMS,,,
H5525-035-000,Humana,HumanaChoice Giveback (PPO),2026,Pulmonary rehab,$25,CMS,,,
H5525-035-000,Humana,HumanaChoice Giveback (PPO),2026,Mental health (individual),$35,CMS,,,
H5525-035-000,Humana,HumanaChoice Giveback (PPO),2026,Mental health (group),$35,CMS,,,
H5525-035-000,Humana,HumanaChoice Giveback (PPO),2026,Substance abuse (individual),$35,CMS,,,
H5525-035-000,Humana,HumanaChoice Giveback (PPO),2026,Partial hospitalization,$35,CMS,,,
H5525-035-000,Humana,HumanaChoice Giveback (PPO),2026,Annual physical exam,$0,CMS,,,
H5525-035-000,Humana,HumanaChoice Giveback (PPO),2026,Preventive services,$0,CMS,,,
H5525-035-000,Humana,HumanaChoice Giveback (PPO),2026,Wellness programs,$0,CMS,,,
H5525-035-000,Humana,HumanaChoice Giveback (PPO),2026,Rx deductible,"$450 (tiers 1,2 exempt)",CMS,,,
H5525-035-000,Humana,HumanaChoice Giveback (PPO),2027,Rx deductible,"$700 Tiers 3,4,5",FL,,,
H5525-035-000,Humana,HumanaChoice Giveback (PPO),2027,Rx retail (30-day),$0 / $4 / 19% / 30% / 25%,FL,,,
H5525-035-000,Humana,HumanaChoice Giveback (PPO),2027,Dental - allowance,"$0 copayment covers exams, x-rays, cleanings; OON coverage available (DEN350)",FL,,,
H5525-035-000,Humana,HumanaChoice Giveback (PPO),2026,Dental - preventive,$35,CMS,,,
H5525-035-000,Humana,HumanaChoice Giveback (PPO),2026,Dental - oral exam,$0 (3 per year),CMS,,,
H5525-035-000,Humana,HumanaChoice Giveback (PPO),2026,Dental - cleaning,"$0 (bitewing x-rays, intraoral x-rays 1 set(s)/yr, pano film/diag x-rays 1/5 yrs)",CMS,,,
H5525-035-000,Humana,HumanaChoice Giveback (PPO),2026,Dental - X-ray,$0 (1 per month),CMS,,,
H5525-035-000,Humana,HumanaChoice Giveback (PPO),2026,Dental - fluoride,$0 (2 per year),CMS,,,
H5525-035-000,Humana,HumanaChoice Giveback (PPO),2026,Dental - other preventive,$0 (4 per year),CMS,,,
H5525-035-000,Humana,HumanaChoice Giveback (PPO),2026,Vision - routine eye exam,$0 (1 per year),CMS,,,
H5525-035-000,Humana,HumanaChoice Giveback (PPO),2026,Vision - eyewear (post-cataract),$0 (1 per year),CMS,,,
H5525-035-000,Humana,HumanaChoice Giveback (PPO),2026,Hearing - routine exam,$0 (1 per year),CMS,,,
H5525-035-000,Humana,HumanaChoice Giveback (PPO),2026,Hearing aids,$699 - $999 (2 per year),CMS,,,
H5525-035-000,Humana,HumanaChoice Giveback (PPO),2026,Meals,$0,CMS,,,
H5525-035-000,Humana,HumanaChoice Giveback (PPO),2027,Key notes,"Dental, Vision, Hearing, Fitness · EXITS Cherokee, Clay, Swain, Cabarrus, Pender, Gates for 2027",FL,,,
H5525-065-000,Humana,Humana Honor Plan (MA Only),2027,Premium,$0,FL,,,
H5525-065-000,Humana,Humana Honor Plan (MA Only),2027,Part B giveback,$165,FL,,,
H5525-065-000,Humana,Humana Honor Plan (MA Only),2027,Max out-of-pocket,"$9,850 INN",FL,,,
H5525-065-000,Humana,Humana Honor Plan (MA Only),2027,PCP,$0,FL,,,
H5525-065-000,Humana,Humana Honor Plan (MA Only),2027,Specialist,$45,FL,,,
H5525-065-000,Humana,Humana Honor Plan (MA Only),2027,Referrals,No,FL,,,
H5525-065-000,Humana,Humana Honor Plan (MA Only),2026,Telehealth,$0 - $40,CMS,,,
H5525-065-000,Humana,Humana Honor Plan (MA Only),2026,Inpatient hospital,$375 days 1-7 / $0 days 8-90,CMS,,,
H5525-065-000,Humana,Humana Honor Plan (MA Only),2027,Inpatient hospital,$375 per day (days 1-7),FL,,,
H5525-065-000,Humana,Humana Honor Plan (MA Only),2026,Inpatient psychiatric,$375 days 1-5 / $0 days 6-90,CMS,,,
H5525-065-000,Humana,Humana Honor Plan (MA Only),2026,Skilled nursing facility,$0 days 1-20 / $218 days 21-100,CMS,,,
H5525-065-000,Humana,Humana Honor Plan (MA Only),2026,Outpatient hospital,$0,CMS,,,
H5525-065-000,Humana,Humana Honor Plan (MA Only),2026,Outpatient surgery (ASC),$0,CMS,,,
H5525-065-000,Humana,Humana Honor Plan (MA Only),2026,Outpatient surgery (hospital),35% - 50%,CMS,,,
H5525-065-000,Humana,Humana Honor Plan (MA Only),2026,Observation services,50%,CMS,,,
H5525-065-000,Humana,Humana Honor Plan (MA Only),2026,Emergency room,$115,CMS,,,
H5525-065-000,Humana,Humana Honor Plan (MA Only),2026,Urgent care,$40,CMS,,,
H5525-065-000,Humana,Humana Honor Plan (MA Only),2026,Ambulance (ground),$0,CMS,,,
H5525-065-000,Humana,Humana Honor Plan (MA Only),2026,Ambulance (air),$375,CMS,,,
H5525-065-000,Humana,Humana Honor Plan (MA Only),2026,Transportation,$0,CMS,,,
H5525-065-000,Humana,Humana Honor Plan (MA Only),2026,Lab services,$335,CMS,,,
H5525-065-000,Humana,Humana Honor Plan (MA Only),2026,Diagnostic radiology,$335,CMS,,,
H5525-065-000,Humana,Humana Honor Plan (MA Only),2026,Renal dialysis,20%,CMS,,,
H5525-065-000,Humana,Humana Honor Plan (MA Only),2026,Durable medical equipment,$0,CMS,,,
H5525-065-000,Humana,Humana Honor Plan (MA Only),2026,Prosthetics,20%,CMS,,,
H5525-065-000,Humana,Humana Honor Plan (MA Only),2026,Diabetic supplies,50%,CMS,,,
H5525-065-000,Humana,Humana Honor Plan (MA Only),2026,Cardiac rehab,50%,CMS,,,
H5525-065-000,Humana,Humana Honor Plan (MA Only),2026,Pulmonary rehab,50%,CMS,,,
H5525-065-000,Humana,Humana Honor Plan (MA Only),2026,Mental health (individual),35%,CMS,,,
H5525-065-000,Humana,Humana Honor Plan (MA Only),2026,Mental health (group),35%,CMS,,,
H5525-065-000,Humana,Humana Honor Plan (MA Only),2026,Substance abuse (individual),35%,CMS,,,
H5525-065-000,Humana,Humana Honor Plan (MA Only),2026,Partial hospitalization,35% - 50%,CMS,,,
H5525-065-000,Humana,Humana Honor Plan (MA Only),2026,Annual physical exam,$0,CMS,,,
H5525-065-000,Humana,Humana Honor Plan (MA Only),2026,Preventive services,$0,CMS,,,
H5525-065-000,Humana,Humana Honor Plan (MA Only),2026,Wellness programs,$0,CMS,,,
H5525-065-000,Humana,Humana Honor Plan (MA Only),2027,Rx deductible,No deductible,FL,,,
H5525-065-000,Humana,Humana Honor Plan (MA Only),2027,Rx retail (30-day),N/A (MA only),FL,,,
H5525-065-000,Humana,Humana Honor Plan (MA Only),2027,Dental - allowance,"$0 copayment covers exams, x-rays, cleanings; OON coverage available (DEN350)",FL,,,
H5525-065-000,Humana,Humana Honor Plan (MA Only),2026,Dental - oral exam,$0 (3 per year),CMS,,,
H5525-065-000,Humana,Humana Honor Plan (MA Only),2026,Dental - cleaning,"$0 (bitewing x-rays, intraoral x-rays 1 set(s)/yr, pano film/diag x-rays 1/5 yrs)",CMS,,,
H5525-065-000,Humana,Humana Honor Plan (MA Only),2026,Dental - X-ray,$0 (1 per month),CMS,,,
H5525-065-000,Humana,Humana Honor Plan (MA Only),2026,Dental - fluoride,$0 (2 per year),CMS,,,
H5525-065-000,Humana,Humana Honor Plan (MA Only),2026,Dental - other preventive,$0 (4 per year),CMS,,,
H5525-065-000,Humana,Humana Honor Plan (MA Only),2026,Vision - routine eye exam,$0 (1 per year),CMS,,,
H5525-065-000,Humana,Humana Honor Plan (MA Only),2026,Vision - eyewear (post-cataract),$0 (1 per year),CMS,,,
H5525-065-000,Humana,Humana Honor Plan (MA Only),2026,Hearing - routine exam,$0 (1 per year),CMS,,,
H5525-065-000,Humana,Humana Honor Plan (MA Only),2026,Hearing aids,$699 - $999 (2 per year),CMS,,,
H5525-065-000,Humana,Humana Honor Plan (MA Only),2027,Service area,"Statewide (ex. Craven, Carteret, Onslow)",FL,,,
H5525-065-000,Humana,Humana Honor Plan (MA Only),2027,Key notes,"Dental, Vision, Hearing, Fitness",FL,,,
H5525-072-000,Humana,Humana Dual Select (PPO D-SNP),2026,Premium,$33.50,CMS,,,
H5525-072-000,Humana,Humana Dual Select (PPO D-SNP),2026,PCP,$0,CMS,,,
H5525-072-000,Humana,Humana Dual Select (PPO D-SNP),2026,Specialist,$25,CMS,,,
H5525-072-000,Humana,Humana Dual Select (PPO D-SNP),2026,Telehealth,$0 - $40,CMS,,,
H5525-072-000,Humana,Humana Dual Select (PPO D-SNP),2026,Chiropractic,$15,CMS,,,
H5525-072-000,Humana,Humana Dual Select (PPO D-SNP),2026,Podiatry,$25,CMS,,,
H5525-072-000,Humana,Humana Dual Select (PPO D-SNP),2026,Other professional,$35,CMS,,,
H5525-072-000,Humana,Humana Dual Select (PPO D-SNP),2026,Inpatient hospital,$399 days 1-6 / $0 days 7-90,CMS,,,
H5525-072-000,Humana,Humana Dual Select (PPO D-SNP),2026,Inpatient psychiatric,$399 days 1-5 / $0 days 6-90,CMS,,,
H5525-072-000,Humana,Humana Dual Select (PPO D-SNP),2026,Skilled nursing facility,$0 days 1-20 / $218 days 21-100,CMS,,,
H5525-072-000,Humana,Humana Dual Select (PPO D-SNP),2026,Home health,$35,CMS,,,
H5525-072-000,Humana,Humana Dual Select (PPO D-SNP),2026,Hospice,$0,CMS,,,
H5525-072-000,Humana,Humana Dual Select (PPO D-SNP),2026,Outpatient hospital,$0 - $120,CMS,,,
H5525-072-000,Humana,Humana Dual Select (PPO D-SNP),2026,Outpatient surgery (ASC),$0 - $335,CMS,,,
H5525-072-000,Humana,Humana Dual Select (PPO D-SNP),2026,Outpatient surgery (hospital),$25,CMS,,,
H5525-072-000,Humana,Humana Dual Select (PPO D-SNP),2026,Observation services,$0 - $50,CMS,,,
H5525-072-000,Humana,Humana Dual Select (PPO D-SNP),2026,Emergency room,$115,CMS,,,
H5525-072-000,Humana,Humana Dual Select (PPO D-SNP),2026,Urgent care,$40,CMS,,,
H5525-072-000,Humana,Humana Dual Select (PPO D-SNP),2026,Ambulance (ground),$0 - $450,CMS,,,
H5525-072-000,Humana,Humana Dual Select (PPO D-SNP),2026,Ambulance (air),$399,CMS,,,
H5525-072-000,Humana,Humana Dual Select (PPO D-SNP),2026,Transportation,$0 - $375,CMS,,,
H5525-072-000,Humana,Humana Dual Select (PPO D-SNP),2026,Lab services,$335,CMS,,,
H5525-072-000,Humana,Humana Dual Select (PPO D-SNP),2026,Diagnostic radiology,$335,CMS,,,
H5525-072-000,Humana,Humana Dual Select (PPO D-SNP),2026,Renal dialysis,20%,CMS,,,
H5525-072-000,Humana,Humana Dual Select (PPO D-SNP),2026,Durable medical equipment,$0,CMS,,,
H5525-072-000,Humana,Humana Dual Select (PPO D-SNP),2026,Prosthetics,20%,CMS,,,
H5525-072-000,Humana,Humana Dual Select (PPO D-SNP),2026,Diabetic supplies,$0,CMS,,,
H5525-072-000,Humana,Humana Dual Select (PPO D-SNP),2026,Physical therapy,$0 - $25,CMS,,,
H5525-072-000,Humana,Humana Dual Select (PPO D-SNP),2026,Occupational therapy,$25,CMS,,,
H5525-072-000,Humana,Humana Dual Select (PPO D-SNP),2026,Cardiac rehab,$25,CMS,,,
H5525-072-000,Humana,Humana Dual Select (PPO D-SNP),2026,Pulmonary rehab,$25,CMS,,,
H5525-072-000,Humana,Humana Dual Select (PPO D-SNP),2026,Mental health (individual),$35,CMS,,,
H5525-072-000,Humana,Humana Dual Select (PPO D-SNP),2026,Mental health (group),$35,CMS,,,
H5525-072-000,Humana,Humana Dual Select (PPO D-SNP),2026,Substance abuse (individual),$35,CMS,,,
H5525-072-000,Humana,Humana Dual Select (PPO D-SNP),2026,Partial hospitalization,$35,CMS,,,
H5525-072-000,Humana,Humana Dual Select (PPO D-SNP),2026,Annual physical exam,$0,CMS,,,
H5525-072-000,Humana,Humana Dual Select (PPO D-SNP),2026,Preventive services,$0,CMS,,,
H5525-072-000,Humana,Humana Dual Select (PPO D-SNP),2026,Wellness programs,$0,CMS,,,
H5525-072-000,Humana,Humana Dual Select (PPO D-SNP),2026,Rx deductible,"$615 (tiers 1,2 exempt)",CMS,,,
H5525-072-000,Humana,Humana Dual Select (PPO D-SNP),2026,Dental - allowance,"$1,500 per year",CMS,,,
H5525-072-000,Humana,Humana Dual Select (PPO D-SNP),2027,Dental - allowance,"$1,500 annually (DEN285); OON coverage available",FL,,,
H5525-072-000,Humana,Humana Dual Select (PPO D-SNP),2026,Dental - preventive,$25,CMS,,,
H5525-072-000,Humana,Humana Dual Select (PPO D-SNP),2026,Dental - oral exam,$0 (3 per year),CMS,,,
H5525-072-000,Humana,Humana Dual Select (PPO D-SNP),2026,Dental - cleaning,"$0 (bitewing x-rays, intraoral x-rays 1 set(s)/yr, pano film/diag x-rays 1/5 yrs)",CMS,,,
H5525-072-000,Humana,Humana Dual Select (PPO D-SNP),2026,Dental - X-ray,$0 (1 per month),CMS,,,
H5525-072-000,Humana,Humana Dual Select (PPO D-SNP),2026,Dental - fluoride,$0 (2 per year),CMS,,,
H5525-072-000,Humana,Humana Dual Select (PPO D-SNP),2026,Dental - other preventive,$0 (4 per year),CMS,,,
H5525-072-000,Humana,Humana Dual Select (PPO D-SNP),2026,Dental - restorative,$0,CMS,,,
H5525-072-000,Humana,Humana Dual Select (PPO D-SNP),2026,Dental - endodontics,"$0 (root canal, root canal retreat 1/tooth/lifetime)",CMS,,,
H5525-072-000,Humana,Humana Dual Select (PPO D-SNP),2026,Dental - periodontics,$0 (2 per month),CMS,,,
H5525-072-000,Humana,Humana Dual Select (PPO D-SNP),2026,Dental - extractions,$0,CMS,,,
H5525-072-000,Humana,Humana Dual Select (PPO D-SNP),2026,Dental - other comprehensive,"$0 (extractions unl/yr, oral surg 2/yr)",CMS,,,
H5525-072-000,Humana,Humana Dual Select (PPO D-SNP),2026,Vision - routine eye exam,$0 (1 per year),CMS,,,
H5525-072-000,Humana,Humana Dual Select (PPO D-SNP),2027,Vision - eyeglasses,$0 copayment for annual exam and $100 allowance per year for eyewear or contact lenses including fittings at PLUS Provider,FL,,,
H5525-072-000,Humana,Humana Dual Select (PPO D-SNP),2026,Vision - eyewear (post-cataract),$0 (1 per year),CMS,,,
H5525-072-000,Humana,Humana Dual Select (PPO D-SNP),2026,Hearing - routine exam,$0 (1 per year),CMS,,,
H5525-072-000,Humana,Humana Dual Select (PPO D-SNP),2026,Hearing aids,$0 (2 per month),CMS,,,
H5525-072-000,Humana,Humana Dual Select (PPO D-SNP),2027,Hearing aids,"$0 copay for annual exam, fitting and $0 copayment for Advanced level hearing aid per ear every 3 years plus 80 batteries per aid",FL,,,
H5525-072-000,Humana,Humana Dual Select (PPO D-SNP),2026,Hearing aids (other),$0,CMS,,,
H5525-072-000,Humana,Humana Dual Select (PPO D-SNP),2026,OTC allowance,$0,CMS,,,
H5525-072-000,Humana,Humana Dual Select (PPO D-SNP),2027,OTC allowance,"$85.00 monthly Healthy Options allowance (prepaid card, rolls over)",FL,,,
H5525-072-000,Humana,Humana Dual Select (PPO D-SNP),2026,Meals,$0,CMS,,,
H5525-072-000,Humana,Humana Dual Select (PPO D-SNP),2027,Eligibility,"FBDE, QDWI, QI, QMB, QMB+, SLMB, SLMB+",FL,,,
H5525-072-000,Humana,Humana Dual Select (PPO D-SNP),2027,Service area,"Statewide (ex. Craven, Carteret, Onslow)",FL,,,
H7617-122-000,Humana,HumanaChoice (PPO),2027,Premium,$13,FL,,,
H7617-122-000,Humana,HumanaChoice (PPO),2027,Part B giveback,$0,FL,,,
H7617-122-000,Humana,HumanaChoice (PPO),2027,Max out-of-pocket,"$9,850 INN",FL,,,
H7617-122-000,Humana,HumanaChoice (PPO),2027,PCP,$0,FL,,,
H7617-122-000,Humana,HumanaChoice (PPO),2027,Specialist,$45,FL,,,
H7617-122-000,Humana,HumanaChoice (PPO),2027,Referrals,No,FL,,,
H7617-122-000,Humana,HumanaChoice (PPO),2027,Inpatient hospital,$375 per day (days 1-7),FL,,,
H7617-122-000,Humana,HumanaChoice (PPO),2027,Rx deductible,"$700 Tiers 3,4,5",FL,,,
H7617-122-000,Humana,HumanaChoice (PPO),2027,Rx retail (30-day),$0 / $5 / 17% / 30% / 25%,FL,,,
H7617-122-000,Humana,HumanaChoice (PPO),2027,Dental - allowance,$500 annually; 50% coinsurance; OON coverage available (DENK43),FL,,,
H7617-122-000,Humana,HumanaChoice (PPO),2027,Service area,Statewide,FL,,,
H7617-122-000,Humana,HumanaChoice (PPO),2027,Key notes,"Dental, Vision, Hearing, Fitness",FL,,,
S5884-133-000,Humana,Humana Basic Rx Plan (PDP),2026,Premium,$6.80,CMS,,,
S5884-133-000,Humana,Humana Basic Rx Plan (PDP),2026,Benefit type,Actuarially Equivalent,CMS,,,
S5884-133-000,Humana,Humana Basic Rx Plan (PDP),2026,Number of tiers,5,CMS,,,
S5884-133-000,Humana,Humana Basic Rx Plan (PDP),2026,Insulin tiers,"1,2,3,4,5",CMS,,,
S5884-133-000,Humana,Humana Basic Rx Plan (PDP),2026,Tier 1 (preferred generic) — Long-term care,$0,CMS,,,
S5884-133-000,Humana,Humana Basic Rx Plan (PDP),2026,Tier 1 (preferred generic) — Mail 30-day,$0,CMS,,,
S5884-133-000,Humana,Humana Basic Rx Plan (PDP),2026,Tier 1 (preferred generic) — Mail 30-day (preferred),$0,CMS,,,
S5884-133-000,Humana,Humana Basic Rx Plan (PDP),2026,Tier 1 (preferred generic) — Mail 90-day,$0,CMS,,,
S5884-133-000,Humana,Humana Basic Rx Plan (PDP),2026,Tier 1 (preferred generic) — Mail 90-day (preferred),$0,CMS,,,
S5884-133-000,Humana,Humana Basic Rx Plan (PDP),2026,Tier 1 (preferred generic) — Out of network,$0,CMS,,,
S5884-133-000,Humana,Humana Basic Rx Plan (PDP),2026,Tier 1 (preferred generic) — Retail 30-day (standard),$0,CMS,,,
S5884-133-000,Humana,Humana Basic Rx Plan (PDP),2026,Tier 1 (preferred generic) — Retail 90-day (standard),$0,CMS,,,
S5884-133-000,Humana,Humana Basic Rx Plan (PDP),2026,Tier 2 (generic) — Long-term care,$1,CMS,,,
S5884-133-000,Humana,Humana Basic Rx Plan (PDP),2026,Tier 2 (generic) — Mail 30-day,$1,CMS,,,
S5884-133-000,Humana,Humana Basic Rx Plan (PDP),2026,Tier 2 (generic) — Mail 30-day (preferred),$0,CMS,,,
S5884-133-000,Humana,Humana Basic Rx Plan (PDP),2026,Tier 2 (generic) — Mail 90-day,$3,CMS,,,
S5884-133-000,Humana,Humana Basic Rx Plan (PDP),2026,Tier 2 (generic) — Mail 90-day (preferred),$0,CMS,,,
S5884-133-000,Humana,Humana Basic Rx Plan (PDP),2026,Tier 2 (generic) — Out of network,$1,CMS,,,
S5884-133-000,Humana,Humana Basic Rx Plan (PDP),2026,Tier 2 (generic) — Retail 30-day (standard),$1,CMS,,,
S5884-133-000,Humana,Humana Basic Rx Plan (PDP),2026,Tier 2 (generic) — Retail 90-day (standard),$3,CMS,,,
S5884-133-000,Humana,Humana Basic Rx Plan (PDP),2026,Tier 3 (preferred brand) — Long-term care,25%,CMS,,,
S5884-133-000,Humana,Humana Basic Rx Plan (PDP),2026,Tier 3 (preferred brand) — Mail 30-day,25%,CMS,,,
S5884-133-000,Humana,Humana Basic Rx Plan (PDP),2026,Tier 3 (preferred brand) — Mail 30-day (preferred),20%,CMS,,,
S5884-133-000,Humana,Humana Basic Rx Plan (PDP),2026,Tier 3 (preferred brand) — Mail 90-day,25%,CMS,,,
S5884-133-000,Humana,Humana Basic Rx Plan (PDP),2026,Tier 3 (preferred brand) — Mail 90-day (preferred),20%,CMS,,,
S5884-133-000,Humana,Humana Basic Rx Plan (PDP),2026,Tier 3 (preferred brand) — Out of network,25%,CMS,,,
S5884-133-000,Humana,Humana Basic Rx Plan (PDP),2026,Tier 3 (preferred brand) — Retail 30-day (standard),25%,CMS,,,
S5884-133-000,Humana,Humana Basic Rx Plan (PDP),2026,Tier 3 (preferred brand) — Retail 90-day (standard),25%,CMS,,,
S5884-133-000,Humana,Humana Basic Rx Plan (PDP),2026,Tier 4 (non-preferred) — Long-term care,32%,CMS,,,
S5884-133-000,Humana,Humana Basic Rx Plan (PDP),2026,Tier 4 (non-preferred) — Mail 30-day,32%,CMS,,,
S5884-133-000,Humana,Humana Basic Rx Plan (PDP),2026,Tier 4 (non-preferred) — Mail 30-day (preferred),32%,CMS,,,
S5884-133-000,Humana,Humana Basic Rx Plan (PDP),2026,Tier 4 (non-preferred) — Out of network,32%,CMS,,,
S5884-133-000,Humana,Humana Basic Rx Plan (PDP),2026,Tier 4 (non-preferred) — Retail 30-day (standard),32%,CMS,,,
S5884-133-000,Humana,Humana Basic Rx Plan (PDP),2026,Tier 5 (specialty) — Long-term care,25%,CMS,,,
S5884-133-000,Humana,Humana Basic Rx Plan (PDP),2026,Tier 5 (specialty) — Mail 30-day,25%,CMS,,,
S5884-133-000,Humana,Humana Basic Rx Plan (PDP),2026,Tier 5 (specialty) — Mail 30-day (preferred),25%,CMS,,,
S5884-133-000,Humana,Humana Basic Rx Plan (PDP),2026,Tier 5 (specialty) — Out of network,25%,CMS,,,
S5884-133-000,Humana,Humana Basic Rx Plan (PDP),2026,Tier 5 (specialty) — Retail 30-day (standard),25%,CMS,,,
S5884-154-000,Humana,Humana Premier Rx Plan (PDP),2026,Premium,$110.90,CMS,,,
S5884-154-000,Humana,Humana Premier Rx Plan (PDP),2026,Benefit type,Enhanced Alternative,CMS,,,
S5884-154-000,Humana,Humana Premier Rx Plan (PDP),2026,Number of tiers,5,CMS,,,
S5884-154-000,Humana,Humana Premier Rx Plan (PDP),2026,Insulin tiers,"1,2,3,4,5",CMS,,,
S5884-154-000,Humana,Humana Premier Rx Plan (PDP),2026,Tier 1 (preferred generic) — Long-term care,$5,CMS,,,
S5884-154-000,Humana,Humana Premier Rx Plan (PDP),2026,Tier 1 (preferred generic) — Mail 30-day,$5,CMS,,,
S5884-154-000,Humana,Humana Premier Rx Plan (PDP),2026,Tier 1 (preferred generic) — Mail 30-day (preferred),$0,CMS,,,
S5884-154-000,Humana,Humana Premier Rx Plan (PDP),2026,Tier 1 (preferred generic) — Mail 90-day,$15,CMS,,,
S5884-154-000,Humana,Humana Premier Rx Plan (PDP),2026,Tier 1 (preferred generic) — Mail 90-day (preferred),$0,CMS,,,
S5884-154-000,Humana,Humana Premier Rx Plan (PDP),2026,Tier 1 (preferred generic) — Out of network,$5,CMS,,,
S5884-154-000,Humana,Humana Premier Rx Plan (PDP),2026,Tier 1 (preferred generic) — Retail 30-day (standard),$5,CMS,,,
S5884-154-000,Humana,Humana Premier Rx Plan (PDP),2026,Tier 1 (preferred generic) — Retail 90-day (standard),$15,CMS,,,
S5884-154-000,Humana,Humana Premier Rx Plan (PDP),2026,Tier 2 (generic) — Long-term care,$10,CMS,,,
S5884-154-000,Humana,Humana Premier Rx Plan (PDP),2026,Tier 2 (generic) — Mail 30-day,$10,CMS,,,
S5884-154-000,Humana,Humana Premier Rx Plan (PDP),2026,Tier 2 (generic) — Mail 30-day (preferred),$0,CMS,,,
S5884-154-000,Humana,Humana Premier Rx Plan (PDP),2026,Tier 2 (generic) — Mail 90-day,$30,CMS,,,
S5884-154-000,Humana,Humana Premier Rx Plan (PDP),2026,Tier 2 (generic) — Mail 90-day (preferred),$0,CMS,,,
S5884-154-000,Humana,Humana Premier Rx Plan (PDP),2026,Tier 2 (generic) — Out of network,$10,CMS,,,
S5884-154-000,Humana,Humana Premier Rx Plan (PDP),2026,Tier 2 (generic) — Retail 30-day (standard),$10,CMS,,,
S5884-154-000,Humana,Humana Premier Rx Plan (PDP),2026,Tier 2 (generic) — Retail 90-day (standard),$30,CMS,,,
S5884-154-000,Humana,Humana Premier Rx Plan (PDP),2026,Tier 3 (preferred brand) — Long-term care,$47,CMS,,,
S5884-154-000,Humana,Humana Premier Rx Plan (PDP),2026,Tier 3 (preferred brand) — Mail 30-day,$47,CMS,,,
S5884-154-000,Humana,Humana Premier Rx Plan (PDP),2026,Tier 3 (preferred brand) — Mail 30-day (preferred),$45,CMS,,,
S5884-154-000,Humana,Humana Premier Rx Plan (PDP),2026,Tier 3 (preferred brand) — Mail 90-day,$141,CMS,,,
S5884-154-000,Humana,Humana Premier Rx Plan (PDP),2026,Tier 3 (preferred brand) — Mail 90-day (preferred),$125,CMS,,,
S5884-154-000,Humana,Humana Premier Rx Plan (PDP),2026,Tier 3 (preferred brand) — Out of network,$47,CMS,,,
S5884-154-000,Humana,Humana Premier Rx Plan (PDP),2026,Tier 3 (preferred brand) — Retail 30-day (standard),$47,CMS,,,
S5884-154-000,Humana,Humana Premier Rx Plan (PDP),2026,Tier 3 (preferred brand) — Retail 90-day (standard),$141,CMS,,,
S5884-154-000,Humana,Humana Premier Rx Plan (PDP),2026,Tier 4 (non-preferred) — Long-term care,50%,CMS,,,
S5884-154-000,Humana,Humana Premier Rx Plan (PDP),2026,Tier 4 (non-preferred) — Mail 30-day,50%,CMS,,,
S5884-154-000,Humana,Humana Premier Rx Plan (PDP),2026,Tier 4 (non-preferred) — Mail 30-day (preferred),50%,CMS,,,
S5884-154-000,Humana,Humana Premier Rx Plan (PDP),2026,Tier 4 (non-preferred) — Mail 90-day,50%,CMS,,,
S5884-154-000,Humana,Humana Premier Rx Plan (PDP),2026,Tier 4 (non-preferred) — Mail 90-day (preferred),50%,CMS,,,
S5884-154-000,Humana,Humana Premier Rx Plan (PDP),2026,Tier 4 (non-preferred) — Out of network,50%,CMS,,,
S5884-154-000,Humana,Humana Premier Rx Plan (PDP),2026,Tier 4 (non-preferred) — Retail 30-day (standard),50%,CMS,,,
S5884-154-000,Humana,Humana Premier Rx Plan (PDP),2026,Tier 4 (non-preferred) — Retail 90-day (standard),50%,CMS,,,
S5884-154-000,Humana,Humana Premier Rx Plan (PDP),2026,Tier 5 (specialty) — Long-term care,33%,CMS,,,
S5884-154-000,Humana,Humana Premier Rx Plan (PDP),2026,Tier 5 (specialty) — Mail 30-day,33%,CMS,,,
S5884-154-000,Humana,Humana Premier Rx Plan (PDP),2026,Tier 5 (specialty) — Mail 30-day (preferred),33%,CMS,,,
S5884-154-000,Humana,Humana Premier Rx Plan (PDP),2026,Tier 5 (specialty) — Out of network,33%,CMS,,,
S5884-154-000,Humana,Humana Premier Rx Plan (PDP),2026,Tier 5 (specialty) — Retail 30-day (standard),33%,CMS,,,
S5884-187-000,Humana,Humana Value Rx Plan (PDP),2026,Premium,$32.00,CMS,,,
S5884-187-000,Humana,Humana Value Rx Plan (PDP),2026,Benefit type,Enhanced Alternative,CMS,,,
S5884-187-000,Humana,Humana Value Rx Plan (PDP),2026,Number of tiers,5,CMS,,,
S5884-187-000,Humana,Humana Value Rx Plan (PDP),2026,Rx deductible,"$601 (tiers 1,2 exempt)",CMS,,,
S5884-187-000,Humana,Humana Value Rx Plan (PDP),2026,Insulin tiers,"1,2,3,4,5",CMS,,,
S5884-187-000,Humana,Humana Value Rx Plan (PDP),2026,Tier 1 (preferred generic) — Long-term care,$1,CMS,,,
S5884-187-000,Humana,Humana Value Rx Plan (PDP),2026,Tier 1 (preferred generic) — Mail 30-day,$1,CMS,,,
S5884-187-000,Humana,Humana Value Rx Plan (PDP),2026,Tier 1 (preferred generic) — Mail 30-day (preferred),$0,CMS,,,
S5884-187-000,Humana,Humana Value Rx Plan (PDP),2026,Tier 1 (preferred generic) — Mail 90-day,$3,CMS,,,
S5884-187-000,Humana,Humana Value Rx Plan (PDP),2026,Tier 1 (preferred generic) — Mail 90-day (preferred),$0,CMS,,,
S5884-187-000,Humana,Humana Value Rx Plan (PDP),2026,Tier 1 (preferred generic) — Out of network,$1,CMS,,,
S5884-187-000,Humana,Humana Value Rx Plan (PDP),2026,Tier 1 (preferred generic) — Retail 30-day (standard),$1,CMS,,,
S5884-187-000,Humana,Humana Value Rx Plan (PDP),2026,Tier 1 (preferred generic) — Retail 90-day (standard),$3,CMS,,,
S5884-187-000,Humana,Humana Value Rx Plan (PDP),2026,Tier 2 (generic) — Long-term care,$3,CMS,,,
S5884-187-000,Humana,Humana Value Rx Plan (PDP),2026,Tier 2 (generic) — Mail 30-day,$3,CMS,,,
S5884-187-000,Humana,Humana Value Rx Plan (PDP),2026,Tier 2 (generic) — Mail 30-day (preferred),$0,CMS,,,
S5884-187-000,Humana,Humana Value Rx Plan (PDP),2026,Tier 2 (generic) — Mail 90-day,$9,CMS,,,
S5884-187-000,Humana,Humana Value Rx Plan (PDP),2026,Tier 2 (generic) — Mail 90-day (preferred),$0,CMS,,,
S5884-187-000,Humana,Humana Value Rx Plan (PDP),2026,Tier 2 (generic) — Out of network,$3,CMS,,,
S5884-187-000,Humana,Humana Value Rx Plan (PDP),2026,Tier 2 (generic) — Retail 30-day (standard),$3,CMS,,,
S5884-187-000,Humana,Humana Value Rx Plan (PDP),2026,Tier 2 (generic) — Retail 90-day (standard),$9,CMS,,,
S5884-187-000,Humana,Humana Value Rx Plan (PDP),2026,Tier 3 (preferred brand) — Long-term care,20%,CMS,,,
S5884-187-000,Humana,Humana Value Rx Plan (PDP),2026,Tier 3 (preferred brand) — Mail 30-day,20%,CMS,,,
S5884-187-000,Humana,Humana Value Rx Plan (PDP),2026,Tier 3 (preferred brand) — Mail 30-day (preferred),15%,CMS,,,
S5884-187-000,Humana,Humana Value Rx Plan (PDP),2026,Tier 3 (preferred brand) — Mail 90-day,20%,CMS,,,
S5884-187-000,Humana,Humana Value Rx Plan (PDP),2026,Tier 3 (preferred brand) — Mail 90-day (preferred),15%,CMS,,,
S5884-187-000,Humana,Humana Value Rx Plan (PDP),2026,Tier 3 (preferred brand) — Out of network,20%,CMS,,,
S5884-187-000,Humana,Humana Value Rx Plan (PDP),2026,Tier 3 (preferred brand) — Retail 30-day (standard),20%,CMS,,,
S5884-187-000,Humana,Humana Value Rx Plan (PDP),2026,Tier 3 (preferred brand) — Retail 90-day (standard),20%,CMS,,,
S5884-187-000,Humana,Humana Value Rx Plan (PDP),2026,Tier 4 (non-preferred) — Long-term care,34%,CMS,,,
S5884-187-000,Humana,Humana Value Rx Plan (PDP),2026,Tier 4 (non-preferred) — Mail 30-day,34%,CMS,,,
S5884-187-000,Humana,Humana Value Rx Plan (PDP),2026,Tier 4 (non-preferred) — Mail 30-day (preferred),34%,CMS,,,
S5884-187-000,Humana,Humana Value Rx Plan (PDP),2026,Tier 4 (non-preferred) — Out of network,34%,CMS,,,
S5884-187-000,Humana,Humana Value Rx Plan (PDP),2026,Tier 4 (non-preferred) — Retail 30-day (standard),34%,CMS,,,
S5884-187-000,Humana,Humana Value Rx Plan (PDP),2026,Tier 5 (specialty) — Long-term care,26%,CMS,,,
S5884-187-000,Humana,Humana Value Rx Plan (PDP),2026,Tier 5 (specialty) — Mail 30-day,26%,CMS,,,
S5884-187-000,Humana,Humana Value Rx Plan (PDP),2026,Tier 5 (specialty) — Mail 30-day (preferred),26%,CMS,,,
S5884-187-000,Humana,Humana Value Rx Plan (PDP),2026,Tier 5 (specialty) — Out of network,26%,CMS,,,
S5884-187-000,Humana,Humana Value Rx Plan (PDP),2026,Tier 5 (specialty) — Retail 30-day (standard),26%,CMS,,,
H1889-005-000,UHC,UHC Dual Complete NC-Q1,2026,Premium,$36.20,CMS,,,
H1889-005-000,UHC,UHC Dual Complete NC-Q1,2027,Medical deductible,$0 combined INN/OON,FL,,,
H1889-005-000,UHC,UHC Dual Complete NC-Q1,2026,Max out-of-pocket,"$9,250.00",CMS,,,
H1889-005-000,UHC,UHC Dual Complete NC-Q1,2027,Max out-of-pocket,$0,FL,,,
H1889-005-000,UHC,UHC Dual Complete NC-Q1,2026,PCP,0% - 20%,CMS,,,
H1889-005-000,UHC,UHC Dual Complete NC-Q1,2027,PCP,$0,FL,,,
H1889-005-000,UHC,UHC Dual Complete NC-Q1,2026,Specialist,0% - 20%,CMS,,,
H1889-005-000,UHC,UHC Dual Complete NC-Q1,2027,Specialist,$0; no referral required,FL,,,
H1889-005-000,UHC,UHC Dual Complete NC-Q1,2026,Telehealth,$0,CMS,,,
H1889-005-000,UHC,UHC Dual Complete NC-Q1,2026,Chiropractic,20%,CMS,,,
H1889-005-000,UHC,UHC Dual Complete NC-Q1,2026,Podiatry,20%,CMS,,,
H1889-005-000,UHC,UHC Dual Complete NC-Q1,2026,Other professional,$0,CMS,,,
H1889-005-000,UHC,UHC Dual Complete NC-Q1,2027,Inpatient hospital,$0 per stay; unlimited days,FL,,,
H1889-005-000,UHC,UHC Dual Complete NC-Q1,2026,Home health,$55,CMS,,,
H1889-005-000,UHC,UHC Dual Complete NC-Q1,2026,Hospice,$0,CMS,,,
H1889-005-000,UHC,UHC Dual Complete NC-Q1,2026,Outpatient hospital,20%,CMS,,,
H1889-005-000,UHC,UHC Dual Complete NC-Q1,2027,Outpatient hospital,$0,FL,,,
H1889-005-000,UHC,UHC Dual Complete NC-Q1,2026,Outpatient surgery (ASC),0% - 20%,CMS,,,
H1889-005-000,UHC,UHC Dual Complete NC-Q1,2027,Outpatient surgery (ASC),$0,FL,,,
H1889-005-000,UHC,UHC Dual Complete NC-Q1,2026,Outpatient surgery (hospital),20%,CMS,,,
H1889-005-000,UHC,UHC Dual Complete NC-Q1,2026,Observation services,$0,CMS,,,
H1889-005-000,UHC,UHC Dual Complete NC-Q1,2026,Emergency room,$115,CMS,,,
H1889-005-000,UHC,UHC Dual Complete NC-Q1,2027,Emergency room,$0,FL,,,
H1889-005-000,UHC,UHC Dual Complete NC-Q1,2026,Urgent care,$0 - $40,CMS,,,
H1889-005-000,UHC,UHC Dual Complete NC-Q1,2027,Urgent care,$0,FL,,,
H1889-005-000,UHC,UHC Dual Complete NC-Q1,2026,Ambulance (ground),0% - 20%,CMS,,,
H1889-005-000,UHC,UHC Dual Complete NC-Q1,2027,Ambulance (ground),$0 ground/air,FL,,,
H1889-005-000,UHC,UHC Dual Complete NC-Q1,2026,Ambulance (air),20%,CMS,,,
H1889-005-000,UHC,UHC Dual Complete NC-Q1,2026,Transportation,0% - 20%,CMS,,,
H1889-005-000,UHC,UHC Dual Complete NC-Q1,2026,Lab services,20%,CMS,,,
H1889-005-000,UHC,UHC Dual Complete NC-Q1,2027,Lab services,$0,FL,,,
H1889-005-000,UHC,UHC Dual Complete NC-Q1,2026,Diagnostic radiology,20%,CMS,,,
H1889-005-000,UHC,UHC Dual Complete NC-Q1,2027,Diagnostic radiology,$0,FL,,,
H1889-005-000,UHC,UHC Dual Complete NC-Q1,2027,X-ray,$0,FL,,,
H1889-005-000,UHC,UHC Dual Complete NC-Q1,2026,Renal dialysis,20%,CMS,,,
H1889-005-000,UHC,UHC Dual Complete NC-Q1,2026,Durable medical equipment,20%,CMS,,,
H1889-005-000,UHC,UHC Dual Complete NC-Q1,2026,Prosthetics,20%,CMS,,,
H1889-005-000,UHC,UHC Dual Complete NC-Q1,2026,Diabetic supplies,$0,CMS,,,
H1889-005-000,UHC,UHC Dual Complete NC-Q1,2026,Physical therapy,0% - 20%,CMS,,,
H1889-005-000,UHC,UHC Dual Complete NC-Q1,2026,Occupational therapy,20%,CMS,,,
H1889-005-000,UHC,UHC Dual Complete NC-Q1,2026,Cardiac rehab,20%,CMS,,,
H1889-005-000,UHC,UHC Dual Complete NC-Q1,2026,Pulmonary rehab,20%,CMS,,,
H1889-005-000,UHC,UHC Dual Complete NC-Q1,2026,Mental health (individual),0% - 20%,CMS,,,
H1889-005-000,UHC,UHC Dual Complete NC-Q1,2026,Mental health (group),20%,CMS,,,
H1889-005-000,UHC,UHC Dual Complete NC-Q1,2026,Substance abuse (individual),0% - 20%,CMS,,,
H1889-005-000,UHC,UHC Dual Complete NC-Q1,2026,Partial hospitalization,0% - 20%,CMS,,,
H1889-005-000,UHC,UHC Dual Complete NC-Q1,2026,Annual physical exam,0% - 40%,CMS,,,
H1889-005-000,UHC,UHC Dual Complete NC-Q1,2026,Preventive services,$0,CMS,,,
H1889-005-000,UHC,UHC Dual Complete NC-Q1,2026,Wellness programs,$0,CMS,,,
H1889-005-000,UHC,UHC Dual Complete NC-Q1,2026,Rx deductible,$615 (tiers 1 exempt),CMS,,,
H1889-005-000,UHC,UHC Dual Complete NC-Q1,2027,Rx deductible,$0 T1; $700 T2-5; $0 with LIS,FL,,,
H1889-005-000,UHC,UHC Dual Complete NC-Q1,2027,Rx retail (30-day),$0 T1; other drugs vary by LIS,FL,,,
H1889-005-000,UHC,UHC Dual Complete NC-Q1,2027,Rx mail (100-day),$0 T1; other drugs vary by LIS,FL,,,
H1889-005-000,UHC,UHC Dual Complete NC-Q1,2026,Dental - allowance,"$2,000 per year",CMS,,,
H1889-005-000,UHC,UHC Dual Complete NC-Q1,2027,Dental - allowance,"$2,000 toward covered services; $0 all covered services",FL,,,
H1889-005-000,UHC,UHC Dual Complete NC-Q1,2026,Dental - preventive,20%,CMS,,,
H1889-005-000,UHC,UHC Dual Complete NC-Q1,2026,Dental - oral exam,$0 (Periodicity varies by service ranging from 2 every year to 1 every 3 years.),CMS,,,
H1889-005-000,UHC,UHC Dual Complete NC-Q1,2026,Dental - cleaning,$0 (Periodicity varies by service ranging from 1 per 60 floating months to 8 every year.),CMS,,,
H1889-005-000,UHC,UHC Dual Complete NC-Q1,2026,Dental - X-ray,$0,CMS,,,
H1889-005-000,UHC,UHC Dual Complete NC-Q1,2026,Dental - fluoride,$0 (2 per year),CMS,,,
H1889-005-000,UHC,UHC Dual Complete NC-Q1,2026,Dental - other preventive,$0,CMS,,,
H1889-005-000,UHC,UHC Dual Complete NC-Q1,2026,Dental - restorative,$0 (Periodicity varies by service ranging from 1 per lifetime to unlimited.),CMS,,,
H1889-005-000,UHC,UHC Dual Complete NC-Q1,2026,Dental - endodontics,$0 (Periodicity varies by service ranging from 1 per lifetime to unlimited.),CMS,,,
H1889-005-000,UHC,UHC Dual Complete NC-Q1,2026,Dental - periodontics,$0 (Periodicity varies by service ranging from 1 per lifetime to 4 per year.),CMS,,,
H1889-005-000,UHC,UHC Dual Complete NC-Q1,2026,Dental - extractions,$0 (Periodicity varies by service ranging from 1 per lifetime to 2 per year.),CMS,,,
H1889-005-000,UHC,UHC Dual Complete NC-Q1,2026,Dental - prosthodontics,$0 (Periodicity varies by service ranging from 1 per floating 60 months to unlimited.),CMS,,,
H1889-005-000,UHC,UHC Dual Complete NC-Q1,2026,Dental - other comprehensive,$0 (Periodicity varies by service ranging from 1 per lifetime to unlimited.),CMS,,,
H1889-005-000,UHC,UHC Dual Complete NC-Q1,2026,Vision - routine eye exam,$0 (1 per year),CMS,,,
H1889-005-000,UHC,UHC Dual Complete NC-Q1,2026,Vision - eyeglasses,$0 (1 per year),CMS,,,
H1889-005-000,UHC,UHC Dual Complete NC-Q1,2027,Vision - eyeglasses,Routine exam $0; $150/year,FL,,,
H1889-005-000,UHC,UHC Dual Complete NC-Q1,2026,Vision - contact lenses,$0 (1 per year),CMS,,,
H1889-005-000,UHC,UHC Dual Complete NC-Q1,2026,Vision - eyewear (post-cataract),$0,CMS,,,
H1889-005-000,UHC,UHC Dual Complete NC-Q1,2026,Hearing - routine exam,$0 (1 per year),CMS,,,
H1889-005-000,UHC,UHC Dual Complete NC-Q1,2026,Hearing aids,$0 (2 per quarter),CMS,,,
H1889-005-000,UHC,UHC Dual Complete NC-Q1,2027,Hearing aids,"$1,500 allowance for 2 hearing aids every 2 years",FL,,,
H1889-005-000,UHC,UHC Dual Complete NC-Q1,2026,Hearing aids (other),$0 (2 per quarter),CMS,,,
H1889-005-000,UHC,UHC Dual Complete NC-Q1,2026,OTC allowance,$0,CMS,,,
H1889-005-000,UHC,UHC Dual Complete NC-Q1,2027,OTC allowance,$190/month OTC & wellness; healthy food/utilities for qualifying members,FL,,,
H1889-005-000,UHC,UHC Dual Complete NC-Q1,2026,Meals,$0,CMS,,,
H1889-005-000,UHC,UHC Dual Complete NC-Q1,2027,Fitness,Free gym membership with core network,FL,,,
H1889-005-000,UHC,UHC Dual Complete NC-Q1,2027,Key notes,Transportation: 24 one-way trips; $0 INN / 75% OON; combined INN/OON,FL,,,
H1889-034-000,UHC,UHC Dual Complete NC-S2,2026,Premium,$36.20,CMS,,,
H1889-034-000,UHC,UHC Dual Complete NC-S2,2027,Medical deductible,$0 combined INN/OON,FL,,,
H1889-034-000,UHC,UHC Dual Complete NC-S2,2026,Max out-of-pocket,"$9,250.00",CMS,,,
H1889-034-000,UHC,UHC Dual Complete NC-S2,2027,Max out-of-pocket,$0,FL,,,
H1889-034-000,UHC,UHC Dual Complete NC-S2,2026,PCP,0% - 20%,CMS,,,
H1889-034-000,UHC,UHC Dual Complete NC-S2,2027,PCP,$0,FL,,,
H1889-034-000,UHC,UHC Dual Complete NC-S2,2026,Specialist,0% - 20%,CMS,,,
H1889-034-000,UHC,UHC Dual Complete NC-S2,2027,Specialist,$0; no referral required,FL,,,
H1889-034-000,UHC,UHC Dual Complete NC-S2,2026,Telehealth,$0,CMS,,,
H1889-034-000,UHC,UHC Dual Complete NC-S2,2026,Chiropractic,20%,CMS,,,
H1889-034-000,UHC,UHC Dual Complete NC-S2,2026,Podiatry,20%,CMS,,,
H1889-034-000,UHC,UHC Dual Complete NC-S2,2026,Other professional,$0,CMS,,,
H1889-034-000,UHC,UHC Dual Complete NC-S2,2027,Inpatient hospital,$0 per stay; unlimited days,FL,,,
H1889-034-000,UHC,UHC Dual Complete NC-S2,2026,Home health,$55,CMS,,,
H1889-034-000,UHC,UHC Dual Complete NC-S2,2026,Hospice,$0,CMS,,,
H1889-034-000,UHC,UHC Dual Complete NC-S2,2026,Outpatient hospital,20%,CMS,,,
H1889-034-000,UHC,UHC Dual Complete NC-S2,2027,Outpatient hospital,$0,FL,,,
H1889-034-000,UHC,UHC Dual Complete NC-S2,2026,Outpatient surgery (ASC),0% - 20%,CMS,,,
H1889-034-000,UHC,UHC Dual Complete NC-S2,2027,Outpatient surgery (ASC),$0,FL,,,
H1889-034-000,UHC,UHC Dual Complete NC-S2,2026,Outpatient surgery (hospital),20%,CMS,,,
H1889-034-000,UHC,UHC Dual Complete NC-S2,2026,Observation services,$0,CMS,,,
H1889-034-000,UHC,UHC Dual Complete NC-S2,2026,Emergency room,$115,CMS,,,
H1889-034-000,UHC,UHC Dual Complete NC-S2,2027,Emergency room,$0,FL,,,
H1889-034-000,UHC,UHC Dual Complete NC-S2,2026,Urgent care,$0 - $40,CMS,,,
H1889-034-000,UHC,UHC Dual Complete NC-S2,2027,Urgent care,$0,FL,,,
H1889-034-000,UHC,UHC Dual Complete NC-S2,2026,Ambulance (ground),0% - 20%,CMS,,,
H1889-034-000,UHC,UHC Dual Complete NC-S2,2027,Ambulance (ground),$0 ground/air,FL,,,
H1889-034-000,UHC,UHC Dual Complete NC-S2,2026,Ambulance (air),20%,CMS,,,
H1889-034-000,UHC,UHC Dual Complete NC-S2,2026,Transportation,0% - 20%,CMS,,,
H1889-034-000,UHC,UHC Dual Complete NC-S2,2026,Lab services,20%,CMS,,,
H1889-034-000,UHC,UHC Dual Complete NC-S2,2027,Lab services,$0,FL,,,
H1889-034-000,UHC,UHC Dual Complete NC-S2,2026,Diagnostic radiology,20%,CMS,,,
H1889-034-000,UHC,UHC Dual Complete NC-S2,2027,Diagnostic radiology,$0,FL,,,
H1889-034-000,UHC,UHC Dual Complete NC-S2,2027,X-ray,$0,FL,,,
H1889-034-000,UHC,UHC Dual Complete NC-S2,2026,Renal dialysis,20%,CMS,,,
H1889-034-000,UHC,UHC Dual Complete NC-S2,2026,Durable medical equipment,20%,CMS,,,
H1889-034-000,UHC,UHC Dual Complete NC-S2,2026,Prosthetics,20%,CMS,,,
H1889-034-000,UHC,UHC Dual Complete NC-S2,2026,Diabetic supplies,$0,CMS,,,
H1889-034-000,UHC,UHC Dual Complete NC-S2,2026,Physical therapy,0% - 20%,CMS,,,
H1889-034-000,UHC,UHC Dual Complete NC-S2,2026,Occupational therapy,20%,CMS,,,
H1889-034-000,UHC,UHC Dual Complete NC-S2,2026,Cardiac rehab,20%,CMS,,,
H1889-034-000,UHC,UHC Dual Complete NC-S2,2026,Pulmonary rehab,20%,CMS,,,
H1889-034-000,UHC,UHC Dual Complete NC-S2,2026,Mental health (individual),0% - 20%,CMS,,,
H1889-034-000,UHC,UHC Dual Complete NC-S2,2026,Mental health (group),20%,CMS,,,
H1889-034-000,UHC,UHC Dual Complete NC-S2,2026,Substance abuse (individual),0% - 20%,CMS,,,
H1889-034-000,UHC,UHC Dual Complete NC-S2,2026,Partial hospitalization,0% - 20%,CMS,,,
H1889-034-000,UHC,UHC Dual Complete NC-S2,2026,Annual physical exam,0% - 40%,CMS,,,
H1889-034-000,UHC,UHC Dual Complete NC-S2,2026,Preventive services,$0,CMS,,,
H1889-034-000,UHC,UHC Dual Complete NC-S2,2026,Wellness programs,$0,CMS,,,
H1889-034-000,UHC,UHC Dual Complete NC-S2,2026,Rx deductible,$615 (tiers 1 exempt),CMS,,,
H1889-034-000,UHC,UHC Dual Complete NC-S2,2027,Rx deductible,$0 T1-2; $700 T3-5; $0 with LIS,FL,,,
H1889-034-000,UHC,UHC Dual Complete NC-S2,2027,Rx retail (30-day),$0 T1; other drugs vary by LIS,FL,,,
H1889-034-000,UHC,UHC Dual Complete NC-S2,2027,Rx mail (100-day),$0 T1; other drugs vary by LIS,FL,,,
H1889-034-000,UHC,UHC Dual Complete NC-S2,2027,Dental - allowance,Covered under Medicaid,FL,,,
H1889-034-000,UHC,UHC Dual Complete NC-S2,2026,Dental - preventive,20%,CMS,,,
H1889-034-000,UHC,UHC Dual Complete NC-S2,2026,Vision - routine eye exam,$0 (1 per year),CMS,,,
H1889-034-000,UHC,UHC Dual Complete NC-S2,2026,Vision - eyeglasses,$0 (1 per year),CMS,,,
H1889-034-000,UHC,UHC Dual Complete NC-S2,2027,Vision - eyeglasses,Routine exam $0; $150/year,FL,,,
H1889-034-000,UHC,UHC Dual Complete NC-S2,2026,Vision - contact lenses,$0 (1 per year),CMS,,,
H1889-034-000,UHC,UHC Dual Complete NC-S2,2026,Vision - eyewear (post-cataract),$0,CMS,,,
H1889-034-000,UHC,UHC Dual Complete NC-S2,2026,Hearing - routine exam,$0 (1 per year),CMS,,,
H1889-034-000,UHC,UHC Dual Complete NC-S2,2026,Hearing aids,$0 (2 per quarter),CMS,,,
H1889-034-000,UHC,UHC Dual Complete NC-S2,2027,Hearing aids,"$1,500 allowance for 2 hearing aids every 2 years",FL,,,
H1889-034-000,UHC,UHC Dual Complete NC-S2,2026,Hearing aids (other),$0 (2 per quarter),CMS,,,
H1889-034-000,UHC,UHC Dual Complete NC-S2,2026,OTC allowance,$0,CMS,,,
H1889-034-000,UHC,UHC Dual Complete NC-S2,2027,OTC allowance,$210/month OTC & wellness; healthy food/utilities for qualifying members,FL,,,
H1889-034-000,UHC,UHC Dual Complete NC-S2,2026,Meals,$0,CMS,,,
H1889-034-000,UHC,UHC Dual Complete NC-S2,2027,Fitness,Free gym membership with core network,FL,,,
H1889-034-000,UHC,UHC Dual Complete NC-S2,2027,Key notes,Transportation: 36 one-way trips; $0 INN / 75% OON; combined INN/OON,FL,,,
H2406-034-000,UHC,AARP Medicare Advantage from UHC NC-0016,2026,Premium,$53.00,CMS,,,
H2406-034-000,UHC,AARP Medicare Advantage from UHC NC-0016,2027,Medical deductible,"$1,000 OON only",FL,,,
H2406-034-000,UHC,AARP Medicare Advantage from UHC NC-0016,2026,Max out-of-pocket,"$4,200.00",CMS,,,
H2406-034-000,UHC,AARP Medicare Advantage from UHC NC-0016,2027,Max out-of-pocket,"$4,450",FL,,,
H2406-034-000,UHC,AARP Medicare Advantage from UHC NC-0016,2026,PCP,$0,CMS,,,
H2406-034-000,UHC,AARP Medicare Advantage from UHC NC-0016,2027,PCP,$0,FL,,,
H2406-034-000,UHC,AARP Medicare Advantage from UHC NC-0016,2026,Specialist,$0 - $40,CMS,,,
H2406-034-000,UHC,AARP Medicare Advantage from UHC NC-0016,2027,Specialist,$45; no referral required,FL,,,
H2406-034-000,UHC,AARP Medicare Advantage from UHC NC-0016,2026,Telehealth,$0,CMS,,,
H2406-034-000,UHC,AARP Medicare Advantage from UHC NC-0016,2026,Chiropractic,$20,CMS,,,
H2406-034-000,UHC,AARP Medicare Advantage from UHC NC-0016,2026,Podiatry,$20,CMS,,,
H2406-034-000,UHC,AARP Medicare Advantage from UHC NC-0016,2026,Other professional,$0,CMS,,,
H2406-034-000,UHC,AARP Medicare Advantage from UHC NC-0016,2026,Inpatient hospital,$395 days 1-6 / $0 days 7-90,CMS,,,
H2406-034-000,UHC,AARP Medicare Advantage from UHC NC-0016,2027,Inpatient hospital,$495 days 1-5; $0 thereafter,FL,,,
H2406-034-000,UHC,AARP Medicare Advantage from UHC NC-0016,2026,Inpatient psychiatric,$395 days 1-6 / $0 days 7-90,CMS,,,
H2406-034-000,UHC,AARP Medicare Advantage from UHC NC-0016,2026,Skilled nursing facility,$250 days 1-100 / $0 days 1-20,CMS,,,
H2406-034-000,UHC,AARP Medicare Advantage from UHC NC-0016,2026,Home health,$55,CMS,,,
H2406-034-000,UHC,AARP Medicare Advantage from UHC NC-0016,2026,Hospice,$0,CMS,,,
H2406-034-000,UHC,AARP Medicare Advantage from UHC NC-0016,2026,Outpatient hospital,$5,CMS,,,
H2406-034-000,UHC,AARP Medicare Advantage from UHC NC-0016,2027,Outpatient hospital,$495,FL,,,
H2406-034-000,UHC,AARP Medicare Advantage from UHC NC-0016,2026,Outpatient surgery (ASC),$0 - $250,CMS,,,
H2406-034-000,UHC,AARP Medicare Advantage from UHC NC-0016,2027,Outpatient surgery (ASC),$395,FL,,,
H2406-034-000,UHC,AARP Medicare Advantage from UHC NC-0016,2026,Outpatient surgery (hospital),$40,CMS,,,
H2406-034-000,UHC,AARP Medicare Advantage from UHC NC-0016,2026,Observation services,$0,CMS,,,
H2406-034-000,UHC,AARP Medicare Advantage from UHC NC-0016,2026,Emergency room,$150,CMS,,,
H2406-034-000,UHC,AARP Medicare Advantage from UHC NC-0016,2027,Emergency room,$150,FL,,,
H2406-034-000,UHC,AARP Medicare Advantage from UHC NC-0016,2026,Urgent care,$0 - $65,CMS,,,
H2406-034-000,UHC,AARP Medicare Advantage from UHC NC-0016,2027,Urgent care,$65,FL,,,
H2406-034-000,UHC,AARP Medicare Advantage from UHC NC-0016,2026,Ambulance (ground),$0 - $395,CMS,,,
H2406-034-000,UHC,AARP Medicare Advantage from UHC NC-0016,2027,Ambulance (ground),$275 ground/air,FL,,,
H2406-034-000,UHC,AARP Medicare Advantage from UHC NC-0016,2026,Ambulance (air),$395,CMS,,,
H2406-034-000,UHC,AARP Medicare Advantage from UHC NC-0016,2026,Transportation,$0 - $295,CMS,,,
H2406-034-000,UHC,AARP Medicare Advantage from UHC NC-0016,2026,Lab services,$250,CMS,,,
H2406-034-000,UHC,AARP Medicare Advantage from UHC NC-0016,2027,Lab services,$0,FL,,,
H2406-034-000,UHC,AARP Medicare Advantage from UHC NC-0016,2026,Diagnostic radiology,$250,CMS,,,
H2406-034-000,UHC,AARP Medicare Advantage from UHC NC-0016,2027,Diagnostic radiology,$320; mammograms $0,FL,,,
H2406-034-000,UHC,AARP Medicare Advantage from UHC NC-0016,2027,X-ray,$5,FL,,,
H2406-034-000,UHC,AARP Medicare Advantage from UHC NC-0016,2026,Renal dialysis,20%,CMS,,,
H2406-034-000,UHC,AARP Medicare Advantage from UHC NC-0016,2026,Durable medical equipment,20%,CMS,,,
H2406-034-000,UHC,AARP Medicare Advantage from UHC NC-0016,2026,Prosthetics,20%,CMS,,,
H2406-034-000,UHC,AARP Medicare Advantage from UHC NC-0016,2026,Diabetic supplies,$0,CMS,,,
H2406-034-000,UHC,AARP Medicare Advantage from UHC NC-0016,2026,Physical therapy,$0 - $40,CMS,,,
H2406-034-000,UHC,AARP Medicare Advantage from UHC NC-0016,2026,Occupational therapy,$20,CMS,,,
H2406-034-000,UHC,AARP Medicare Advantage from UHC NC-0016,2026,Cardiac rehab,$0,CMS,,,
H2406-034-000,UHC,AARP Medicare Advantage from UHC NC-0016,2026,Pulmonary rehab,$15,CMS,,,
H2406-034-000,UHC,AARP Medicare Advantage from UHC NC-0016,2026,Mental health (individual),$0 - $25,CMS,,,
H2406-034-000,UHC,AARP Medicare Advantage from UHC NC-0016,2026,Mental health (group),$15,CMS,,,
H2406-034-000,UHC,AARP Medicare Advantage from UHC NC-0016,2026,Substance abuse (individual),$0 - $25,CMS,,,
H2406-034-000,UHC,AARP Medicare Advantage from UHC NC-0016,2026,Partial hospitalization,$0 - $25,CMS,,,
H2406-034-000,UHC,AARP Medicare Advantage from UHC NC-0016,2026,Annual physical exam,0% - 40%,CMS,,,
H2406-034-000,UHC,AARP Medicare Advantage from UHC NC-0016,2026,Preventive services,$0,CMS,,,
H2406-034-000,UHC,AARP Medicare Advantage from UHC NC-0016,2026,Wellness programs,$0,CMS,,,
H2406-034-000,UHC,AARP Medicare Advantage from UHC NC-0016,2026,Rx deductible,"$520 (tiers 1,2 exempt)",CMS,,,
H2406-034-000,UHC,AARP Medicare Advantage from UHC NC-0016,2027,Rx deductible,$0 T1-2; $595 T3-5,FL,,,
H2406-034-000,UHC,AARP Medicare Advantage from UHC NC-0016,2027,Rx retail (30-day),$0 / $6 / 22% / 27% / 27%; insulin $35,FL,,,
H2406-034-000,UHC,AARP Medicare Advantage from UHC NC-0016,2027,Rx mail (100-day),$0 / $0 / 22%; insulin $105,FL,,,
H2406-034-000,UHC,AARP Medicare Advantage from UHC NC-0016,2026,Dental - allowance,"$2,500 per year",CMS,,,
H2406-034-000,UHC,AARP Medicare Advantage from UHC NC-0016,2027,Dental - allowance,"$2,000 toward covered services; preventive $0; comprehensive 50%",FL,,,
H2406-034-000,UHC,AARP Medicare Advantage from UHC NC-0016,2026,Dental - preventive,20%,CMS,,,
H2406-034-000,UHC,AARP Medicare Advantage from UHC NC-0016,2026,Dental - oral exam,$0 (Periodicity varies by service ranging from 2 every year to 1 every 3 years.),CMS,,,
H2406-034-000,UHC,AARP Medicare Advantage from UHC NC-0016,2026,Dental - cleaning,$0 (Periodicity varies by service ranging from 1 per 60 floating months to 8 every year.),CMS,,,
H2406-034-000,UHC,AARP Medicare Advantage from UHC NC-0016,2026,Dental - X-ray,$0,CMS,,,
H2406-034-000,UHC,AARP Medicare Advantage from UHC NC-0016,2026,Dental - fluoride,$0 (2 per year),CMS,,,
H2406-034-000,UHC,AARP Medicare Advantage from UHC NC-0016,2026,Dental - other preventive,$0,CMS,,,
H2406-034-000,UHC,AARP Medicare Advantage from UHC NC-0016,2026,Dental - restorative,50% (Periodicity varies by service ranging from 1 per lifetime to unlimited.),CMS,,,
H2406-034-000,UHC,AARP Medicare Advantage from UHC NC-0016,2026,Dental - endodontics,50% (Periodicity varies by service ranging from 1 per lifetime to unlimited.),CMS,,,
H2406-034-000,UHC,AARP Medicare Advantage from UHC NC-0016,2026,Dental - periodontics,50% (Periodicity varies by service ranging from 1 per lifetime to 4 per year.),CMS,,,
H2406-034-000,UHC,AARP Medicare Advantage from UHC NC-0016,2026,Dental - extractions,50% (Periodicity varies by service ranging from 1 per lifetime to 2 per year.),CMS,,,
H2406-034-000,UHC,AARP Medicare Advantage from UHC NC-0016,2026,Dental - prosthodontics,50% (Periodicity varies by service ranging from 1 per floating 60 months to unlimited.),CMS,,,
H2406-034-000,UHC,AARP Medicare Advantage from UHC NC-0016,2026,Dental - other comprehensive,50% (Periodicity varies by service ranging from 1 per lifetime to unlimited.),CMS,,,
H2406-034-000,UHC,AARP Medicare Advantage from UHC NC-0016,2026,Vision - routine eye exam,$0 (1 per year),CMS,,,
H2406-034-000,UHC,AARP Medicare Advantage from UHC NC-0016,2026,Vision - eyeglasses,$0 - $153 (1 per quarter),CMS,,,
H2406-034-000,UHC,AARP Medicare Advantage from UHC NC-0016,2027,Vision - eyeglasses,Routine exam $0; $200 every 2 years,FL,,,
H2406-034-000,UHC,AARP Medicare Advantage from UHC NC-0016,2026,Vision - contact lenses,$0 (1 per quarter),CMS,,,
H2406-034-000,UHC,AARP Medicare Advantage from UHC NC-0016,2026,Vision - eyewear (post-cataract),$0,CMS,,,
H2406-034-000,UHC,AARP Medicare Advantage from UHC NC-0016,2026,Hearing - routine exam,$0 (1 per year),CMS,,,
H2406-034-000,UHC,AARP Medicare Advantage from UHC NC-0016,2026,Hearing aids,"$199 - $1,249 (2 per year)",CMS,,,
H2406-034-000,UHC,AARP Medicare Advantage from UHC NC-0016,2027,Hearing aids,$700 allowance for 2 hearing aids/year,FL,,,
H2406-034-000,UHC,AARP Medicare Advantage from UHC NC-0016,2026,Hearing aids (other),$199 - $829 (2 per year),CMS,,,
H2406-034-000,UHC,AARP Medicare Advantage from UHC NC-0016,2027,OTC allowance,Not covered,FL,,,
H2406-034-000,UHC,AARP Medicare Advantage from UHC NC-0016,2026,Meals,$0,CMS,,,
H2406-034-000,UHC,AARP Medicare Advantage from UHC NC-0016,2027,Fitness,Not covered,FL,,,
H2406-034-000,UHC,AARP Medicare Advantage from UHC NC-0016,2027,Key notes,Not covered,FL,,,
H2406-098-000,UHC,AARP Medicare Advantage from UHC NC-0017,2026,Premium,$0.00,CMS,,,
H2406-098-000,UHC,AARP Medicare Advantage from UHC NC-0017,2027,Medical deductible,"$1,000 OON only",FL,,,
H2406-098-000,UHC,AARP Medicare Advantage from UHC NC-0017,2026,Max out-of-pocket,"$6,200.00",CMS,,,
H2406-098-000,UHC,AARP Medicare Advantage from UHC NC-0017,2027,Max out-of-pocket,"$7,150",FL,,,
H2406-098-000,UHC,AARP Medicare Advantage from UHC NC-0017,2026,PCP,$0,CMS,,,
H2406-098-000,UHC,AARP Medicare Advantage from UHC NC-0017,2027,PCP,$0,FL,,,
H2406-098-000,UHC,AARP Medicare Advantage from UHC NC-0017,2026,Specialist,$0 - $45,CMS,,,
H2406-098-000,UHC,AARP Medicare Advantage from UHC NC-0017,2027,Specialist,$60; no referral required,FL,,,
H2406-098-000,UHC,AARP Medicare Advantage from UHC NC-0017,2026,Telehealth,$0,CMS,,,
H2406-098-000,UHC,AARP Medicare Advantage from UHC NC-0017,2026,Chiropractic,$15,CMS,,,
H2406-098-000,UHC,AARP Medicare Advantage from UHC NC-0017,2026,Podiatry,$35,CMS,,,
H2406-098-000,UHC,AARP Medicare Advantage from UHC NC-0017,2026,Other professional,$0,CMS,,,
H2406-098-000,UHC,AARP Medicare Advantage from UHC NC-0017,2026,Inpatient hospital,$550 days 1-5 / $0 days 6-90,CMS,,,
H2406-098-000,UHC,AARP Medicare Advantage from UHC NC-0017,2027,Inpatient hospital,$685 days 1-4; $0 thereafter,FL,,,
H2406-098-000,UHC,AARP Medicare Advantage from UHC NC-0017,2026,Inpatient psychiatric,$550 days 1-4 / $0 days 5-90,CMS,,,
H2406-098-000,UHC,AARP Medicare Advantage from UHC NC-0017,2026,Skilled nursing facility,$250 days 1-100 / $0 days 1-20,CMS,,,
H2406-098-000,UHC,AARP Medicare Advantage from UHC NC-0017,2026,Home health,$55,CMS,,,
H2406-098-000,UHC,AARP Medicare Advantage from UHC NC-0017,2026,Hospice,$0,CMS,,,
H2406-098-000,UHC,AARP Medicare Advantage from UHC NC-0017,2026,Outpatient hospital,$50,CMS,,,
H2406-098-000,UHC,AARP Medicare Advantage from UHC NC-0017,2027,Outpatient hospital,$685,FL,,,
H2406-098-000,UHC,AARP Medicare Advantage from UHC NC-0017,2026,Outpatient surgery (ASC),$0 - $190,CMS,,,
H2406-098-000,UHC,AARP Medicare Advantage from UHC NC-0017,2027,Outpatient surgery (ASC),$585,FL,,,
H2406-098-000,UHC,AARP Medicare Advantage from UHC NC-0017,2026,Outpatient surgery (hospital),20%,CMS,,,
H2406-098-000,UHC,AARP Medicare Advantage from UHC NC-0017,2026,Observation services,$0,CMS,,,
H2406-098-000,UHC,AARP Medicare Advantage from UHC NC-0017,2026,Emergency room,$130,CMS,,,
H2406-098-000,UHC,AARP Medicare Advantage from UHC NC-0017,2027,Emergency room,$130,FL,,,
H2406-098-000,UHC,AARP Medicare Advantage from UHC NC-0017,2026,Urgent care,$0 - $50,CMS,,,
H2406-098-000,UHC,AARP Medicare Advantage from UHC NC-0017,2027,Urgent care,$50,FL,,,
H2406-098-000,UHC,AARP Medicare Advantage from UHC NC-0017,2026,Ambulance (ground),$0 - $550,CMS,,,
H2406-098-000,UHC,AARP Medicare Advantage from UHC NC-0017,2027,Ambulance (ground),$370 ground/air,FL,,,
H2406-098-000,UHC,AARP Medicare Advantage from UHC NC-0017,2026,Ambulance (air),$550,CMS,,,
H2406-098-000,UHC,AARP Medicare Advantage from UHC NC-0017,2026,Transportation,$0 - $450,CMS,,,
H2406-098-000,UHC,AARP Medicare Advantage from UHC NC-0017,2026,Lab services,$275,CMS,,,
H2406-098-000,UHC,AARP Medicare Advantage from UHC NC-0017,2027,Lab services,$0,FL,,,
H2406-098-000,UHC,AARP Medicare Advantage from UHC NC-0017,2026,Diagnostic radiology,$275,CMS,,,
H2406-098-000,UHC,AARP Medicare Advantage from UHC NC-0017,2027,Diagnostic radiology,$320; mammograms $0,FL,,,
H2406-098-000,UHC,AARP Medicare Advantage from UHC NC-0017,2027,X-ray,$30,FL,,,
H2406-098-000,UHC,AARP Medicare Advantage from UHC NC-0017,2026,Renal dialysis,20%,CMS,,,
H2406-098-000,UHC,AARP Medicare Advantage from UHC NC-0017,2026,Durable medical equipment,20%,CMS,,,
H2406-098-000,UHC,AARP Medicare Advantage from UHC NC-0017,2026,Prosthetics,20%,CMS,,,
H2406-098-000,UHC,AARP Medicare Advantage from UHC NC-0017,2026,Diabetic supplies,$0,CMS,,,
H2406-098-000,UHC,AARP Medicare Advantage from UHC NC-0017,2026,Physical therapy,$0 - $45,CMS,,,
H2406-098-000,UHC,AARP Medicare Advantage from UHC NC-0017,2026,Occupational therapy,$35,CMS,,,
H2406-098-000,UHC,AARP Medicare Advantage from UHC NC-0017,2026,Cardiac rehab,$0,CMS,,,
H2406-098-000,UHC,AARP Medicare Advantage from UHC NC-0017,2026,Pulmonary rehab,$15,CMS,,,
H2406-098-000,UHC,AARP Medicare Advantage from UHC NC-0017,2026,Mental health (individual),$0 - $25,CMS,,,
H2406-098-000,UHC,AARP Medicare Advantage from UHC NC-0017,2026,Mental health (group),$15,CMS,,,
H2406-098-000,UHC,AARP Medicare Advantage from UHC NC-0017,2026,Substance abuse (individual),$0 - $25,CMS,,,
H2406-098-000,UHC,AARP Medicare Advantage from UHC NC-0017,2026,Partial hospitalization,$0 - $25,CMS,,,
H2406-098-000,UHC,AARP Medicare Advantage from UHC NC-0017,2026,Annual physical exam,0% - 40%,CMS,,,
H2406-098-000,UHC,AARP Medicare Advantage from UHC NC-0017,2026,Preventive services,$0,CMS,,,
H2406-098-000,UHC,AARP Medicare Advantage from UHC NC-0017,2026,Wellness programs,$0,CMS,,,
H2406-098-000,UHC,AARP Medicare Advantage from UHC NC-0017,2026,Rx deductible,"$600 (tiers 1,2 exempt)",CMS,,,
H2406-098-000,UHC,AARP Medicare Advantage from UHC NC-0017,2027,Rx deductible,$0 T1-2; $685 T3-5,FL,,,
H2406-098-000,UHC,AARP Medicare Advantage from UHC NC-0017,2027,Rx retail (30-day),$0 / $8 / 20% / 27% / 26%; insulin $35,FL,,,
H2406-098-000,UHC,AARP Medicare Advantage from UHC NC-0017,2027,Rx mail (100-day),$0 / $0 / 20%; insulin $105,FL,,,
H2406-098-000,UHC,AARP Medicare Advantage from UHC NC-0017,2027,Dental - allowance,Preventive dental $0; Platinum Dental Rider available,FL,,,
H2406-098-000,UHC,AARP Medicare Advantage from UHC NC-0017,2026,Dental - preventive,20%,CMS,,,
H2406-098-000,UHC,AARP Medicare Advantage from UHC NC-0017,2026,Dental - oral exam,$0 (2 per year),CMS,,,
H2406-098-000,UHC,AARP Medicare Advantage from UHC NC-0017,2026,Dental - cleaning,$0,CMS,,,
H2406-098-000,UHC,AARP Medicare Advantage from UHC NC-0017,2026,Dental - fluoride,$0 (2 per year),CMS,,,
H2406-098-000,UHC,AARP Medicare Advantage from UHC NC-0017,2026,Dental - other preventive,$0,CMS,,,
H2406-098-000,UHC,AARP Medicare Advantage from UHC NC-0017,2026,Vision - routine eye exam,$0 (1 per year),CMS,,,
H2406-098-000,UHC,AARP Medicare Advantage from UHC NC-0017,2026,Vision - eyeglasses,$0 - $153 (1 per quarter),CMS,,,
H2406-098-000,UHC,AARP Medicare Advantage from UHC NC-0017,2027,Vision - eyeglasses,Routine exam $0; $200 every 2 years,FL,,,
H2406-098-000,UHC,AARP Medicare Advantage from UHC NC-0017,2026,Vision - contact lenses,$0 (1 per quarter),CMS,,,
H2406-098-000,UHC,AARP Medicare Advantage from UHC NC-0017,2026,Vision - eyewear (post-cataract),$0,CMS,,,
H2406-098-000,UHC,AARP Medicare Advantage from UHC NC-0017,2026,Hearing - routine exam,$0 (1 per year),CMS,,,
H2406-098-000,UHC,AARP Medicare Advantage from UHC NC-0017,2026,Hearing aids,"$199 - $1,249 (2 per year)",CMS,,,
H2406-098-000,UHC,AARP Medicare Advantage from UHC NC-0017,2027,Hearing aids,$700 allowance for 2 hearing aids/year,FL,,,
H2406-098-000,UHC,AARP Medicare Advantage from UHC NC-0017,2026,Hearing aids (other),$199 - $829 (2 per year),CMS,,,
H2406-098-000,UHC,AARP Medicare Advantage from UHC NC-0017,2027,OTC allowance,Not covered,FL,,,
H2406-098-000,UHC,AARP Medicare Advantage from UHC NC-0017,2026,Meals,$0,CMS,,,
H2406-098-000,UHC,AARP Medicare Advantage from UHC NC-0017,2027,Fitness,Free gym membership with core network,FL,,,
H2406-098-000,UHC,AARP Medicare Advantage from UHC NC-0017,2027,Key notes,Not covered,FL,,,
H5253-037-000,UHC,AARP Medicare Advantage from UHC NC-0021,2026,Premium,$37.00,CMS,,,
H5253-037-000,UHC,AARP Medicare Advantage from UHC NC-0021,2027,Medical deductible,$0 combined INN/OON,FL,,,
H5253-037-000,UHC,AARP Medicare Advantage from UHC NC-0021,2026,Max out-of-pocket,"$4,200",CMS,,,
H5253-037-000,UHC,AARP Medicare Advantage from UHC NC-0021,2027,Max out-of-pocket,"$4,900",FL,,,
H5253-037-000,UHC,AARP Medicare Advantage from UHC NC-0021,2026,PCP,$0,CMS,,,
H5253-037-000,UHC,AARP Medicare Advantage from UHC NC-0021,2027,PCP,$0,FL,,,
H5253-037-000,UHC,AARP Medicare Advantage from UHC NC-0021,2026,Specialist,$0 - $25,CMS,,,
H5253-037-000,UHC,AARP Medicare Advantage from UHC NC-0021,2027,Specialist,$30; referral required,FL,,,
H5253-037-000,UHC,AARP Medicare Advantage from UHC NC-0021,2026,Telehealth,$0,CMS,,,
H5253-037-000,UHC,AARP Medicare Advantage from UHC NC-0021,2026,Chiropractic,$20,CMS,,,
H5253-037-000,UHC,AARP Medicare Advantage from UHC NC-0021,2026,Podiatry,$20,CMS,,,
H5253-037-000,UHC,AARP Medicare Advantage from UHC NC-0021,2026,Other professional,$0,CMS,,,
H5253-037-000,UHC,AARP Medicare Advantage from UHC NC-0021,2026,Inpatient hospital,$395 days 1-6 / $0 days 7-90,CMS,,,
H5253-037-000,UHC,AARP Medicare Advantage from UHC NC-0021,2027,Inpatient hospital,$425 days 1-6; $0 thereafter,FL,,,
H5253-037-000,UHC,AARP Medicare Advantage from UHC NC-0021,2026,Inpatient psychiatric,$395 days 1-6 / $0 days 7-90,CMS,,,
H5253-037-000,UHC,AARP Medicare Advantage from UHC NC-0021,2026,Skilled nursing facility,$0 days 1-20 / $218 days 21-100,CMS,,,
H5253-037-000,UHC,AARP Medicare Advantage from UHC NC-0021,2026,Home health,$55,CMS,,,
H5253-037-000,UHC,AARP Medicare Advantage from UHC NC-0021,2026,Hospice,$0,CMS,,,
H5253-037-000,UHC,AARP Medicare Advantage from UHC NC-0021,2026,Outpatient hospital,$50,CMS,,,
H5253-037-000,UHC,AARP Medicare Advantage from UHC NC-0021,2027,Outpatient hospital,$425,FL,,,
H5253-037-000,UHC,AARP Medicare Advantage from UHC NC-0021,2026,Outpatient surgery (ASC),$0 - $250,CMS,,,
H5253-037-000,UHC,AARP Medicare Advantage from UHC NC-0021,2027,Outpatient surgery (ASC),$325,FL,,,
H5253-037-000,UHC,AARP Medicare Advantage from UHC NC-0021,2026,Outpatient surgery (hospital),20%,CMS,,,
H5253-037-000,UHC,AARP Medicare Advantage from UHC NC-0021,2026,Observation services,$0,CMS,,,
H5253-037-000,UHC,AARP Medicare Advantage from UHC NC-0021,2026,Emergency room,$150,CMS,,,
H5253-037-000,UHC,AARP Medicare Advantage from UHC NC-0021,2027,Emergency room,$130,FL,,,
H5253-037-000,UHC,AARP Medicare Advantage from UHC NC-0021,2026,Urgent care,$0 - $65,CMS,,,
H5253-037-000,UHC,AARP Medicare Advantage from UHC NC-0021,2027,Urgent care,$50,FL,,,
H5253-037-000,UHC,AARP Medicare Advantage from UHC NC-0021,2026,Ambulance (ground),$0 - $395,CMS,,,
H5253-037-000,UHC,AARP Medicare Advantage from UHC NC-0021,2027,Ambulance (ground),$275 ground/air,FL,,,
H5253-037-000,UHC,AARP Medicare Advantage from UHC NC-0021,2026,Ambulance (air),$395,CMS,,,
H5253-037-000,UHC,AARP Medicare Advantage from UHC NC-0021,2026,Transportation,$0 - $295,CMS,,,
H5253-037-000,UHC,AARP Medicare Advantage from UHC NC-0021,2026,Lab services,$275,CMS,,,
H5253-037-000,UHC,AARP Medicare Advantage from UHC NC-0021,2027,Lab services,$0,FL,,,
H5253-037-000,UHC,AARP Medicare Advantage from UHC NC-0021,2026,Diagnostic radiology,$275,CMS,,,
H5253-037-000,UHC,AARP Medicare Advantage from UHC NC-0021,2027,Diagnostic radiology,$320; mammograms $0,FL,,,
H5253-037-000,UHC,AARP Medicare Advantage from UHC NC-0021,2027,X-ray,$30,FL,,,
H5253-037-000,UHC,AARP Medicare Advantage from UHC NC-0021,2026,Renal dialysis,20%,CMS,,,
H5253-037-000,UHC,AARP Medicare Advantage from UHC NC-0021,2026,Durable medical equipment,20%,CMS,,,
H5253-037-000,UHC,AARP Medicare Advantage from UHC NC-0021,2026,Prosthetics,20%,CMS,,,
H5253-037-000,UHC,AARP Medicare Advantage from UHC NC-0021,2026,Diabetic supplies,$0,CMS,,,
H5253-037-000,UHC,AARP Medicare Advantage from UHC NC-0021,2026,Physical therapy,$0 - $25,CMS,,,
H5253-037-000,UHC,AARP Medicare Advantage from UHC NC-0021,2026,Occupational therapy,$20,CMS,,,
H5253-037-000,UHC,AARP Medicare Advantage from UHC NC-0021,2026,Cardiac rehab,$0,CMS,,,
H5253-037-000,UHC,AARP Medicare Advantage from UHC NC-0021,2026,Pulmonary rehab,$15,CMS,,,
H5253-037-000,UHC,AARP Medicare Advantage from UHC NC-0021,2026,Mental health (individual),$0 - $25,CMS,,,
H5253-037-000,UHC,AARP Medicare Advantage from UHC NC-0021,2026,Mental health (group),$15,CMS,,,
H5253-037-000,UHC,AARP Medicare Advantage from UHC NC-0021,2026,Substance abuse (individual),$0 - $25,CMS,,,
H5253-037-000,UHC,AARP Medicare Advantage from UHC NC-0021,2026,Partial hospitalization,$0 - $25,CMS,,,
H5253-037-000,UHC,AARP Medicare Advantage from UHC NC-0021,2026,Preventive services,$0,CMS,,,
H5253-037-000,UHC,AARP Medicare Advantage from UHC NC-0021,2026,Wellness programs,$0,CMS,,,
H5253-037-000,UHC,AARP Medicare Advantage from UHC NC-0021,2026,Rx deductible,"$355 (tiers 1,2 exempt)",CMS,,,
H5253-037-000,UHC,AARP Medicare Advantage from UHC NC-0021,2027,Rx deductible,$0 T1-2; $595 T3-5,FL,,,
H5253-037-000,UHC,AARP Medicare Advantage from UHC NC-0021,2027,Rx retail (30-day),$0 / $0 / 22% / 29% / 27%; insulin $35,FL,,,
H5253-037-000,UHC,AARP Medicare Advantage from UHC NC-0021,2027,Rx mail (100-day),$0 / $0 / 22%; insulin $105,FL,,,
H5253-037-000,UHC,AARP Medicare Advantage from UHC NC-0021,2026,Dental - allowance,"$4,000 per year",CMS,,,
H5253-037-000,UHC,AARP Medicare Advantage from UHC NC-0021,2027,Dental - allowance,"$3,000 toward covered services; preventive $0; comprehensive 50%",FL,,,
H5253-037-000,UHC,AARP Medicare Advantage from UHC NC-0021,2026,Dental - preventive,20%,CMS,,,
H5253-037-000,UHC,AARP Medicare Advantage from UHC NC-0021,2026,Dental - oral exam,$0 (Periodicity varies by service ranging from 2 every year to 1 every 3 years.),CMS,,,
H5253-037-000,UHC,AARP Medicare Advantage from UHC NC-0021,2026,Dental - cleaning,$0 (Periodicity varies by service ranging from 1 per 60 floating months to 8 every year.),CMS,,,
H5253-037-000,UHC,AARP Medicare Advantage from UHC NC-0021,2026,Dental - X-ray,$0,CMS,,,
H5253-037-000,UHC,AARP Medicare Advantage from UHC NC-0021,2026,Dental - fluoride,$0 (2 per year),CMS,,,
H5253-037-000,UHC,AARP Medicare Advantage from UHC NC-0021,2026,Dental - other preventive,$0,CMS,,,
H5253-037-000,UHC,AARP Medicare Advantage from UHC NC-0021,2026,Dental - restorative,50% (Periodicity varies by service ranging from 1 per lifetime to unlimited.),CMS,,,
H5253-037-000,UHC,AARP Medicare Advantage from UHC NC-0021,2026,Dental - endodontics,50% (Periodicity varies by service ranging from 1 per lifetime to unlimited.),CMS,,,
H5253-037-000,UHC,AARP Medicare Advantage from UHC NC-0021,2026,Dental - periodontics,50% (Periodicity varies by service ranging from 1 per lifetime to 4 per year.),CMS,,,
H5253-037-000,UHC,AARP Medicare Advantage from UHC NC-0021,2026,Dental - extractions,50% (Periodicity varies by service ranging from 1 per lifetime to 2 per year.),CMS,,,
H5253-037-000,UHC,AARP Medicare Advantage from UHC NC-0021,2026,Dental - prosthodontics,50% (Periodicity varies by service ranging from 1 per floating 60 months to unlimited.),CMS,,,
H5253-037-000,UHC,AARP Medicare Advantage from UHC NC-0021,2026,Dental - other comprehensive,50% (Periodicity varies by service ranging from 1 per lifetime to unlimited.),CMS,,,
H5253-037-000,UHC,AARP Medicare Advantage from UHC NC-0021,2026,Vision - routine eye exam,$0 (1 per year),CMS,,,
H5253-037-000,UHC,AARP Medicare Advantage from UHC NC-0021,2026,Vision - eyeglasses,$0 - $153 (1 per quarter),CMS,,,
H5253-037-000,UHC,AARP Medicare Advantage from UHC NC-0021,2027,Vision - eyeglasses,Routine exam $0; $300 every 2 years,FL,,,
H5253-037-000,UHC,AARP Medicare Advantage from UHC NC-0021,2026,Vision - contact lenses,$0 (1 per quarter),CMS,,,
H5253-037-000,UHC,AARP Medicare Advantage from UHC NC-0021,2026,Vision - eyewear (post-cataract),$0,CMS,,,
H5253-037-000,UHC,AARP Medicare Advantage from UHC NC-0021,2026,Hearing - routine exam,$0 (1 per year),CMS,,,
H5253-037-000,UHC,AARP Medicare Advantage from UHC NC-0021,2026,Hearing aids,"$199 - $1,249 (2 per year)",CMS,,,
H5253-037-000,UHC,AARP Medicare Advantage from UHC NC-0021,2027,Hearing aids,$700 allowance for 2 hearing aids/year,FL,,,
H5253-037-000,UHC,AARP Medicare Advantage from UHC NC-0021,2026,Hearing aids (other),$199 - $829 (2 per year),CMS,,,
H5253-037-000,UHC,AARP Medicare Advantage from UHC NC-0021,2026,OTC allowance,$0,CMS,,,
H5253-037-000,UHC,AARP Medicare Advantage from UHC NC-0021,2027,OTC allowance,$50/quarter,FL,,,
H5253-037-000,UHC,AARP Medicare Advantage from UHC NC-0021,2026,Meals,$0,CMS,,,
H5253-037-000,UHC,AARP Medicare Advantage from UHC NC-0021,2027,Fitness,Free gym membership with core network,FL,,,
H5253-037-000,UHC,AARP Medicare Advantage from UHC NC-0021,2027,Key notes,"Post-discharge meals: 28 meals over 14 days, unlimited times/year",FL,,,
H5253-038-000,UHC,AARP Medicare Advantage from UHC NC-0022,2026,Premium,$0.00,CMS,,,
H5253-038-000,UHC,AARP Medicare Advantage from UHC NC-0022,2027,Medical deductible,$0 combined INN/OON,FL,,,
H5253-038-000,UHC,AARP Medicare Advantage from UHC NC-0022,2026,Max out-of-pocket,"$5,400",CMS,,,
H5253-038-000,UHC,AARP Medicare Advantage from UHC NC-0022,2027,Max out-of-pocket,"$5,900",FL,,,
H5253-038-000,UHC,AARP Medicare Advantage from UHC NC-0022,2026,PCP,$0,CMS,,,
H5253-038-000,UHC,AARP Medicare Advantage from UHC NC-0022,2027,PCP,$0,FL,,,
H5253-038-000,UHC,AARP Medicare Advantage from UHC NC-0022,2026,Specialist,$0 - $40,CMS,,,
H5253-038-000,UHC,AARP Medicare Advantage from UHC NC-0022,2027,Specialist,$45; referral required,FL,,,
H5253-038-000,UHC,AARP Medicare Advantage from UHC NC-0022,2026,Telehealth,$0,CMS,,,
H5253-038-000,UHC,AARP Medicare Advantage from UHC NC-0022,2026,Chiropractic,$15,CMS,,,
H5253-038-000,UHC,AARP Medicare Advantage from UHC NC-0022,2026,Podiatry,$25,CMS,,,
H5253-038-000,UHC,AARP Medicare Advantage from UHC NC-0022,2026,Other professional,$0,CMS,,,
H5253-038-000,UHC,AARP Medicare Advantage from UHC NC-0022,2026,Inpatient hospital,$455 days 1-6 / $0 days 7-90,CMS,,,
H5253-038-000,UHC,AARP Medicare Advantage from UHC NC-0022,2027,Inpatient hospital,$550 days 1-5; $0 thereafter,FL,,,
H5253-038-000,UHC,AARP Medicare Advantage from UHC NC-0022,2026,Inpatient psychiatric,$455 days 1-5 / $0 days 6-90,CMS,,,
H5253-038-000,UHC,AARP Medicare Advantage from UHC NC-0022,2026,Skilled nursing facility,$0 days 1-20 / $218 days 21-100,CMS,,,
H5253-038-000,UHC,AARP Medicare Advantage from UHC NC-0022,2026,Home health,$55,CMS,,,
H5253-038-000,UHC,AARP Medicare Advantage from UHC NC-0022,2026,Hospice,$0,CMS,,,
H5253-038-000,UHC,AARP Medicare Advantage from UHC NC-0022,2026,Outpatient hospital,$50,CMS,,,
H5253-038-000,UHC,AARP Medicare Advantage from UHC NC-0022,2027,Outpatient hospital,$550,FL,,,
H5253-038-000,UHC,AARP Medicare Advantage from UHC NC-0022,2026,Outpatient surgery (ASC),$0 - $260,CMS,,,
H5253-038-000,UHC,AARP Medicare Advantage from UHC NC-0022,2027,Outpatient surgery (ASC),$420,FL,,,
H5253-038-000,UHC,AARP Medicare Advantage from UHC NC-0022,2026,Outpatient surgery (hospital),20%,CMS,,,
H5253-038-000,UHC,AARP Medicare Advantage from UHC NC-0022,2026,Observation services,$0,CMS,,,
H5253-038-000,UHC,AARP Medicare Advantage from UHC NC-0022,2026,Emergency room,$130,CMS,,,
H5253-038-000,UHC,AARP Medicare Advantage from UHC NC-0022,2027,Emergency room,$130,FL,,,
H5253-038-000,UHC,AARP Medicare Advantage from UHC NC-0022,2026,Urgent care,$0 - $50,CMS,,,
H5253-038-000,UHC,AARP Medicare Advantage from UHC NC-0022,2027,Urgent care,$50,FL,,,
H5253-038-000,UHC,AARP Medicare Advantage from UHC NC-0022,2026,Ambulance (ground),$0 - $455,CMS,,,
H5253-038-000,UHC,AARP Medicare Advantage from UHC NC-0022,2027,Ambulance (ground),$380 ground/air,FL,,,
H5253-038-000,UHC,AARP Medicare Advantage from UHC NC-0022,2026,Ambulance (air),$455,CMS,,,
H5253-038-000,UHC,AARP Medicare Advantage from UHC NC-0022,2026,Transportation,$0 - $325,CMS,,,
H5253-038-000,UHC,AARP Medicare Advantage from UHC NC-0022,2026,Lab services,$275,CMS,,,
H5253-038-000,UHC,AARP Medicare Advantage from UHC NC-0022,2027,Lab services,$0,FL,,,
H5253-038-000,UHC,AARP Medicare Advantage from UHC NC-0022,2026,Diagnostic radiology,$275,CMS,,,
H5253-038-000,UHC,AARP Medicare Advantage from UHC NC-0022,2027,Diagnostic radiology,$320; mammograms $0,FL,,,
H5253-038-000,UHC,AARP Medicare Advantage from UHC NC-0022,2027,X-ray,$30,FL,,,
H5253-038-000,UHC,AARP Medicare Advantage from UHC NC-0022,2026,Renal dialysis,20%,CMS,,,
H5253-038-000,UHC,AARP Medicare Advantage from UHC NC-0022,2026,Durable medical equipment,20%,CMS,,,
H5253-038-000,UHC,AARP Medicare Advantage from UHC NC-0022,2026,Prosthetics,20%,CMS,,,
H5253-038-000,UHC,AARP Medicare Advantage from UHC NC-0022,2026,Diabetic supplies,$0,CMS,,,
H5253-038-000,UHC,AARP Medicare Advantage from UHC NC-0022,2026,Physical therapy,$0 - $40,CMS,,,
H5253-038-000,UHC,AARP Medicare Advantage from UHC NC-0022,2026,Occupational therapy,$25,CMS,,,
H5253-038-000,UHC,AARP Medicare Advantage from UHC NC-0022,2026,Cardiac rehab,$0,CMS,,,
H5253-038-000,UHC,AARP Medicare Advantage from UHC NC-0022,2026,Pulmonary rehab,$15,CMS,,,
H5253-038-000,UHC,AARP Medicare Advantage from UHC NC-0022,2026,Mental health (individual),$0 - $25,CMS,,,
H5253-038-000,UHC,AARP Medicare Advantage from UHC NC-0022,2026,Mental health (group),$15,CMS,,,
H5253-038-000,UHC,AARP Medicare Advantage from UHC NC-0022,2026,Substance abuse (individual),$0 - $25,CMS,,,
H5253-038-000,UHC,AARP Medicare Advantage from UHC NC-0022,2026,Partial hospitalization,$0 - $25,CMS,,,
H5253-038-000,UHC,AARP Medicare Advantage from UHC NC-0022,2026,Preventive services,$0,CMS,,,
H5253-038-000,UHC,AARP Medicare Advantage from UHC NC-0022,2026,Wellness programs,$0,CMS,,,
H5253-038-000,UHC,AARP Medicare Advantage from UHC NC-0022,2026,Rx deductible,"$440 (tiers 1,2 exempt)",CMS,,,
H5253-038-000,UHC,AARP Medicare Advantage from UHC NC-0022,2027,Rx deductible,$0 T1-2; $685 T3-5,FL,,,
H5253-038-000,UHC,AARP Medicare Advantage from UHC NC-0022,2027,Rx retail (30-day),$0 / $6 / 21% / 27% / 26%; insulin $35,FL,,,
H5253-038-000,UHC,AARP Medicare Advantage from UHC NC-0022,2027,Rx mail (100-day),$0 / $0 / 21%; insulin $105,FL,,,
H5253-038-000,UHC,AARP Medicare Advantage from UHC NC-0022,2026,Dental - allowance,"$1,250 per year",CMS,,,
H5253-038-000,UHC,AARP Medicare Advantage from UHC NC-0022,2027,Dental - allowance,"$1,250 toward covered services; preventive $0; comprehensive 50%",FL,,,
H5253-038-000,UHC,AARP Medicare Advantage from UHC NC-0022,2026,Dental - preventive,20%,CMS,,,
H5253-038-000,UHC,AARP Medicare Advantage from UHC NC-0022,2026,Dental - oral exam,$0 (Periodicity varies by service ranging from 2 every year to 1 every 3 years.),CMS,,,
H5253-038-000,UHC,AARP Medicare Advantage from UHC NC-0022,2026,Dental - cleaning,$0 (Periodicity varies by service ranging from 1 per 60 floating months to 8 every year.),CMS,,,
H5253-038-000,UHC,AARP Medicare Advantage from UHC NC-0022,2026,Dental - X-ray,$0,CMS,,,
H5253-038-000,UHC,AARP Medicare Advantage from UHC NC-0022,2026,Dental - fluoride,$0 (2 per year),CMS,,,
H5253-038-000,UHC,AARP Medicare Advantage from UHC NC-0022,2026,Dental - other preventive,$0,CMS,,,
H5253-038-000,UHC,AARP Medicare Advantage from UHC NC-0022,2026,Dental - restorative,50% (Periodicity varies by service ranging from 1 per lifetime to unlimited.),CMS,,,
H5253-038-000,UHC,AARP Medicare Advantage from UHC NC-0022,2026,Dental - endodontics,50% (Periodicity varies by service ranging from 1 per lifetime to unlimited.),CMS,,,
H5253-038-000,UHC,AARP Medicare Advantage from UHC NC-0022,2026,Dental - periodontics,50% (Periodicity varies by service ranging from 1 per lifetime to 4 per year.),CMS,,,
H5253-038-000,UHC,AARP Medicare Advantage from UHC NC-0022,2026,Dental - extractions,50% (Periodicity varies by service ranging from 1 per lifetime to 2 per year.),CMS,,,
H5253-038-000,UHC,AARP Medicare Advantage from UHC NC-0022,2026,Dental - prosthodontics,50% (Periodicity varies by service ranging from 1 per floating 60 months to unlimited.),CMS,,,
H5253-038-000,UHC,AARP Medicare Advantage from UHC NC-0022,2026,Dental - other comprehensive,50% (Periodicity varies by service ranging from 1 per lifetime to unlimited.),CMS,,,
H5253-038-000,UHC,AARP Medicare Advantage from UHC NC-0022,2026,Vision - routine eye exam,$0 (1 per year),CMS,,,
H5253-038-000,UHC,AARP Medicare Advantage from UHC NC-0022,2026,Vision - eyeglasses,$0 - $153 (1 per quarter),CMS,,,
H5253-038-000,UHC,AARP Medicare Advantage from UHC NC-0022,2027,Vision - eyeglasses,Routine exam $0; $150 every 2 years,FL,,,
H5253-038-000,UHC,AARP Medicare Advantage from UHC NC-0022,2026,Vision - contact lenses,$0 (1 per quarter),CMS,,,
H5253-038-000,UHC,AARP Medicare Advantage from UHC NC-0022,2026,Vision - eyewear (post-cataract),$0,CMS,,,
H5253-038-000,UHC,AARP Medicare Advantage from UHC NC-0022,2026,Hearing - routine exam,$0 (1 per year),CMS,,,
H5253-038-000,UHC,AARP Medicare Advantage from UHC NC-0022,2026,Hearing aids,"$199 - $1,249 (2 per year)",CMS,,,
H5253-038-000,UHC,AARP Medicare Advantage from UHC NC-0022,2027,Hearing aids,$700 allowance for 2 hearing aids/year,FL,,,
H5253-038-000,UHC,AARP Medicare Advantage from UHC NC-0022,2026,Hearing aids (other),$199 - $829 (2 per year),CMS,,,
H5253-038-000,UHC,AARP Medicare Advantage from UHC NC-0022,2027,OTC allowance,Not covered,FL,,,
H5253-038-000,UHC,AARP Medicare Advantage from UHC NC-0022,2026,Meals,$0,CMS,,,
H5253-038-000,UHC,AARP Medicare Advantage from UHC NC-0022,2027,Fitness,Free gym membership with core network,FL,,,
H5253-038-000,UHC,AARP Medicare Advantage from UHC NC-0022,2027,Key notes,"Post-discharge meals: 28 meals over 14 days, unlimited times/year",FL,,,
H5253-040-000,UHC,AARP Medicare Advantage Patriot No Rx NC-MA02,2026,Premium,Not Applicable,CMS,,,
H5253-040-000,UHC,AARP Medicare Advantage Patriot No Rx NC-MA02,2027,Part B giveback,$190/month,FL,,,
H5253-040-000,UHC,AARP Medicare Advantage Patriot No Rx NC-MA02,2027,Medical deductible,$0 combined INN/OON,FL,,,
H5253-040-000,UHC,AARP Medicare Advantage Patriot No Rx NC-MA02,2026,Max out-of-pocket,"$7,900",CMS,,,
H5253-040-000,UHC,AARP Medicare Advantage Patriot No Rx NC-MA02,2027,Max out-of-pocket,"$9,300",FL,,,
H5253-040-000,UHC,AARP Medicare Advantage Patriot No Rx NC-MA02,2026,PCP,$0,CMS,,,
H5253-040-000,UHC,AARP Medicare Advantage Patriot No Rx NC-MA02,2027,PCP,$0,FL,,,
H5253-040-000,UHC,AARP Medicare Advantage Patriot No Rx NC-MA02,2026,Specialist,$0 - $55,CMS,,,
H5253-040-000,UHC,AARP Medicare Advantage Patriot No Rx NC-MA02,2027,Specialist,$55; referral required,FL,,,
H5253-040-000,UHC,AARP Medicare Advantage Patriot No Rx NC-MA02,2026,Telehealth,$0,CMS,,,
H5253-040-000,UHC,AARP Medicare Advantage Patriot No Rx NC-MA02,2026,Chiropractic,$15,CMS,,,
H5253-040-000,UHC,AARP Medicare Advantage Patriot No Rx NC-MA02,2026,Podiatry,$55,CMS,,,
H5253-040-000,UHC,AARP Medicare Advantage Patriot No Rx NC-MA02,2026,Other professional,$0,CMS,,,
H5253-040-000,UHC,AARP Medicare Advantage Patriot No Rx NC-MA02,2026,Inpatient hospital,$475 days 1-5 / $0 days 6-90,CMS,,,
H5253-040-000,UHC,AARP Medicare Advantage Patriot No Rx NC-MA02,2027,Inpatient hospital,$610 days 1-4; $0 thereafter,FL,,,
H5253-040-000,UHC,AARP Medicare Advantage Patriot No Rx NC-MA02,2026,Inpatient psychiatric,$475 days 1-4 / $0 days 5-90,CMS,,,
H5253-040-000,UHC,AARP Medicare Advantage Patriot No Rx NC-MA02,2026,Skilled nursing facility,$0 days 1-20 / $218 days 21-100,CMS,,,
H5253-040-000,UHC,AARP Medicare Advantage Patriot No Rx NC-MA02,2026,Home health,$55,CMS,,,
H5253-040-000,UHC,AARP Medicare Advantage Patriot No Rx NC-MA02,2026,Hospice,$0,CMS,,,
H5253-040-000,UHC,AARP Medicare Advantage Patriot No Rx NC-MA02,2026,Outpatient hospital,$50,CMS,,,
H5253-040-000,UHC,AARP Medicare Advantage Patriot No Rx NC-MA02,2027,Outpatient hospital,$610,FL,,,
H5253-040-000,UHC,AARP Medicare Advantage Patriot No Rx NC-MA02,2026,Outpatient surgery (ASC),$0 - $260,CMS,,,
H5253-040-000,UHC,AARP Medicare Advantage Patriot No Rx NC-MA02,2027,Outpatient surgery (ASC),$510,FL,,,
H5253-040-000,UHC,AARP Medicare Advantage Patriot No Rx NC-MA02,2026,Outpatient surgery (hospital),20%,CMS,,,
H5253-040-000,UHC,AARP Medicare Advantage Patriot No Rx NC-MA02,2026,Observation services,$0,CMS,,,
H5253-040-000,UHC,AARP Medicare Advantage Patriot No Rx NC-MA02,2026,Emergency room,$115,CMS,,,
H5253-040-000,UHC,AARP Medicare Advantage Patriot No Rx NC-MA02,2027,Emergency room,$115,FL,,,
H5253-040-000,UHC,AARP Medicare Advantage Patriot No Rx NC-MA02,2026,Urgent care,$0 - $40,CMS,,,
H5253-040-000,UHC,AARP Medicare Advantage Patriot No Rx NC-MA02,2027,Urgent care,$40,FL,,,
H5253-040-000,UHC,AARP Medicare Advantage Patriot No Rx NC-MA02,2026,Ambulance (ground),$0 - $475,CMS,,,
H5253-040-000,UHC,AARP Medicare Advantage Patriot No Rx NC-MA02,2027,Ambulance (ground),$350 ground/air,FL,,,
H5253-040-000,UHC,AARP Medicare Advantage Patriot No Rx NC-MA02,2026,Ambulance (air),$475,CMS,,,
H5253-040-000,UHC,AARP Medicare Advantage Patriot No Rx NC-MA02,2026,Transportation,$0 - $375,CMS,,,
H5253-040-000,UHC,AARP Medicare Advantage Patriot No Rx NC-MA02,2026,Lab services,$290,CMS,,,
H5253-040-000,UHC,AARP Medicare Advantage Patriot No Rx NC-MA02,2027,Lab services,$0,FL,,,
H5253-040-000,UHC,AARP Medicare Advantage Patriot No Rx NC-MA02,2026,Diagnostic radiology,$290,CMS,,,
H5253-040-000,UHC,AARP Medicare Advantage Patriot No Rx NC-MA02,2027,Diagnostic radiology,$320; mammograms $0,FL,,,
H5253-040-000,UHC,AARP Medicare Advantage Patriot No Rx NC-MA02,2027,X-ray,$30,FL,,,
H5253-040-000,UHC,AARP Medicare Advantage Patriot No Rx NC-MA02,2026,Renal dialysis,20%,CMS,,,
H5253-040-000,UHC,AARP Medicare Advantage Patriot No Rx NC-MA02,2026,Durable medical equipment,20%,CMS,,,
H5253-040-000,UHC,AARP Medicare Advantage Patriot No Rx NC-MA02,2026,Prosthetics,20%,CMS,,,
H5253-040-000,UHC,AARP Medicare Advantage Patriot No Rx NC-MA02,2026,Diabetic supplies,$0,CMS,,,
H5253-040-000,UHC,AARP Medicare Advantage Patriot No Rx NC-MA02,2026,Physical therapy,$0 - $55,CMS,,,
H5253-040-000,UHC,AARP Medicare Advantage Patriot No Rx NC-MA02,2026,Occupational therapy,$35,CMS,,,
H5253-040-000,UHC,AARP Medicare Advantage Patriot No Rx NC-MA02,2026,Cardiac rehab,$0,CMS,,,
H5253-040-000,UHC,AARP Medicare Advantage Patriot No Rx NC-MA02,2026,Pulmonary rehab,$15,CMS,,,
H5253-040-000,UHC,AARP Medicare Advantage Patriot No Rx NC-MA02,2026,Mental health (individual),$0 - $25,CMS,,,
H5253-040-000,UHC,AARP Medicare Advantage Patriot No Rx NC-MA02,2026,Mental health (group),$15,CMS,,,
H5253-040-000,UHC,AARP Medicare Advantage Patriot No Rx NC-MA02,2026,Substance abuse (individual),$0 - $25,CMS,,,
H5253-040-000,UHC,AARP Medicare Advantage Patriot No Rx NC-MA02,2026,Partial hospitalization,$0 - $25,CMS,,,
H5253-040-000,UHC,AARP Medicare Advantage Patriot No Rx NC-MA02,2026,Preventive services,$0,CMS,,,
H5253-040-000,UHC,AARP Medicare Advantage Patriot No Rx NC-MA02,2026,Wellness programs,$0,CMS,,,
H5253-040-000,UHC,AARP Medicare Advantage Patriot No Rx NC-MA02,2027,Rx deductible,N/A,FL,,,
H5253-040-000,UHC,AARP Medicare Advantage Patriot No Rx NC-MA02,2027,Rx retail (30-day),N/A,FL,,,
H5253-040-000,UHC,AARP Medicare Advantage Patriot No Rx NC-MA02,2027,Rx mail (100-day),N/A,FL,,,
H5253-040-000,UHC,AARP Medicare Advantage Patriot No Rx NC-MA02,2027,Dental - allowance,"$1,000 toward covered services; preventive $0; comprehensive 50%",FL,,,
H5253-040-000,UHC,AARP Medicare Advantage Patriot No Rx NC-MA02,2026,Dental - preventive,20%,CMS,,,
H5253-040-000,UHC,AARP Medicare Advantage Patriot No Rx NC-MA02,2026,Dental - oral exam,$0 (2 per year),CMS,,,
H5253-040-000,UHC,AARP Medicare Advantage Patriot No Rx NC-MA02,2026,Dental - cleaning,$0,CMS,,,
H5253-040-000,UHC,AARP Medicare Advantage Patriot No Rx NC-MA02,2026,Dental - fluoride,$0 (2 per year),CMS,,,
H5253-040-000,UHC,AARP Medicare Advantage Patriot No Rx NC-MA02,2026,Dental - other preventive,$0,CMS,,,
H5253-040-000,UHC,AARP Medicare Advantage Patriot No Rx NC-MA02,2026,Vision - routine eye exam,$0 (1 per year),CMS,,,
H5253-040-000,UHC,AARP Medicare Advantage Patriot No Rx NC-MA02,2026,Vision - eyeglasses,$0 - $153 (1 per quarter),CMS,,,
H5253-040-000,UHC,AARP Medicare Advantage Patriot No Rx NC-MA02,2027,Vision - eyeglasses,Routine exam $0; $300 every 2 years,FL,,,
H5253-040-000,UHC,AARP Medicare Advantage Patriot No Rx NC-MA02,2026,Vision - contact lenses,$0 (1 per quarter),CMS,,,
H5253-040-000,UHC,AARP Medicare Advantage Patriot No Rx NC-MA02,2026,Vision - eyewear (post-cataract),$0,CMS,,,
H5253-040-000,UHC,AARP Medicare Advantage Patriot No Rx NC-MA02,2026,Hearing - routine exam,$0 (1 per year),CMS,,,
H5253-040-000,UHC,AARP Medicare Advantage Patriot No Rx NC-MA02,2026,Hearing aids,"$199 - $1,249 (2 per year)",CMS,,,
H5253-040-000,UHC,AARP Medicare Advantage Patriot No Rx NC-MA02,2027,Hearing aids,"$1,000 allowance for 2 hearing aids/year",FL,,,
H5253-040-000,UHC,AARP Medicare Advantage Patriot No Rx NC-MA02,2026,Hearing aids (other),$199 - $829 (2 per year),CMS,,,
H5253-040-000,UHC,AARP Medicare Advantage Patriot No Rx NC-MA02,2027,OTC allowance,Not covered,FL,,,
H5253-040-000,UHC,AARP Medicare Advantage Patriot No Rx NC-MA02,2026,Meals,$0,CMS,,,
H5253-040-000,UHC,AARP Medicare Advantage Patriot No Rx NC-MA02,2027,Fitness,Free gym membership with core network,FL,,,
H5253-040-000,UHC,AARP Medicare Advantage Patriot No Rx NC-MA02,2027,Key notes,"Post-discharge meals: 28 meals over 14 days, unlimited times/year",FL,,,
H5253-110-000,UHC,AARP Medicare Advantage Giveback from UHC NC-14,2026,Premium,$0.00,CMS,,,
H5253-110-000,UHC,AARP Medicare Advantage Giveback from UHC NC-14,2027,Part B giveback,$84/month,FL,,,
H5253-110-000,UHC,AARP Medicare Advantage Giveback from UHC NC-14,2027,Medical deductible,$0 in-network,FL,,,
H5253-110-000,UHC,AARP Medicare Advantage Giveback from UHC NC-14,2026,Max out-of-pocket,"$9,250",CMS,,,
H5253-110-000,UHC,AARP Medicare Advantage Giveback from UHC NC-14,2027,Max out-of-pocket,"$9,500",FL,,,
H5253-110-000,UHC,AARP Medicare Advantage Giveback from UHC NC-14,2026,PCP,$0,CMS,,,
H5253-110-000,UHC,AARP Medicare Advantage Giveback from UHC NC-14,2027,PCP,$0,FL,,,
H5253-110-000,UHC,AARP Medicare Advantage Giveback from UHC NC-14,2026,Specialist,$0 - $55,CMS,,,
H5253-110-000,UHC,AARP Medicare Advantage Giveback from UHC NC-14,2027,Specialist,$55; referral required,FL,,,
H5253-110-000,UHC,AARP Medicare Advantage Giveback from UHC NC-14,2026,Telehealth,$0,CMS,,,
H5253-110-000,UHC,AARP Medicare Advantage Giveback from UHC NC-14,2026,Chiropractic,$15,CMS,,,
H5253-110-000,UHC,AARP Medicare Advantage Giveback from UHC NC-14,2026,Podiatry,$55,CMS,,,
H5253-110-000,UHC,AARP Medicare Advantage Giveback from UHC NC-14,2026,Other professional,$0,CMS,,,
H5253-110-000,UHC,AARP Medicare Advantage Giveback from UHC NC-14,2026,Inpatient hospital,$595 days 1-4 / $0 days 5-90,CMS,,,
H5253-110-000,UHC,AARP Medicare Advantage Giveback from UHC NC-14,2027,Inpatient hospital,$610 days 1-4; $0 thereafter,FL,,,
H5253-110-000,UHC,AARP Medicare Advantage Giveback from UHC NC-14,2026,Inpatient psychiatric,$595 days 1-3 / $0 days 4-90,CMS,,,
H5253-110-000,UHC,AARP Medicare Advantage Giveback from UHC NC-14,2026,Skilled nursing facility,$0 days 1-20 / $218 days 21-100,CMS,,,
H5253-110-000,UHC,AARP Medicare Advantage Giveback from UHC NC-14,2026,Home health,$55,CMS,,,
H5253-110-000,UHC,AARP Medicare Advantage Giveback from UHC NC-14,2026,Hospice,$0,CMS,,,
H5253-110-000,UHC,AARP Medicare Advantage Giveback from UHC NC-14,2026,Outpatient hospital,$50,CMS,,,
H5253-110-000,UHC,AARP Medicare Advantage Giveback from UHC NC-14,2027,Outpatient hospital,$610,FL,,,
H5253-110-000,UHC,AARP Medicare Advantage Giveback from UHC NC-14,2026,Outpatient surgery (ASC),$0 - $260,CMS,,,
H5253-110-000,UHC,AARP Medicare Advantage Giveback from UHC NC-14,2027,Outpatient surgery (ASC),$510,FL,,,
H5253-110-000,UHC,AARP Medicare Advantage Giveback from UHC NC-14,2026,Outpatient surgery (hospital),20%,CMS,,,
H5253-110-000,UHC,AARP Medicare Advantage Giveback from UHC NC-14,2026,Observation services,$0,CMS,,,
H5253-110-000,UHC,AARP Medicare Advantage Giveback from UHC NC-14,2026,Emergency room,$115,CMS,,,
H5253-110-000,UHC,AARP Medicare Advantage Giveback from UHC NC-14,2027,Emergency room,$115,FL,,,
H5253-110-000,UHC,AARP Medicare Advantage Giveback from UHC NC-14,2026,Urgent care,$0 - $40,CMS,,,
H5253-110-000,UHC,AARP Medicare Advantage Giveback from UHC NC-14,2027,Urgent care,$40,FL,,,
H5253-110-000,UHC,AARP Medicare Advantage Giveback from UHC NC-14,2026,Ambulance (ground),$0 - $595,CMS,,,
H5253-110-000,UHC,AARP Medicare Advantage Giveback from UHC NC-14,2027,Ambulance (ground),$350 ground/air,FL,,,
H5253-110-000,UHC,AARP Medicare Advantage Giveback from UHC NC-14,2026,Ambulance (air),$595,CMS,,,
H5253-110-000,UHC,AARP Medicare Advantage Giveback from UHC NC-14,2026,Transportation,$0 - $495,CMS,,,
H5253-110-000,UHC,AARP Medicare Advantage Giveback from UHC NC-14,2026,Lab services,$285,CMS,,,
H5253-110-000,UHC,AARP Medicare Advantage Giveback from UHC NC-14,2027,Lab services,$0,FL,,,
H5253-110-000,UHC,AARP Medicare Advantage Giveback from UHC NC-14,2026,Diagnostic radiology,$285,CMS,,,
H5253-110-000,UHC,AARP Medicare Advantage Giveback from UHC NC-14,2027,Diagnostic radiology,$320; mammograms $0,FL,,,
H5253-110-000,UHC,AARP Medicare Advantage Giveback from UHC NC-14,2027,X-ray,$30,FL,,,
H5253-110-000,UHC,AARP Medicare Advantage Giveback from UHC NC-14,2026,Renal dialysis,20%,CMS,,,
H5253-110-000,UHC,AARP Medicare Advantage Giveback from UHC NC-14,2026,Durable medical equipment,20%,CMS,,,
H5253-110-000,UHC,AARP Medicare Advantage Giveback from UHC NC-14,2026,Prosthetics,20%,CMS,,,
H5253-110-000,UHC,AARP Medicare Advantage Giveback from UHC NC-14,2026,Diabetic supplies,$0,CMS,,,
H5253-110-000,UHC,AARP Medicare Advantage Giveback from UHC NC-14,2026,Physical therapy,$0 - $55,CMS,,,
H5253-110-000,UHC,AARP Medicare Advantage Giveback from UHC NC-14,2026,Occupational therapy,$35,CMS,,,
H5253-110-000,UHC,AARP Medicare Advantage Giveback from UHC NC-14,2026,Cardiac rehab,$0,CMS,,,
H5253-110-000,UHC,AARP Medicare Advantage Giveback from UHC NC-14,2026,Pulmonary rehab,$15,CMS,,,
H5253-110-000,UHC,AARP Medicare Advantage Giveback from UHC NC-14,2026,Mental health (individual),$0 - $25,CMS,,,
H5253-110-000,UHC,AARP Medicare Advantage Giveback from UHC NC-14,2026,Mental health (group),$15,CMS,,,
H5253-110-000,UHC,AARP Medicare Advantage Giveback from UHC NC-14,2026,Substance abuse (individual),$0 - $25,CMS,,,
H5253-110-000,UHC,AARP Medicare Advantage Giveback from UHC NC-14,2026,Partial hospitalization,$0 - $25,CMS,,,
H5253-110-000,UHC,AARP Medicare Advantage Giveback from UHC NC-14,2026,Preventive services,$0,CMS,,,
H5253-110-000,UHC,AARP Medicare Advantage Giveback from UHC NC-14,2026,Wellness programs,$0,CMS,,,
H5253-110-000,UHC,AARP Medicare Advantage Giveback from UHC NC-14,2026,Rx deductible,"$600 (tiers 1,2 exempt)",CMS,,,
H5253-110-000,UHC,AARP Medicare Advantage Giveback from UHC NC-14,2027,Rx deductible,$0 T1-2; $685 T3-5,FL,,,
H5253-110-000,UHC,AARP Medicare Advantage Giveback from UHC NC-14,2027,Rx retail (30-day),$0 / $6 / 19% / 27% / 26%; insulin $35,FL,,,
H5253-110-000,UHC,AARP Medicare Advantage Giveback from UHC NC-14,2027,Rx mail (100-day),$0 / $0 / 19%; insulin $105,FL,,,
H5253-110-000,UHC,AARP Medicare Advantage Giveback from UHC NC-14,2027,Dental - allowance,Preventive dental $0; Platinum Dental Rider available,FL,,,
H5253-110-000,UHC,AARP Medicare Advantage Giveback from UHC NC-14,2026,Dental - preventive,20%,CMS,,,
H5253-110-000,UHC,AARP Medicare Advantage Giveback from UHC NC-14,2026,Dental - oral exam,$0 (2 per year),CMS,,,
H5253-110-000,UHC,AARP Medicare Advantage Giveback from UHC NC-14,2026,Dental - cleaning,$0,CMS,,,
H5253-110-000,UHC,AARP Medicare Advantage Giveback from UHC NC-14,2026,Dental - fluoride,$0 (2 per year),CMS,,,
H5253-110-000,UHC,AARP Medicare Advantage Giveback from UHC NC-14,2026,Dental - other preventive,$0,CMS,,,
H5253-110-000,UHC,AARP Medicare Advantage Giveback from UHC NC-14,2026,Vision - routine eye exam,$0 (1 per year),CMS,,,
H5253-110-000,UHC,AARP Medicare Advantage Giveback from UHC NC-14,2026,Vision - eyeglasses,$0 - $153 (1 per quarter),CMS,,,
H5253-110-000,UHC,AARP Medicare Advantage Giveback from UHC NC-14,2027,Vision - eyeglasses,Routine exam $0; $200 every 2 years,FL,,,
H5253-110-000,UHC,AARP Medicare Advantage Giveback from UHC NC-14,2026,Vision - contact lenses,$0 (1 per quarter),CMS,,,
H5253-110-000,UHC,AARP Medicare Advantage Giveback from UHC NC-14,2026,Vision - eyewear (post-cataract),$0,CMS,,,
H5253-110-000,UHC,AARP Medicare Advantage Giveback from UHC NC-14,2026,Hearing - routine exam,$0 (1 per year),CMS,,,
H5253-110-000,UHC,AARP Medicare Advantage Giveback from UHC NC-14,2026,Hearing aids,"$199 - $1,249 (2 per year)",CMS,,,
H5253-110-000,UHC,AARP Medicare Advantage Giveback from UHC NC-14,2027,Hearing aids,"$1,000 allowance for 2 hearing aids/year",FL,,,
H5253-110-000,UHC,AARP Medicare Advantage Giveback from UHC NC-14,2026,Hearing aids (other),$199 - $829 (2 per year),CMS,,,
H5253-110-000,UHC,AARP Medicare Advantage Giveback from UHC NC-14,2027,OTC allowance,Not covered,FL,,,
H5253-110-000,UHC,AARP Medicare Advantage Giveback from UHC NC-14,2026,Meals,$0,CMS,,,
H5253-110-000,UHC,AARP Medicare Advantage Giveback from UHC NC-14,2027,Fitness,Free gym membership with core network,FL,,,
H5253-110-000,UHC,AARP Medicare Advantage Giveback from UHC NC-14,2027,Key notes,"Post-discharge meals: 28 meals over 14 days, unlimited times/year",FL,,,
H5253-116-000,UHC,UHC Dual Advantage NC-V1,2026,Premium,$36.20,CMS,,,
H5253-116-000,UHC,UHC Dual Advantage NC-V1,2027,Medical deductible,$0 combined INN/OON,FL,,,
H5253-116-000,UHC,UHC Dual Advantage NC-V1,2026,Max out-of-pocket,"$5,900",CMS,,,
H5253-116-000,UHC,UHC Dual Advantage NC-V1,2027,Max out-of-pocket,"$5,900",FL,,,
H5253-116-000,UHC,UHC Dual Advantage NC-V1,2026,PCP,$0,CMS,,,
H5253-116-000,UHC,UHC Dual Advantage NC-V1,2027,PCP,$0,FL,,,
H5253-116-000,UHC,UHC Dual Advantage NC-V1,2026,Specialist,$0 - $30,CMS,,,
H5253-116-000,UHC,UHC Dual Advantage NC-V1,2027,Specialist,$30; referral required,FL,,,
H5253-116-000,UHC,UHC Dual Advantage NC-V1,2026,Telehealth,$0,CMS,,,
H5253-116-000,UHC,UHC Dual Advantage NC-V1,2026,Chiropractic,$15,CMS,,,
H5253-116-000,UHC,UHC Dual Advantage NC-V1,2026,Podiatry,$25,CMS,,,
H5253-116-000,UHC,UHC Dual Advantage NC-V1,2026,Other professional,$0,CMS,,,
H5253-116-000,UHC,UHC Dual Advantage NC-V1,2026,Inpatient hospital,$450 days 1-6 / $0 days 7-90,CMS,,,
H5253-116-000,UHC,UHC Dual Advantage NC-V1,2027,Inpatient hospital,$495 days 1-5; $0 thereafter,FL,,,
H5253-116-000,UHC,UHC Dual Advantage NC-V1,2026,Inpatient psychiatric,$450 days 1-5 / $0 days 6-90,CMS,,,
H5253-116-000,UHC,UHC Dual Advantage NC-V1,2026,Skilled nursing facility,$0 days 1-20 / $218 days 21-100,CMS,,,
H5253-116-000,UHC,UHC Dual Advantage NC-V1,2026,Home health,$55,CMS,,,
H5253-116-000,UHC,UHC Dual Advantage NC-V1,2026,Hospice,$0,CMS,,,
H5253-116-000,UHC,UHC Dual Advantage NC-V1,2026,Outpatient hospital,$40,CMS,,,
H5253-116-000,UHC,UHC Dual Advantage NC-V1,2027,Outpatient hospital,$495,FL,,,
H5253-116-000,UHC,UHC Dual Advantage NC-V1,2026,Outpatient surgery (ASC),$0 - $260,CMS,,,
H5253-116-000,UHC,UHC Dual Advantage NC-V1,2027,Outpatient surgery (ASC),$445,FL,,,
H5253-116-000,UHC,UHC Dual Advantage NC-V1,2026,Outpatient surgery (hospital),20%,CMS,,,
H5253-116-000,UHC,UHC Dual Advantage NC-V1,2026,Observation services,$0,CMS,,,
H5253-116-000,UHC,UHC Dual Advantage NC-V1,2026,Emergency room,$130,CMS,,,
H5253-116-000,UHC,UHC Dual Advantage NC-V1,2027,Emergency room,$130,FL,,,
H5253-116-000,UHC,UHC Dual Advantage NC-V1,2026,Urgent care,$0 - $50,CMS,,,
H5253-116-000,UHC,UHC Dual Advantage NC-V1,2027,Urgent care,$50,FL,,,
H5253-116-000,UHC,UHC Dual Advantage NC-V1,2026,Ambulance (ground),$0 - $450,CMS,,,
H5253-116-000,UHC,UHC Dual Advantage NC-V1,2027,Ambulance (ground),$350 ground/air,FL,,,
H5253-116-000,UHC,UHC Dual Advantage NC-V1,2026,Ambulance (air),$450,CMS,,,
H5253-116-000,UHC,UHC Dual Advantage NC-V1,2026,Transportation,$0 - $400,CMS,,,
H5253-116-000,UHC,UHC Dual Advantage NC-V1,2026,Lab services,$275,CMS,,,
H5253-116-000,UHC,UHC Dual Advantage NC-V1,2027,Lab services,$0,FL,,,
H5253-116-000,UHC,UHC Dual Advantage NC-V1,2026,Diagnostic radiology,$275,CMS,,,
H5253-116-000,UHC,UHC Dual Advantage NC-V1,2027,Diagnostic radiology,$320; mammograms $0,FL,,,
H5253-116-000,UHC,UHC Dual Advantage NC-V1,2027,X-ray,$30,FL,,,
H5253-116-000,UHC,UHC Dual Advantage NC-V1,2026,Renal dialysis,20%,CMS,,,
H5253-116-000,UHC,UHC Dual Advantage NC-V1,2026,Durable medical equipment,20%,CMS,,,
H5253-116-000,UHC,UHC Dual Advantage NC-V1,2026,Prosthetics,20%,CMS,,,
H5253-116-000,UHC,UHC Dual Advantage NC-V1,2026,Diabetic supplies,$0,CMS,,,
H5253-116-000,UHC,UHC Dual Advantage NC-V1,2026,Physical therapy,$0 - $30,CMS,,,
H5253-116-000,UHC,UHC Dual Advantage NC-V1,2026,Occupational therapy,$25,CMS,,,
H5253-116-000,UHC,UHC Dual Advantage NC-V1,2026,Cardiac rehab,$0,CMS,,,
H5253-116-000,UHC,UHC Dual Advantage NC-V1,2026,Pulmonary rehab,$0,CMS,,,
H5253-116-000,UHC,UHC Dual Advantage NC-V1,2026,Mental health (individual),$0 - $25,CMS,,,
H5253-116-000,UHC,UHC Dual Advantage NC-V1,2026,Mental health (group),$15,CMS,,,
H5253-116-000,UHC,UHC Dual Advantage NC-V1,2026,Substance abuse (individual),$0 - $25,CMS,,,
H5253-116-000,UHC,UHC Dual Advantage NC-V1,2026,Partial hospitalization,$0 - $25,CMS,,,
H5253-116-000,UHC,UHC Dual Advantage NC-V1,2026,Preventive services,$0,CMS,,,
H5253-116-000,UHC,UHC Dual Advantage NC-V1,2026,Wellness programs,$0,CMS,,,
H5253-116-000,UHC,UHC Dual Advantage NC-V1,2026,Rx deductible,$615 (tiers 1 exempt),CMS,,,
H5253-116-000,UHC,UHC Dual Advantage NC-V1,2027,Rx deductible,$0 T1; $700 T2-5; $0 with LIS,FL,,,
H5253-116-000,UHC,UHC Dual Advantage NC-V1,2027,Rx retail (30-day),$0 T1; other drugs vary by LIS,FL,,,
H5253-116-000,UHC,UHC Dual Advantage NC-V1,2027,Rx mail (100-day),$0 T1; other drugs vary by LIS,FL,,,
H5253-116-000,UHC,UHC Dual Advantage NC-V1,2027,Dental - allowance,Preventive dental $0,FL,,,
H5253-116-000,UHC,UHC Dual Advantage NC-V1,2026,Dental - preventive,20%,CMS,,,
H5253-116-000,UHC,UHC Dual Advantage NC-V1,2026,Dental - oral exam,$0 (2 per year),CMS,,,
H5253-116-000,UHC,UHC Dual Advantage NC-V1,2026,Dental - cleaning,$0,CMS,,,
H5253-116-000,UHC,UHC Dual Advantage NC-V1,2026,Dental - fluoride,$0 (2 per year),CMS,,,
H5253-116-000,UHC,UHC Dual Advantage NC-V1,2026,Dental - other preventive,$0,CMS,,,
H5253-116-000,UHC,UHC Dual Advantage NC-V1,2026,Vision - routine eye exam,$0 (1 per year),CMS,,,
H5253-116-000,UHC,UHC Dual Advantage NC-V1,2026,Vision - eyeglasses,$0 - $153 (1 per quarter),CMS,,,
H5253-116-000,UHC,UHC Dual Advantage NC-V1,2027,Vision - eyeglasses,Routine exam $0; $250 every 2 years,FL,,,
H5253-116-000,UHC,UHC Dual Advantage NC-V1,2026,Vision - contact lenses,$0 (1 per quarter),CMS,,,
H5253-116-000,UHC,UHC Dual Advantage NC-V1,2026,Vision - eyewear (post-cataract),$0,CMS,,,
H5253-116-000,UHC,UHC Dual Advantage NC-V1,2026,Hearing - routine exam,$0 (1 per year),CMS,,,
H5253-116-000,UHC,UHC Dual Advantage NC-V1,2026,Hearing aids,"$199 - $1,249 (2 per year)",CMS,,,
H5253-116-000,UHC,UHC Dual Advantage NC-V1,2027,Hearing aids,"$1,000 allowance for 2 hearing aids/year",FL,,,
H5253-116-000,UHC,UHC Dual Advantage NC-V1,2026,Hearing aids (other),$199 - $829 (2 per year),CMS,,,
H5253-116-000,UHC,UHC Dual Advantage NC-V1,2026,OTC allowance,$0,CMS,,,
H5253-116-000,UHC,UHC Dual Advantage NC-V1,2027,OTC allowance,$53/month OTC & wellness; healthy food/utilities for qualifying members,FL,,,
H5253-116-000,UHC,UHC Dual Advantage NC-V1,2026,Meals,$0,CMS,,,
H5253-116-000,UHC,UHC Dual Advantage NC-V1,2027,Fitness,Free gym membership with core network,FL,,,
H5253-116-000,UHC,UHC Dual Advantage NC-V1,2027,Key notes,"Transportation: 24 one-way trips; post-discharge meals: 28 over 14 days, unlimited times/year",FL,,,
H5253-117-000,UHC,AARP Medicare Advantage from UHC NC-15,2026,Premium,$0.00,CMS,,,
H5253-117-000,UHC,AARP Medicare Advantage from UHC NC-15,2027,Medical deductible,$0 combined INN/OON,FL,,,
H5253-117-000,UHC,AARP Medicare Advantage from UHC NC-15,2026,Max out-of-pocket,"$4,200",CMS,,,
H5253-117-000,UHC,AARP Medicare Advantage from UHC NC-15,2027,Max out-of-pocket,"$4,450",FL,,,
H5253-117-000,UHC,AARP Medicare Advantage from UHC NC-15,2026,PCP,$0,CMS,,,
H5253-117-000,UHC,AARP Medicare Advantage from UHC NC-15,2027,PCP,$0,FL,,,
H5253-117-000,UHC,AARP Medicare Advantage from UHC NC-15,2026,Specialist,$0 - $35,CMS,,,
H5253-117-000,UHC,AARP Medicare Advantage from UHC NC-15,2027,Specialist,$35; referral required,FL,,,
H5253-117-000,UHC,AARP Medicare Advantage from UHC NC-15,2026,Telehealth,$0,CMS,,,
H5253-117-000,UHC,AARP Medicare Advantage from UHC NC-15,2026,Chiropractic,$20,CMS,,,
H5253-117-000,UHC,AARP Medicare Advantage from UHC NC-15,2026,Podiatry,$35,CMS,,,
H5253-117-000,UHC,AARP Medicare Advantage from UHC NC-15,2026,Other professional,$0,CMS,,,
H5253-117-000,UHC,AARP Medicare Advantage from UHC NC-15,2026,Inpatient hospital,$455 days 1-6 / $0 days 7-90,CMS,,,
H5253-117-000,UHC,AARP Medicare Advantage from UHC NC-15,2027,Inpatient hospital,$550 days 1-5; $0 thereafter,FL,,,
H5253-117-000,UHC,AARP Medicare Advantage from UHC NC-15,2026,Inpatient psychiatric,$455 days 1-5 / $0 days 6-90,CMS,,,
H5253-117-000,UHC,AARP Medicare Advantage from UHC NC-15,2026,Skilled nursing facility,$0 days 1-20 / $218 days 21-100,CMS,,,
H5253-117-000,UHC,AARP Medicare Advantage from UHC NC-15,2026,Home health,$55,CMS,,,
H5253-117-000,UHC,AARP Medicare Advantage from UHC NC-15,2026,Hospice,$0,CMS,,,
H5253-117-000,UHC,AARP Medicare Advantage from UHC NC-15,2026,Outpatient hospital,$50,CMS,,,
H5253-117-000,UHC,AARP Medicare Advantage from UHC NC-15,2027,Outpatient hospital,$550,FL,,,
H5253-117-000,UHC,AARP Medicare Advantage from UHC NC-15,2026,Outpatient surgery (ASC),$0 - $260,CMS,,,
H5253-117-000,UHC,AARP Medicare Advantage from UHC NC-15,2027,Outpatient surgery (ASC),$420,FL,,,
H5253-117-000,UHC,AARP Medicare Advantage from UHC NC-15,2026,Outpatient surgery (hospital),20%,CMS,,,
H5253-117-000,UHC,AARP Medicare Advantage from UHC NC-15,2026,Observation services,$0,CMS,,,
H5253-117-000,UHC,AARP Medicare Advantage from UHC NC-15,2026,Emergency room,$150,CMS,,,
H5253-117-000,UHC,AARP Medicare Advantage from UHC NC-15,2027,Emergency room,$150,FL,,,
H5253-117-000,UHC,AARP Medicare Advantage from UHC NC-15,2026,Urgent care,$0 - $65,CMS,,,
H5253-117-000,UHC,AARP Medicare Advantage from UHC NC-15,2027,Urgent care,$65,FL,,,
H5253-117-000,UHC,AARP Medicare Advantage from UHC NC-15,2026,Ambulance (ground),$0 - $455,CMS,,,
H5253-117-000,UHC,AARP Medicare Advantage from UHC NC-15,2027,Ambulance (ground),$380 ground/air,FL,,,
H5253-117-000,UHC,AARP Medicare Advantage from UHC NC-15,2026,Ambulance (air),$455,CMS,,,
H5253-117-000,UHC,AARP Medicare Advantage from UHC NC-15,2026,Transportation,$0 - $325,CMS,,,
H5253-117-000,UHC,AARP Medicare Advantage from UHC NC-15,2026,Lab services,$275,CMS,,,
H5253-117-000,UHC,AARP Medicare Advantage from UHC NC-15,2027,Lab services,$0,FL,,,
H5253-117-000,UHC,AARP Medicare Advantage from UHC NC-15,2026,Diagnostic radiology,$275,CMS,,,
H5253-117-000,UHC,AARP Medicare Advantage from UHC NC-15,2027,Diagnostic radiology,$320; mammograms $0,FL,,,
H5253-117-000,UHC,AARP Medicare Advantage from UHC NC-15,2027,X-ray,$30,FL,,,
H5253-117-000,UHC,AARP Medicare Advantage from UHC NC-15,2026,Renal dialysis,20%,CMS,,,
H5253-117-000,UHC,AARP Medicare Advantage from UHC NC-15,2026,Durable medical equipment,20%,CMS,,,
H5253-117-000,UHC,AARP Medicare Advantage from UHC NC-15,2026,Prosthetics,20%,CMS,,,
H5253-117-000,UHC,AARP Medicare Advantage from UHC NC-15,2026,Diabetic supplies,$0,CMS,,,
H5253-117-000,UHC,AARP Medicare Advantage from UHC NC-15,2026,Physical therapy,$0 - $35,CMS,,,
H5253-117-000,UHC,AARP Medicare Advantage from UHC NC-15,2026,Occupational therapy,$35,CMS,,,
H5253-117-000,UHC,AARP Medicare Advantage from UHC NC-15,2026,Cardiac rehab,$0,CMS,,,
H5253-117-000,UHC,AARP Medicare Advantage from UHC NC-15,2026,Pulmonary rehab,$15,CMS,,,
H5253-117-000,UHC,AARP Medicare Advantage from UHC NC-15,2026,Mental health (individual),$0 - $25,CMS,,,
H5253-117-000,UHC,AARP Medicare Advantage from UHC NC-15,2026,Mental health (group),$15,CMS,,,
H5253-117-000,UHC,AARP Medicare Advantage from UHC NC-15,2026,Substance abuse (individual),$0 - $25,CMS,,,
H5253-117-000,UHC,AARP Medicare Advantage from UHC NC-15,2026,Partial hospitalization,$0 - $25,CMS,,,
H5253-117-000,UHC,AARP Medicare Advantage from UHC NC-15,2026,Preventive services,$0,CMS,,,
H5253-117-000,UHC,AARP Medicare Advantage from UHC NC-15,2026,Wellness programs,$0,CMS,,,
H5253-117-000,UHC,AARP Medicare Advantage from UHC NC-15,2026,Rx deductible,"$440 (tiers 1,2 exempt)",CMS,,,
H5253-117-000,UHC,AARP Medicare Advantage from UHC NC-15,2027,Rx deductible,$0 T1-2; $685 T3-5,FL,,,
H5253-117-000,UHC,AARP Medicare Advantage from UHC NC-15,2027,Rx retail (30-day),$0 / $5 / 22% / 27% / 26%; insulin $35,FL,,,
H5253-117-000,UHC,AARP Medicare Advantage from UHC NC-15,2027,Rx mail (100-day),$0 / $0 / 22%; insulin $105,FL,,,
H5253-117-000,UHC,AARP Medicare Advantage from UHC NC-15,2026,Dental - allowance,"$2,000 per year",CMS,,,
H5253-117-000,UHC,AARP Medicare Advantage from UHC NC-15,2027,Dental - allowance,"$1,500 toward covered services; preventive $0; comprehensive 50%",FL,,,
H5253-117-000,UHC,AARP Medicare Advantage from UHC NC-15,2026,Dental - preventive,20%,CMS,,,
H5253-117-000,UHC,AARP Medicare Advantage from UHC NC-15,2026,Dental - oral exam,$0 (Periodicity varies by service ranging from 2 every year to 1 every 3 years.),CMS,,,
H5253-117-000,UHC,AARP Medicare Advantage from UHC NC-15,2026,Dental - cleaning,$0 (Periodicity varies by service ranging from 1 per 60 floating months to 8 every year.),CMS,,,
H5253-117-000,UHC,AARP Medicare Advantage from UHC NC-15,2026,Dental - X-ray,$0,CMS,,,
H5253-117-000,UHC,AARP Medicare Advantage from UHC NC-15,2026,Dental - fluoride,$0 (2 per year),CMS,,,
H5253-117-000,UHC,AARP Medicare Advantage from UHC NC-15,2026,Dental - other preventive,$0,CMS,,,
H5253-117-000,UHC,AARP Medicare Advantage from UHC NC-15,2026,Dental - restorative,50% (Periodicity varies by service ranging from 1 per lifetime to unlimited.),CMS,,,
H5253-117-000,UHC,AARP Medicare Advantage from UHC NC-15,2026,Dental - endodontics,50% (Periodicity varies by service ranging from 1 per lifetime to unlimited.),CMS,,,
H5253-117-000,UHC,AARP Medicare Advantage from UHC NC-15,2026,Dental - periodontics,50% (Periodicity varies by service ranging from 1 per lifetime to 4 per year.),CMS,,,
H5253-117-000,UHC,AARP Medicare Advantage from UHC NC-15,2026,Dental - extractions,50% (Periodicity varies by service ranging from 1 per lifetime to 2 per year.),CMS,,,
H5253-117-000,UHC,AARP Medicare Advantage from UHC NC-15,2026,Dental - prosthodontics,50% (Periodicity varies by service ranging from 1 per floating 60 months to unlimited.),CMS,,,
H5253-117-000,UHC,AARP Medicare Advantage from UHC NC-15,2026,Dental - other comprehensive,50% (Periodicity varies by service ranging from 1 per lifetime to unlimited.),CMS,,,
H5253-117-000,UHC,AARP Medicare Advantage from UHC NC-15,2026,Vision - routine eye exam,$0 (1 per year),CMS,,,
H5253-117-000,UHC,AARP Medicare Advantage from UHC NC-15,2026,Vision - eyeglasses,$0 - $153 (1 per quarter),CMS,,,
H5253-117-000,UHC,AARP Medicare Advantage from UHC NC-15,2027,Vision - eyeglasses,Routine exam $0; $150 every 2 years,FL,,,
H5253-117-000,UHC,AARP Medicare Advantage from UHC NC-15,2026,Vision - contact lenses,$0 (1 per quarter),CMS,,,
H5253-117-000,UHC,AARP Medicare Advantage from UHC NC-15,2026,Vision - eyewear (post-cataract),$0,CMS,,,
H5253-117-000,UHC,AARP Medicare Advantage from UHC NC-15,2026,Hearing - routine exam,$0 (1 per year),CMS,,,
H5253-117-000,UHC,AARP Medicare Advantage from UHC NC-15,2026,Hearing aids,"$199 - $1,249 (2 per year)",CMS,,,
H5253-117-000,UHC,AARP Medicare Advantage from UHC NC-15,2027,Hearing aids,$700 allowance for 2 hearing aids/year,FL,,,
H5253-117-000,UHC,AARP Medicare Advantage from UHC NC-15,2026,Hearing aids (other),$199 - $829 (2 per year),CMS,,,
H5253-117-000,UHC,AARP Medicare Advantage from UHC NC-15,2026,OTC allowance,$0,CMS,,,
H5253-117-000,UHC,AARP Medicare Advantage from UHC NC-15,2027,OTC allowance,$25/quarter,FL,,,
H5253-117-000,UHC,AARP Medicare Advantage from UHC NC-15,2026,Meals,$0,CMS,,,
H5253-117-000,UHC,AARP Medicare Advantage from UHC NC-15,2027,Fitness,Free gym membership with core network,FL,,,
H5253-117-000,UHC,AARP Medicare Advantage from UHC NC-15,2027,Key notes,"Post-discharge meals: 28 meals over 14 days, unlimited times/year",FL,,,
H5253-189-000,UHC,UHC Complete Care NC-28,2026,Premium,$0.00,CMS,,,
H5253-189-000,UHC,UHC Complete Care NC-28,2027,Medical deductible,$0 combined INN/OON,FL,,,
H5253-189-000,UHC,UHC Complete Care NC-28,2026,Max out-of-pocket,"$4,200",CMS,,,
H5253-189-000,UHC,UHC Complete Care NC-28,2027,Max out-of-pocket,"$4,450",FL,,,
H5253-189-000,UHC,UHC Complete Care NC-28,2026,PCP,$0,CMS,,,
H5253-189-000,UHC,UHC Complete Care NC-28,2027,PCP,$0,FL,,,
H5253-189-000,UHC,UHC Complete Care NC-28,2026,Specialist,$0 - $25,CMS,,,
H5253-189-000,UHC,UHC Complete Care NC-28,2027,Specialist,$25; referral required,FL,,,
H5253-189-000,UHC,UHC Complete Care NC-28,2026,Telehealth,$0,CMS,,,
H5253-189-000,UHC,UHC Complete Care NC-28,2026,Chiropractic,$20,CMS,,,
H5253-189-000,UHC,UHC Complete Care NC-28,2026,Podiatry,$25,CMS,,,
H5253-189-000,UHC,UHC Complete Care NC-28,2026,Other professional,$0,CMS,,,
H5253-189-000,UHC,UHC Complete Care NC-28,2026,Inpatient hospital,$455 days 1-6 / $0 days 7-90,CMS,,,
H5253-189-000,UHC,UHC Complete Care NC-28,2027,Inpatient hospital,$525 days 1-5; $0 thereafter,FL,,,
H5253-189-000,UHC,UHC Complete Care NC-28,2026,Inpatient psychiatric,$455 days 1-5 / $0 days 6-90,CMS,,,
H5253-189-000,UHC,UHC Complete Care NC-28,2026,Skilled nursing facility,$0 days 1-20 / $218 days 21-100,CMS,,,
H5253-189-000,UHC,UHC Complete Care NC-28,2026,Home health,$55,CMS,,,
H5253-189-000,UHC,UHC Complete Care NC-28,2026,Hospice,$0,CMS,,,
H5253-189-000,UHC,UHC Complete Care NC-28,2026,Outpatient hospital,$50,CMS,,,
H5253-189-000,UHC,UHC Complete Care NC-28,2027,Outpatient hospital,$525,FL,,,
H5253-189-000,UHC,UHC Complete Care NC-28,2026,Outpatient surgery (ASC),$0 - $260,CMS,,,
H5253-189-000,UHC,UHC Complete Care NC-28,2027,Outpatient surgery (ASC),$495,FL,,,
H5253-189-000,UHC,UHC Complete Care NC-28,2026,Outpatient surgery (hospital),20%,CMS,,,
H5253-189-000,UHC,UHC Complete Care NC-28,2026,Observation services,$0,CMS,,,
H5253-189-000,UHC,UHC Complete Care NC-28,2026,Emergency room,$150,CMS,,,
H5253-189-000,UHC,UHC Complete Care NC-28,2027,Emergency room,$150,FL,,,
H5253-189-000,UHC,UHC Complete Care NC-28,2026,Urgent care,$0 - $65,CMS,,,
H5253-189-000,UHC,UHC Complete Care NC-28,2027,Urgent care,$65,FL,,,
H5253-189-000,UHC,UHC Complete Care NC-28,2026,Ambulance (ground),$0 - $455,CMS,,,
H5253-189-000,UHC,UHC Complete Care NC-28,2027,Ambulance (ground),$325 ground/air,FL,,,
H5253-189-000,UHC,UHC Complete Care NC-28,2026,Ambulance (air),$455,CMS,,,
H5253-189-000,UHC,UHC Complete Care NC-28,2026,Transportation,$0 - $325,CMS,,,
H5253-189-000,UHC,UHC Complete Care NC-28,2026,Lab services,$275,CMS,,,
H5253-189-000,UHC,UHC Complete Care NC-28,2027,Lab services,$0,FL,,,
H5253-189-000,UHC,UHC Complete Care NC-28,2026,Diagnostic radiology,$275,CMS,,,
H5253-189-000,UHC,UHC Complete Care NC-28,2027,Diagnostic radiology,$285; mammograms $0,FL,,,
H5253-189-000,UHC,UHC Complete Care NC-28,2027,X-ray,$25,FL,,,
H5253-189-000,UHC,UHC Complete Care NC-28,2026,Renal dialysis,20%,CMS,,,
H5253-189-000,UHC,UHC Complete Care NC-28,2026,Durable medical equipment,20%,CMS,,,
H5253-189-000,UHC,UHC Complete Care NC-28,2026,Prosthetics,20%,CMS,,,
H5253-189-000,UHC,UHC Complete Care NC-28,2026,Diabetic supplies,$0,CMS,,,
H5253-189-000,UHC,UHC Complete Care NC-28,2026,Physical therapy,$0 - $25,CMS,,,
H5253-189-000,UHC,UHC Complete Care NC-28,2026,Occupational therapy,$25,CMS,,,
H5253-189-000,UHC,UHC Complete Care NC-28,2026,Cardiac rehab,$0,CMS,,,
H5253-189-000,UHC,UHC Complete Care NC-28,2026,Pulmonary rehab,$15,CMS,,,
H5253-189-000,UHC,UHC Complete Care NC-28,2026,Mental health (individual),$0 - $25,CMS,,,
H5253-189-000,UHC,UHC Complete Care NC-28,2026,Mental health (group),$15,CMS,,,
H5253-189-000,UHC,UHC Complete Care NC-28,2026,Substance abuse (individual),$0 - $25,CMS,,,
H5253-189-000,UHC,UHC Complete Care NC-28,2026,Partial hospitalization,$0 - $25,CMS,,,
H5253-189-000,UHC,UHC Complete Care NC-28,2026,Preventive services,$0,CMS,,,
H5253-189-000,UHC,UHC Complete Care NC-28,2026,Wellness programs,$0,CMS,,,
H5253-189-000,UHC,UHC Complete Care NC-28,2026,Rx deductible,"$355 (tiers 1,2 exempt)",CMS,,,
H5253-189-000,UHC,UHC Complete Care NC-28,2027,Rx deductible,$0 T1-2; $595 T3-5,FL,,,
H5253-189-000,UHC,UHC Complete Care NC-28,2027,Rx retail (30-day),$0 / $0 / 22% / 33% / 27%; insulin $25,FL,,,
H5253-189-000,UHC,UHC Complete Care NC-28,2027,Rx mail (100-day),$0 / $0 / 22%; insulin $75,FL,,,
H5253-189-000,UHC,UHC Complete Care NC-28,2027,Dental - allowance,Preventive dental $0; Platinum Dental Rider available,FL,,,
H5253-189-000,UHC,UHC Complete Care NC-28,2026,Dental - preventive,20%,CMS,,,
H5253-189-000,UHC,UHC Complete Care NC-28,2026,Dental - oral exam,$0 (2 per year),CMS,,,
H5253-189-000,UHC,UHC Complete Care NC-28,2026,Dental - cleaning,$0,CMS,,,
H5253-189-000,UHC,UHC Complete Care NC-28,2026,Dental - fluoride,$0 (2 per year),CMS,,,
H5253-189-000,UHC,UHC Complete Care NC-28,2026,Dental - other preventive,$0,CMS,,,
H5253-189-000,UHC,UHC Complete Care NC-28,2026,Vision - routine eye exam,$0 (1 per year),CMS,,,
H5253-189-000,UHC,UHC Complete Care NC-28,2026,Vision - eyeglasses,$0 - $153 (1 per quarter),CMS,,,
H5253-189-000,UHC,UHC Complete Care NC-28,2027,Vision - eyeglasses,Routine exam $0; $250 every 2 years,FL,,,
H5253-189-000,UHC,UHC Complete Care NC-28,2026,Vision - contact lenses,$0 (1 per quarter),CMS,,,
H5253-189-000,UHC,UHC Complete Care NC-28,2026,Vision - eyewear (post-cataract),$0,CMS,,,
H5253-189-000,UHC,UHC Complete Care NC-28,2026,Hearing - routine exam,$0 (1 per year),CMS,,,
H5253-189-000,UHC,UHC Complete Care NC-28,2026,Hearing aids,"$199 - $1,249 (2 per year)",CMS,,,
H5253-189-000,UHC,UHC Complete Care NC-28,2027,Hearing aids,"$1,000 allowance for 2 hearing aids/year",FL,,,
H5253-189-000,UHC,UHC Complete Care NC-28,2026,Hearing aids (other),$199 - $829 (2 per year),CMS,,,
H5253-189-000,UHC,UHC Complete Care NC-28,2026,OTC allowance,$0,CMS,,,
H5253-189-000,UHC,UHC Complete Care NC-28,2027,OTC allowance,$70/month OTC; healthy food for qualifying members,FL,,,
H5253-189-000,UHC,UHC Complete Care NC-28,2026,Meals,$0,CMS,,,
H5253-189-000,UHC,UHC Complete Care NC-28,2027,Fitness,Free gym membership with core network,FL,,,
H5253-189-000,UHC,UHC Complete Care NC-28,2027,Key notes,"Post-discharge meals: 28 meals over 14 days, unlimited times/year",FL,,,
H5253-216-001,UHC,UHC Dual Complete NC-S3,2027,Medical deductible,$0 combined in and out-of-network,FL,,,
H5253-216-001,UHC,UHC Dual Complete NC-S3,2027,Max out-of-pocket,$0,FL,,,
H5253-216-001,UHC,UHC Dual Complete NC-S3,2027,PCP,$0 / $0; referral required,FL,,,
H5253-216-001,UHC,UHC Dual Complete NC-S3,2027,Inpatient hospital,"$0 per stay, unlimited days",FL,,,
H5253-216-001,UHC,UHC Dual Complete NC-S3,2027,Outpatient surgery (ASC),$0 / $0,FL,,,
H5253-216-001,UHC,UHC Dual Complete NC-S3,2027,Emergency room,$0 / $0,FL,,,
H5253-216-001,UHC,UHC Dual Complete NC-S3,2027,Ambulance (ground),$0 ground or air,FL,,,
H5253-216-001,UHC,UHC Dual Complete NC-S3,2027,Lab services,$0,FL,,,
H5253-216-001,UHC,UHC Dual Complete NC-S3,2027,Diagnostic radiology,$0 / $0,FL,,,
H5253-216-001,UHC,UHC Dual Complete NC-S3,2027,Rx deductible,$0 Tier 1 · $700 Tiers 2-5; $0 with LIS,FL,,,
H5253-216-001,UHC,UHC Dual Complete NC-S3,2027,Rx retail (30-day),$0 Tier 1 · other tiers vary by LIS level,FL,,,
H5253-216-001,UHC,UHC Dual Complete NC-S3,2027,Rx mail (100-day),$0 Tier 1 · other tiers vary by LIS level,FL,,,
H5253-216-001,UHC,UHC Dual Complete NC-S3,2027,Dental - allowance,"$2,500 toward covered services; $0 copay all covered services",FL,,,
H5253-216-001,UHC,UHC Dual Complete NC-S3,2027,Vision - eyeglasses,$0 routine exam; $200/yr eyewear,FL,,,
H5253-216-001,UHC,UHC Dual Complete NC-S3,2027,Hearing aids,"$2,200 for 2 hearing aids every 2 years (UHC Hearing)",FL,,,
H5253-216-001,UHC,UHC Dual Complete NC-S3,2027,OTC allowance,$300/month OTC and wellness; healthy food and utilities for qualifying members,FL,,,
H5253-216-001,UHC,UHC Dual Complete NC-S3,2027,Fitness,"Free gym membership, core network",FL,,,
H5253-216-001,UHC,UHC Dual Complete NC-S3,2027,Key notes,"Transportation $0 INN, 36 one-way trips · Post-discharge meals 28 over 14 days",FL,,,
H5253-216-002,UHC,UHC Dual Complete NC-S3,2027,Medical deductible,$0 combined in and out-of-network,FL,,,
H5253-216-002,UHC,UHC Dual Complete NC-S3,2027,Max out-of-pocket,$0,FL,,,
H5253-216-002,UHC,UHC Dual Complete NC-S3,2027,PCP,$0 / $0; referral required,FL,,,
H5253-216-002,UHC,UHC Dual Complete NC-S3,2027,Inpatient hospital,"$0 per stay, unlimited days",FL,,,
H5253-216-002,UHC,UHC Dual Complete NC-S3,2027,Outpatient surgery (ASC),$0 / $0,FL,,,
H5253-216-002,UHC,UHC Dual Complete NC-S3,2027,Emergency room,$0 / $0,FL,,,
H5253-216-002,UHC,UHC Dual Complete NC-S3,2027,Ambulance (ground),$0 ground or air,FL,,,
H5253-216-002,UHC,UHC Dual Complete NC-S3,2027,Lab services,$0,FL,,,
H5253-216-002,UHC,UHC Dual Complete NC-S3,2027,Diagnostic radiology,$0 / $0,FL,,,
H5253-216-002,UHC,UHC Dual Complete NC-S3,2027,Rx deductible,$0 Tier 1 · $700 Tiers 2-5; $0 with LIS,FL,,,
H5253-216-002,UHC,UHC Dual Complete NC-S3,2027,Rx retail (30-day),$0 Tier 1 · other tiers vary by LIS level,FL,,,
H5253-216-002,UHC,UHC Dual Complete NC-S3,2027,Rx mail (100-day),$0 Tier 1 · other tiers vary by LIS level,FL,,,
H5253-216-002,UHC,UHC Dual Complete NC-S3,2027,Dental - allowance,"$2,500 toward covered services; $0 copay all covered services",FL,,,
H5253-216-002,UHC,UHC Dual Complete NC-S3,2027,Vision - eyeglasses,$0 routine exam; $250/yr eyewear,FL,,,
H5253-216-002,UHC,UHC Dual Complete NC-S3,2027,Hearing aids,"$2,200 for 2 hearing aids every 2 years (UHC Hearing)",FL,,,
H5253-216-002,UHC,UHC Dual Complete NC-S3,2027,OTC allowance,$358/month OTC and wellness; healthy food and utilities for qualifying members,FL,,,
H5253-216-002,UHC,UHC Dual Complete NC-S3,2027,Fitness,"Free gym membership, core network",FL,,,
H5253-216-002,UHC,UHC Dual Complete NC-S3,2027,Key notes,"Transportation $0 INN, 36 one-way trips · Post-discharge meals 28 over 14 days",FL,,,
H5253-217-001,UHC,UHC Dual Complete NC-Q2,2027,Medical deductible,$0 - $283 combined in and out-of-network,FL,,,
H5253-217-001,UHC,UHC Dual Complete NC-Q2,2027,Max out-of-pocket,"$0 - $9,850",FL,,,
H5253-217-001,UHC,UHC Dual Complete NC-Q2,2027,PCP,$0 - 20% / $0 - 20%; referral required,FL,,,
H5253-217-001,UHC,UHC Dual Complete NC-Q2,2027,Inpatient hospital,"$0 - $1,925 per stay, unlimited days",FL,,,
H5253-217-001,UHC,UHC Dual Complete NC-Q2,2027,Outpatient surgery (ASC),$0 - 20% / $0 - 20%; $0 colonoscopies,FL,,,
H5253-217-001,UHC,UHC Dual Complete NC-Q2,2027,Emergency room,$0 - $115 / $0 - $40,FL,,,
H5253-217-001,UHC,UHC Dual Complete NC-Q2,2027,Ambulance (ground),$0 - 20% ground or air,FL,,,
H5253-217-001,UHC,UHC Dual Complete NC-Q2,2027,Lab services,$0,FL,,,
H5253-217-001,UHC,UHC Dual Complete NC-Q2,2027,Diagnostic radiology,$0 - 20%; $0 mammograms / $0 - 20%,FL,,,
H5253-217-001,UHC,UHC Dual Complete NC-Q2,2027,Rx deductible,$0 Tiers 1-2 · $700 Tiers 3-5; $0 with LIS,FL,,,
H5253-217-001,UHC,UHC Dual Complete NC-Q2,2027,Rx retail (30-day),$0 Tier 1 · other tiers vary by LIS level,FL,,,
H5253-217-001,UHC,UHC Dual Complete NC-Q2,2027,Rx mail (100-day),$0 Tier 1 · other tiers vary by LIS level,FL,,,
H5253-217-001,UHC,UHC Dual Complete NC-Q2,2027,Dental - allowance,"$1,500 toward covered services; $0 copay all covered services",FL,,,
H5253-217-001,UHC,UHC Dual Complete NC-Q2,2027,Vision - eyeglasses,$0 routine exam; $300/yr eyewear,FL,,,
H5253-217-001,UHC,UHC Dual Complete NC-Q2,2027,Hearing aids,"$2,200 for 2 hearing aids every 2 years (UHC Hearing)",FL,,,
H5253-217-001,UHC,UHC Dual Complete NC-Q2,2027,OTC allowance,$230/month OTC and wellness; healthy food and utilities for qualifying members,FL,,,
H5253-217-001,UHC,UHC Dual Complete NC-Q2,2027,Fitness,Not covered,FL,,,
H5253-217-001,UHC,UHC Dual Complete NC-Q2,2027,Key notes,"Transportation $0 INN, 12 one-way trips · Post-discharge meals 28 over 14 days",FL,,,
H5253-217-002,UHC,UHC Dual Complete NC-Q2,2027,Medical deductible,$0 - $283 combined in and out-of-network,FL,,,
H5253-217-002,UHC,UHC Dual Complete NC-Q2,2027,Max out-of-pocket,"$0 - $9,850",FL,,,
H5253-217-002,UHC,UHC Dual Complete NC-Q2,2027,PCP,$0 - 20% / $0 - 20%; referral required,FL,,,
H5253-217-002,UHC,UHC Dual Complete NC-Q2,2027,Inpatient hospital,"$0 - $1,870 per stay, unlimited days",FL,,,
H5253-217-002,UHC,UHC Dual Complete NC-Q2,2027,Outpatient surgery (ASC),$0 - 20% / $0 - 20%; $0 colonoscopies,FL,,,
H5253-217-002,UHC,UHC Dual Complete NC-Q2,2027,Emergency room,$0 - $115 / $0 - $40,FL,,,
H5253-217-002,UHC,UHC Dual Complete NC-Q2,2027,Ambulance (ground),$0 - 20% ground or air,FL,,,
H5253-217-002,UHC,UHC Dual Complete NC-Q2,2027,Lab services,$0,FL,,,
H5253-217-002,UHC,UHC Dual Complete NC-Q2,2027,Diagnostic radiology,$0 - 20%; $0 mammograms / $0 - 20%,FL,,,
H5253-217-002,UHC,UHC Dual Complete NC-Q2,2027,Rx deductible,$0 Tiers 1-2 · $700 Tiers 3-5; $0 with LIS,FL,,,
H5253-217-002,UHC,UHC Dual Complete NC-Q2,2027,Rx retail (30-day),$0 Tier 1 · other tiers vary by LIS level,FL,,,
H5253-217-002,UHC,UHC Dual Complete NC-Q2,2027,Rx mail (100-day),$0 Tier 1 · other tiers vary by LIS level,FL,,,
H5253-217-002,UHC,UHC Dual Complete NC-Q2,2027,Dental - allowance,"$1,500 toward covered services; $0 copay all covered services",FL,,,
H5253-217-002,UHC,UHC Dual Complete NC-Q2,2027,Vision - eyeglasses,$0 routine exam; $300/yr eyewear,FL,,,
H5253-217-002,UHC,UHC Dual Complete NC-Q2,2027,Hearing aids,"$2,200 for 2 hearing aids every 2 years (UHC Hearing)",FL,,,
H5253-217-002,UHC,UHC Dual Complete NC-Q2,2027,OTC allowance,$310/month OTC and wellness; healthy food and utilities for qualifying members,FL,,,
H5253-217-002,UHC,UHC Dual Complete NC-Q2,2027,Fitness,Not covered,FL,,,
H5253-217-002,UHC,UHC Dual Complete NC-Q2,2027,Key notes,"Transportation $0 INN, 12 one-way trips · Post-discharge meals 28 over 14 days",FL,,,
S5921-353-000,UHC,AARP Medicare Rx Saver from UHC (PDP),2026,Premium,$56.90,CMS,,,
S5921-353-000,UHC,AARP Medicare Rx Saver from UHC (PDP),2026,Benefit type,Actuarially Equivalent,CMS,,,
S5921-353-000,UHC,AARP Medicare Rx Saver from UHC (PDP),2026,Number of tiers,5,CMS,,,
S5921-353-000,UHC,AARP Medicare Rx Saver from UHC (PDP),2026,Insulin tiers,"3,4,5",CMS,,,
S5921-353-000,UHC,AARP Medicare Rx Saver from UHC (PDP),2026,Tier 1 (preferred generic) — Long-term care,$8,CMS,,,
S5921-353-000,UHC,AARP Medicare Rx Saver from UHC (PDP),2026,Tier 1 (preferred generic) — Mail 90-day,$24,CMS,,,
S5921-353-000,UHC,AARP Medicare Rx Saver from UHC (PDP),2026,Tier 1 (preferred generic) — Mail 90-day (preferred),$6,CMS,,,
S5921-353-000,UHC,AARP Medicare Rx Saver from UHC (PDP),2026,Tier 1 (preferred generic) — Out of network,$8,CMS,,,
S5921-353-000,UHC,AARP Medicare Rx Saver from UHC (PDP),2026,Tier 1 (preferred generic) — Retail 30-day (standard),$8,CMS,,,
S5921-353-000,UHC,AARP Medicare Rx Saver from UHC (PDP),2026,Tier 1 (preferred generic) — Retail 90-day (standard),$24,CMS,,,
S5921-353-000,UHC,AARP Medicare Rx Saver from UHC (PDP),2026,Tier 2 (generic) — Long-term care,$10,CMS,,,
S5921-353-000,UHC,AARP Medicare Rx Saver from UHC (PDP),2026,Tier 2 (generic) — Mail 90-day,$30,CMS,,,
S5921-353-000,UHC,AARP Medicare Rx Saver from UHC (PDP),2026,Tier 2 (generic) — Mail 90-day (preferred),$24,CMS,,,
S5921-353-000,UHC,AARP Medicare Rx Saver from UHC (PDP),2026,Tier 2 (generic) — Out of network,$10,CMS,,,
S5921-353-000,UHC,AARP Medicare Rx Saver from UHC (PDP),2026,Tier 2 (generic) — Retail 30-day (standard),$10,CMS,,,
S5921-353-000,UHC,AARP Medicare Rx Saver from UHC (PDP),2026,Tier 2 (generic) — Retail 90-day (standard),$30,CMS,,,
S5921-353-000,UHC,AARP Medicare Rx Saver from UHC (PDP),2026,Tier 3 (preferred brand) — Long-term care,18%,CMS,,,
S5921-353-000,UHC,AARP Medicare Rx Saver from UHC (PDP),2026,Tier 3 (preferred brand) — Mail 90-day,18%,CMS,,,
S5921-353-000,UHC,AARP Medicare Rx Saver from UHC (PDP),2026,Tier 3 (preferred brand) — Mail 90-day (preferred),18%,CMS,,,
S5921-353-000,UHC,AARP Medicare Rx Saver from UHC (PDP),2026,Tier 3 (preferred brand) — Out of network,18%,CMS,,,
S5921-353-000,UHC,AARP Medicare Rx Saver from UHC (PDP),2026,Tier 3 (preferred brand) — Retail 30-day (standard),18%,CMS,,,
S5921-353-000,UHC,AARP Medicare Rx Saver from UHC (PDP),2026,Tier 3 (preferred brand) — Retail 90-day (standard),18%,CMS,,,
S5921-353-000,UHC,AARP Medicare Rx Saver from UHC (PDP),2026,Tier 4 (non-preferred) — Long-term care,37%,CMS,,,
S5921-353-000,UHC,AARP Medicare Rx Saver from UHC (PDP),2026,Tier 4 (non-preferred) — Mail 30-day,37%,CMS,,,
S5921-353-000,UHC,AARP Medicare Rx Saver from UHC (PDP),2026,Tier 4 (non-preferred) — Mail 30-day (preferred),34%,CMS,,,
S5921-353-000,UHC,AARP Medicare Rx Saver from UHC (PDP),2026,Tier 4 (non-preferred) — Out of network,37%,CMS,,,
S5921-353-000,UHC,AARP Medicare Rx Saver from UHC (PDP),2026,Tier 4 (non-preferred) — Retail 30-day (standard),37%,CMS,,,
S5921-353-000,UHC,AARP Medicare Rx Saver from UHC (PDP),2026,Tier 5 (specialty) — Long-term care,25%,CMS,,,
S5921-353-000,UHC,AARP Medicare Rx Saver from UHC (PDP),2026,Tier 5 (specialty) — Mail 30-day,25%,CMS,,,
S5921-353-000,UHC,AARP Medicare Rx Saver from UHC (PDP),2026,Tier 5 (specialty) — Mail 30-day (preferred),25%,CMS,,,
S5921-353-000,UHC,AARP Medicare Rx Saver from UHC (PDP),2026,Tier 5 (specialty) — Out of network,25%,CMS,,,
S5921-353-000,UHC,AARP Medicare Rx Saver from UHC (PDP),2026,Tier 5 (specialty) — Retail 30-day (standard),25%,CMS,,,
S5921-390-000,UHC,AARP Medicare Rx Preferred from UHC (PDP),2026,Premium,$119.80,CMS,,,
S5921-390-000,UHC,AARP Medicare Rx Preferred from UHC (PDP),2026,Benefit type,Enhanced Alternative,CMS,,,
S5921-390-000,UHC,AARP Medicare Rx Preferred from UHC (PDP),2026,Number of tiers,5,CMS,,,
S5921-390-000,UHC,AARP Medicare Rx Preferred from UHC (PDP),2026,Rx deductible,"$130 (tiers 1,2 exempt)",CMS,,,
S5921-390-000,UHC,AARP Medicare Rx Preferred from UHC (PDP),2026,Insulin tiers,"3,4,5",CMS,,,
S5921-390-000,UHC,AARP Medicare Rx Preferred from UHC (PDP),2026,Tier 1 (preferred generic) — Long-term care,$13,CMS,,,
S5921-390-000,UHC,AARP Medicare Rx Preferred from UHC (PDP),2026,Tier 1 (preferred generic) — Mail 90-day,$39,CMS,,,
S5921-390-000,UHC,AARP Medicare Rx Preferred from UHC (PDP),2026,Tier 1 (preferred generic) — Mail 90-day (preferred),$0,CMS,,,
S5921-390-000,UHC,AARP Medicare Rx Preferred from UHC (PDP),2026,Tier 1 (preferred generic) — Out of network,$13,CMS,,,
S5921-390-000,UHC,AARP Medicare Rx Preferred from UHC (PDP),2026,Tier 1 (preferred generic) — Retail 30-day (standard),$13,CMS,,,
S5921-390-000,UHC,AARP Medicare Rx Preferred from UHC (PDP),2026,Tier 1 (preferred generic) — Retail 90-day (standard),$39,CMS,,,
S5921-390-000,UHC,AARP Medicare Rx Preferred from UHC (PDP),2026,Tier 2 (generic) — Long-term care,$18,CMS,,,
S5921-390-000,UHC,AARP Medicare Rx Preferred from UHC (PDP),2026,Tier 2 (generic) — Mail 90-day,$54,CMS,,,
S5921-390-000,UHC,AARP Medicare Rx Preferred from UHC (PDP),2026,Tier 2 (generic) — Mail 90-day (preferred),$0,CMS,,,
S5921-390-000,UHC,AARP Medicare Rx Preferred from UHC (PDP),2026,Tier 2 (generic) — Out of network,$18,CMS,,,
S5921-390-000,UHC,AARP Medicare Rx Preferred from UHC (PDP),2026,Tier 2 (generic) — Retail 30-day (standard),$18,CMS,,,
S5921-390-000,UHC,AARP Medicare Rx Preferred from UHC (PDP),2026,Tier 2 (generic) — Retail 90-day (standard),$54,CMS,,,
S5921-390-000,UHC,AARP Medicare Rx Preferred from UHC (PDP),2026,Tier 3 (preferred brand) — Long-term care,17%,CMS,,,
S5921-390-000,UHC,AARP Medicare Rx Preferred from UHC (PDP),2026,Tier 3 (preferred brand) — Mail 90-day,17%,CMS,,,
S5921-390-000,UHC,AARP Medicare Rx Preferred from UHC (PDP),2026,Tier 3 (preferred brand) — Mail 90-day (preferred),17%,CMS,,,
S5921-390-000,UHC,AARP Medicare Rx Preferred from UHC (PDP),2026,Tier 3 (preferred brand) — Out of network,17%,CMS,,,
S5921-390-000,UHC,AARP Medicare Rx Preferred from UHC (PDP),2026,Tier 3 (preferred brand) — Retail 30-day (standard),17%,CMS,,,
S5921-390-000,UHC,AARP Medicare Rx Preferred from UHC (PDP),2026,Tier 3 (preferred brand) — Retail 90-day (standard),17%,CMS,,,
S5921-390-000,UHC,AARP Medicare Rx Preferred from UHC (PDP),2026,Tier 4 (non-preferred) — Long-term care,38%,CMS,,,
S5921-390-000,UHC,AARP Medicare Rx Preferred from UHC (PDP),2026,Tier 4 (non-preferred) — Mail 30-day,38%,CMS,,,
S5921-390-000,UHC,AARP Medicare Rx Preferred from UHC (PDP),2026,Tier 4 (non-preferred) — Mail 30-day (preferred),33%,CMS,,,
S5921-390-000,UHC,AARP Medicare Rx Preferred from UHC (PDP),2026,Tier 4 (non-preferred) — Out of network,38%,CMS,,,
S5921-390-000,UHC,AARP Medicare Rx Preferred from UHC (PDP),2026,Tier 4 (non-preferred) — Retail 30-day (standard),38%,CMS,,,
S5921-390-000,UHC,AARP Medicare Rx Preferred from UHC (PDP),2026,Tier 5 (specialty) — Long-term care,31%,CMS,,,
S5921-390-000,UHC,AARP Medicare Rx Preferred from UHC (PDP),2026,Tier 5 (specialty) — Mail 30-day,31%,CMS,,,
S5921-390-000,UHC,AARP Medicare Rx Preferred from UHC (PDP),2026,Tier 5 (specialty) — Mail 30-day (preferred),31%,CMS,,,
S5921-390-000,UHC,AARP Medicare Rx Preferred from UHC (PDP),2026,Tier 5 (specialty) — Out of network,31%,CMS,,,
S5921-390-000,UHC,AARP Medicare Rx Preferred from UHC (PDP),2026,Tier 5 (specialty) — Retail 30-day (standard),31%,CMS,,,
S4802-081-000,Wellcare,Wellcare Classic (PDP),2026,Premium,$4.70,CMS,,,
S4802-081-000,Wellcare,Wellcare Classic (PDP),2026,Benefit type,Actuarially Equivalent,CMS,,,
S4802-081-000,Wellcare,Wellcare Classic (PDP),2026,Number of tiers,5,CMS,,,
S4802-081-000,Wellcare,Wellcare Classic (PDP),2026,Insulin tiers,"3,4",CMS,,,
S4802-081-000,Wellcare,Wellcare Classic (PDP),2026,Tier 1 (preferred generic) — Long-term care,$10,CMS,,,
S4802-081-000,Wellcare,Wellcare Classic (PDP),2026,Tier 1 (preferred generic) — Mail 90-day,$30,CMS,,,
S4802-081-000,Wellcare,Wellcare Classic (PDP),2026,Tier 1 (preferred generic) — Mail 90-day (preferred),$0,CMS,,,
S4802-081-000,Wellcare,Wellcare Classic (PDP),2026,Tier 1 (preferred generic) — Out of network,$10,CMS,,,
S4802-081-000,Wellcare,Wellcare Classic (PDP),2026,Tier 1 (preferred generic) — Retail 30-day (standard),$10,CMS,,,
S4802-081-000,Wellcare,Wellcare Classic (PDP),2026,Tier 1 (preferred generic) — Retail 90-day (standard),$30,CMS,,,
S4802-081-000,Wellcare,Wellcare Classic (PDP),2026,Tier 2 (generic) — Long-term care,$20,CMS,,,
S4802-081-000,Wellcare,Wellcare Classic (PDP),2026,Tier 2 (generic) — Mail 90-day,$60,CMS,,,
S4802-081-000,Wellcare,Wellcare Classic (PDP),2026,Tier 2 (generic) — Mail 90-day (preferred),$30,CMS,,,
S4802-081-000,Wellcare,Wellcare Classic (PDP),2026,Tier 2 (generic) — Out of network,$20,CMS,,,
S4802-081-000,Wellcare,Wellcare Classic (PDP),2026,Tier 2 (generic) — Retail 30-day (standard),$20,CMS,,,
S4802-081-000,Wellcare,Wellcare Classic (PDP),2026,Tier 2 (generic) — Retail 90-day (standard),$60,CMS,,,
S4802-081-000,Wellcare,Wellcare Classic (PDP),2026,Tier 3 (preferred brand) — Long-term care,25%,CMS,,,
S4802-081-000,Wellcare,Wellcare Classic (PDP),2026,Tier 3 (preferred brand) — Mail 90-day,25%,CMS,,,
S4802-081-000,Wellcare,Wellcare Classic (PDP),2026,Tier 3 (preferred brand) — Mail 90-day (preferred),25%,CMS,,,
S4802-081-000,Wellcare,Wellcare Classic (PDP),2026,Tier 3 (preferred brand) — Out of network,25%,CMS,,,
S4802-081-000,Wellcare,Wellcare Classic (PDP),2026,Tier 3 (preferred brand) — Retail 30-day (standard),25%,CMS,,,
S4802-081-000,Wellcare,Wellcare Classic (PDP),2026,Tier 3 (preferred brand) — Retail 90-day (standard),25%,CMS,,,
S4802-081-000,Wellcare,Wellcare Classic (PDP),2026,Tier 4 (non-preferred) — Long-term care,29%,CMS,,,
S4802-081-000,Wellcare,Wellcare Classic (PDP),2026,Tier 4 (non-preferred) — Mail 90-day,29%,CMS,,,
S4802-081-000,Wellcare,Wellcare Classic (PDP),2026,Tier 4 (non-preferred) — Mail 90-day (preferred),27%,CMS,,,
S4802-081-000,Wellcare,Wellcare Classic (PDP),2026,Tier 4 (non-preferred) — Out of network,29%,CMS,,,
S4802-081-000,Wellcare,Wellcare Classic (PDP),2026,Tier 4 (non-preferred) — Retail 30-day (standard),29%,CMS,,,
S4802-081-000,Wellcare,Wellcare Classic (PDP),2026,Tier 4 (non-preferred) — Retail 90-day (standard),29%,CMS,,,
S4802-081-000,Wellcare,Wellcare Classic (PDP),2026,Tier 5 (specialty) — Long-term care,25%,CMS,,,
S4802-081-000,Wellcare,Wellcare Classic (PDP),2026,Tier 5 (specialty) — Out of network,25%,CMS,,,
S4802-081-000,Wellcare,Wellcare Classic (PDP),2026,Tier 5 (specialty) — Retail 30-day (standard),25%,CMS,,,
S4802-143-000,Wellcare,Wellcare Value Script (PDP),2026,Premium,$3.60,CMS,,,
S4802-143-000,Wellcare,Wellcare Value Script (PDP),2026,Benefit type,Enhanced Alternative,CMS,,,
S4802-143-000,Wellcare,Wellcare Value Script (PDP),2026,Number of tiers,6,CMS,,,
S4802-143-000,Wellcare,Wellcare Value Script (PDP),2026,Rx deductible,"$615 (tiers 1,2 exempt)",CMS,,,
S4802-143-000,Wellcare,Wellcare Value Script (PDP),2026,Insulin tiers,"3,4",CMS,,,
S4802-143-000,Wellcare,Wellcare Value Script (PDP),2026,Tier 1 (preferred generic) — Long-term care,$15,CMS,,,
S4802-143-000,Wellcare,Wellcare Value Script (PDP),2026,Tier 1 (preferred generic) — Mail 90-day,$45,CMS,,,
S4802-143-000,Wellcare,Wellcare Value Script (PDP),2026,Tier 1 (preferred generic) — Mail 90-day (preferred),$0,CMS,,,
S4802-143-000,Wellcare,Wellcare Value Script (PDP),2026,Tier 1 (preferred generic) — Out of network,$15,CMS,,,
S4802-143-000,Wellcare,Wellcare Value Script (PDP),2026,Tier 1 (preferred generic) — Retail 30-day (standard),$15,CMS,,,
S4802-143-000,Wellcare,Wellcare Value Script (PDP),2026,Tier 1 (preferred generic) — Retail 90-day (standard),$45,CMS,,,
S4802-143-000,Wellcare,Wellcare Value Script (PDP),2026,Tier 2 (generic) — Long-term care,$20,CMS,,,
S4802-143-000,Wellcare,Wellcare Value Script (PDP),2026,Tier 2 (generic) — Mail 90-day,$60,CMS,,,
S4802-143-000,Wellcare,Wellcare Value Script (PDP),2026,Tier 2 (generic) — Mail 90-day (preferred),$9,CMS,,,
S4802-143-000,Wellcare,Wellcare Value Script (PDP),2026,Tier 2 (generic) — Out of network,$20,CMS,,,
S4802-143-000,Wellcare,Wellcare Value Script (PDP),2026,Tier 2 (generic) — Retail 30-day (standard),$20,CMS,,,
S4802-143-000,Wellcare,Wellcare Value Script (PDP),2026,Tier 2 (generic) — Retail 90-day (standard),$60,CMS,,,
S4802-143-000,Wellcare,Wellcare Value Script (PDP),2026,Tier 3 (preferred brand) — Long-term care,25%,CMS,,,
S4802-143-000,Wellcare,Wellcare Value Script (PDP),2026,Tier 3 (preferred brand) — Mail 90-day,25%,CMS,,,
S4802-143-000,Wellcare,Wellcare Value Script (PDP),2026,Tier 3 (preferred brand) — Mail 90-day (preferred),25%,CMS,,,
S4802-143-000,Wellcare,Wellcare Value Script (PDP),2026,Tier 3 (preferred brand) — Out of network,25%,CMS,,,
S4802-143-000,Wellcare,Wellcare Value Script (PDP),2026,Tier 3 (preferred brand) — Retail 30-day (standard),25%,CMS,,,
S4802-143-000,Wellcare,Wellcare Value Script (PDP),2026,Tier 3 (preferred brand) — Retail 90-day (standard),25%,CMS,,,
S4802-143-000,Wellcare,Wellcare Value Script (PDP),2026,Tier 4 (non-preferred) — Long-term care,50%,CMS,,,
S4802-143-000,Wellcare,Wellcare Value Script (PDP),2026,Tier 4 (non-preferred) — Mail 90-day,50%,CMS,,,
S4802-143-000,Wellcare,Wellcare Value Script (PDP),2026,Tier 4 (non-preferred) — Mail 90-day (preferred),40%,CMS,,,
S4802-143-000,Wellcare,Wellcare Value Script (PDP),2026,Tier 4 (non-preferred) — Out of network,50%,CMS,,,
S4802-143-000,Wellcare,Wellcare Value Script (PDP),2026,Tier 4 (non-preferred) — Retail 30-day (standard),50%,CMS,,,
S4802-143-000,Wellcare,Wellcare Value Script (PDP),2026,Tier 4 (non-preferred) — Retail 90-day (standard),50%,CMS,,,
S4802-143-000,Wellcare,Wellcare Value Script (PDP),2026,Tier 5 (specialty) — Long-term care,25%,CMS,,,
S4802-143-000,Wellcare,Wellcare Value Script (PDP),2026,Tier 5 (specialty) — Out of network,25%,CMS,,,
S4802-143-000,Wellcare,Wellcare Value Script (PDP),2026,Tier 5 (specialty) — Retail 30-day (standard),25%,CMS,,,
