CMS Code,Carrier,Plan Name,Year,Benefit,Value,Source,Verified By,Verified Date,Notes
H1889-005-000,UHC,UHC Dual Complete NC-Q1,2026,Premium,$36.20,CMS,,,
H1889-005-000,UHC,UHC Dual Complete NC-Q1,2027,Medical deductible,$0 combined INN/OON,FL,,,
H1889-005-000,UHC,UHC Dual Complete NC-Q1,2026,Max out-of-pocket,"$9,250.00",CMS,,,
H1889-005-000,UHC,UHC Dual Complete NC-Q1,2027,Max out-of-pocket,$0,FL,,,
H1889-005-000,UHC,UHC Dual Complete NC-Q1,2026,PCP,0% - 20%,CMS,,,
H1889-005-000,UHC,UHC Dual Complete NC-Q1,2027,PCP,$0,FL,,,
H1889-005-000,UHC,UHC Dual Complete NC-Q1,2026,Specialist,0% - 20%,CMS,,,
H1889-005-000,UHC,UHC Dual Complete NC-Q1,2027,Specialist,$0; no referral required,FL,,,
H1889-005-000,UHC,UHC Dual Complete NC-Q1,2026,Telehealth,$0,CMS,,,
H1889-005-000,UHC,UHC Dual Complete NC-Q1,2026,Chiropractic,20%,CMS,,,
H1889-005-000,UHC,UHC Dual Complete NC-Q1,2026,Podiatry,20%,CMS,,,
H1889-005-000,UHC,UHC Dual Complete NC-Q1,2026,Other professional,$0,CMS,,,
H1889-005-000,UHC,UHC Dual Complete NC-Q1,2027,Inpatient hospital,$0 per stay; unlimited days,FL,,,
H1889-005-000,UHC,UHC Dual Complete NC-Q1,2026,Home health,$55,CMS,,,
H1889-005-000,UHC,UHC Dual Complete NC-Q1,2026,Hospice,$0,CMS,,,
H1889-005-000,UHC,UHC Dual Complete NC-Q1,2026,Outpatient hospital,20%,CMS,,,
H1889-005-000,UHC,UHC Dual Complete NC-Q1,2027,Outpatient hospital,$0,FL,,,
H1889-005-000,UHC,UHC Dual Complete NC-Q1,2026,Outpatient surgery (ASC),0% - 20%,CMS,,,
H1889-005-000,UHC,UHC Dual Complete NC-Q1,2027,Outpatient surgery (ASC),$0,FL,,,
H1889-005-000,UHC,UHC Dual Complete NC-Q1,2026,Outpatient surgery (hospital),20%,CMS,,,
H1889-005-000,UHC,UHC Dual Complete NC-Q1,2026,Observation services,$0,CMS,,,
H1889-005-000,UHC,UHC Dual Complete NC-Q1,2026,Emergency room,$115,CMS,,,
H1889-005-000,UHC,UHC Dual Complete NC-Q1,2027,Emergency room,$0,FL,,,
H1889-005-000,UHC,UHC Dual Complete NC-Q1,2026,Urgent care,$0 - $40,CMS,,,
H1889-005-000,UHC,UHC Dual Complete NC-Q1,2027,Urgent care,$0,FL,,,
H1889-005-000,UHC,UHC Dual Complete NC-Q1,2026,Ambulance (ground),0% - 20%,CMS,,,
H1889-005-000,UHC,UHC Dual Complete NC-Q1,2027,Ambulance (ground),$0 ground/air,FL,,,
H1889-005-000,UHC,UHC Dual Complete NC-Q1,2026,Ambulance (air),20%,CMS,,,
H1889-005-000,UHC,UHC Dual Complete NC-Q1,2026,Transportation,0% - 20%,CMS,,,
H1889-005-000,UHC,UHC Dual Complete NC-Q1,2026,Lab services,20%,CMS,,,
H1889-005-000,UHC,UHC Dual Complete NC-Q1,2027,Lab services,$0,FL,,,
H1889-005-000,UHC,UHC Dual Complete NC-Q1,2026,Diagnostic radiology,20%,CMS,,,
H1889-005-000,UHC,UHC Dual Complete NC-Q1,2027,Diagnostic radiology,$0,FL,,,
H1889-005-000,UHC,UHC Dual Complete NC-Q1,2027,X-ray,$0,FL,,,
H1889-005-000,UHC,UHC Dual Complete NC-Q1,2026,Renal dialysis,20%,CMS,,,
H1889-005-000,UHC,UHC Dual Complete NC-Q1,2026,Durable medical equipment,20%,CMS,,,
H1889-005-000,UHC,UHC Dual Complete NC-Q1,2026,Prosthetics,20%,CMS,,,
H1889-005-000,UHC,UHC Dual Complete NC-Q1,2026,Diabetic supplies,$0,CMS,,,
H1889-005-000,UHC,UHC Dual Complete NC-Q1,2026,Physical therapy,0% - 20%,CMS,,,
H1889-005-000,UHC,UHC Dual Complete NC-Q1,2026,Occupational therapy,20%,CMS,,,
H1889-005-000,UHC,UHC Dual Complete NC-Q1,2026,Cardiac rehab,20%,CMS,,,
H1889-005-000,UHC,UHC Dual Complete NC-Q1,2026,Pulmonary rehab,20%,CMS,,,
H1889-005-000,UHC,UHC Dual Complete NC-Q1,2026,Mental health (individual),0% - 20%,CMS,,,
H1889-005-000,UHC,UHC Dual Complete NC-Q1,2026,Mental health (group),20%,CMS,,,
H1889-005-000,UHC,UHC Dual Complete NC-Q1,2026,Substance abuse (individual),0% - 20%,CMS,,,
H1889-005-000,UHC,UHC Dual Complete NC-Q1,2026,Partial hospitalization,0% - 20%,CMS,,,
H1889-005-000,UHC,UHC Dual Complete NC-Q1,2026,Annual physical exam,0% - 40%,CMS,,,
H1889-005-000,UHC,UHC Dual Complete NC-Q1,2026,Preventive services,$0,CMS,,,
H1889-005-000,UHC,UHC Dual Complete NC-Q1,2026,Wellness programs,$0,CMS,,,
H1889-005-000,UHC,UHC Dual Complete NC-Q1,2026,Rx deductible,$615 (tiers 1 exempt),CMS,,,
H1889-005-000,UHC,UHC Dual Complete NC-Q1,2027,Rx deductible,$0 T1; $700 T2-5; $0 with LIS,FL,,,
H1889-005-000,UHC,UHC Dual Complete NC-Q1,2027,Rx retail (30-day),$0 T1; other drugs vary by LIS,FL,,,
H1889-005-000,UHC,UHC Dual Complete NC-Q1,2027,Rx mail (100-day),$0 T1; other drugs vary by LIS,FL,,,
H1889-005-000,UHC,UHC Dual Complete NC-Q1,2026,Dental - allowance,"$2,000 per year",CMS,,,
H1889-005-000,UHC,UHC Dual Complete NC-Q1,2027,Dental - allowance,"$2,000 toward covered services; $0 all covered services",FL,,,
H1889-005-000,UHC,UHC Dual Complete NC-Q1,2026,Dental - preventive,20%,CMS,,,
H1889-005-000,UHC,UHC Dual Complete NC-Q1,2026,Dental - oral exam,$0 (Periodicity varies by service ranging from 2 every year to 1 every 3 years.),CMS,,,
H1889-005-000,UHC,UHC Dual Complete NC-Q1,2026,Dental - cleaning,$0 (Periodicity varies by service ranging from 1 per 60 floating months to 8 every year.),CMS,,,
H1889-005-000,UHC,UHC Dual Complete NC-Q1,2026,Dental - X-ray,$0,CMS,,,
H1889-005-000,UHC,UHC Dual Complete NC-Q1,2026,Dental - fluoride,$0 (2 per year),CMS,,,
H1889-005-000,UHC,UHC Dual Complete NC-Q1,2026,Dental - other preventive,$0,CMS,,,
H1889-005-000,UHC,UHC Dual Complete NC-Q1,2026,Dental - restorative,$0 (Periodicity varies by service ranging from 1 per lifetime to unlimited.),CMS,,,
H1889-005-000,UHC,UHC Dual Complete NC-Q1,2026,Dental - endodontics,$0 (Periodicity varies by service ranging from 1 per lifetime to unlimited.),CMS,,,
H1889-005-000,UHC,UHC Dual Complete NC-Q1,2026,Dental - periodontics,$0 (Periodicity varies by service ranging from 1 per lifetime to 4 per year.),CMS,,,
H1889-005-000,UHC,UHC Dual Complete NC-Q1,2026,Dental - extractions,$0 (Periodicity varies by service ranging from 1 per lifetime to 2 per year.),CMS,,,
H1889-005-000,UHC,UHC Dual Complete NC-Q1,2026,Dental - prosthodontics,$0 (Periodicity varies by service ranging from 1 per floating 60 months to unlimited.),CMS,,,
H1889-005-000,UHC,UHC Dual Complete NC-Q1,2026,Dental - other comprehensive,$0 (Periodicity varies by service ranging from 1 per lifetime to unlimited.),CMS,,,
H1889-005-000,UHC,UHC Dual Complete NC-Q1,2026,Vision - routine eye exam,$0 (1 per year),CMS,,,
H1889-005-000,UHC,UHC Dual Complete NC-Q1,2026,Vision - eyeglasses,$0 (1 per year),CMS,,,
H1889-005-000,UHC,UHC Dual Complete NC-Q1,2027,Vision - eyeglasses,Routine exam $0; $150/year,FL,,,
H1889-005-000,UHC,UHC Dual Complete NC-Q1,2026,Vision - contact lenses,$0 (1 per year),CMS,,,
H1889-005-000,UHC,UHC Dual Complete NC-Q1,2026,Vision - eyewear (post-cataract),$0,CMS,,,
H1889-005-000,UHC,UHC Dual Complete NC-Q1,2026,Hearing - routine exam,$0 (1 per year),CMS,,,
H1889-005-000,UHC,UHC Dual Complete NC-Q1,2026,Hearing aids,$0 (2 per quarter),CMS,,,
H1889-005-000,UHC,UHC Dual Complete NC-Q1,2027,Hearing aids,"$1,500 allowance for 2 hearing aids every 2 years",FL,,,
H1889-005-000,UHC,UHC Dual Complete NC-Q1,2026,Hearing aids (other),$0 (2 per quarter),CMS,,,
H1889-005-000,UHC,UHC Dual Complete NC-Q1,2026,OTC allowance,$0,CMS,,,
H1889-005-000,UHC,UHC Dual Complete NC-Q1,2027,OTC allowance,$190/month OTC & wellness; healthy food/utilities for qualifying members,FL,,,
H1889-005-000,UHC,UHC Dual Complete NC-Q1,2026,Meals,$0,CMS,,,
H1889-005-000,UHC,UHC Dual Complete NC-Q1,2027,Fitness,Free gym membership with core network,FL,,,
H1889-005-000,UHC,UHC Dual Complete NC-Q1,2027,Key notes,Transportation: 24 one-way trips; $0 INN / 75% OON; combined INN/OON,FL,,,
H1889-034-000,UHC,UHC Dual Complete NC-S2,2026,Premium,$36.20,CMS,,,
H1889-034-000,UHC,UHC Dual Complete NC-S2,2027,Medical deductible,$0 combined INN/OON,FL,,,
H1889-034-000,UHC,UHC Dual Complete NC-S2,2026,Max out-of-pocket,"$9,250.00",CMS,,,
H1889-034-000,UHC,UHC Dual Complete NC-S2,2027,Max out-of-pocket,$0,FL,,,
H1889-034-000,UHC,UHC Dual Complete NC-S2,2026,PCP,0% - 20%,CMS,,,
H1889-034-000,UHC,UHC Dual Complete NC-S2,2027,PCP,$0,FL,,,
H1889-034-000,UHC,UHC Dual Complete NC-S2,2026,Specialist,0% - 20%,CMS,,,
H1889-034-000,UHC,UHC Dual Complete NC-S2,2027,Specialist,$0; no referral required,FL,,,
H1889-034-000,UHC,UHC Dual Complete NC-S2,2026,Telehealth,$0,CMS,,,
H1889-034-000,UHC,UHC Dual Complete NC-S2,2026,Chiropractic,20%,CMS,,,
H1889-034-000,UHC,UHC Dual Complete NC-S2,2026,Podiatry,20%,CMS,,,
H1889-034-000,UHC,UHC Dual Complete NC-S2,2026,Other professional,$0,CMS,,,
H1889-034-000,UHC,UHC Dual Complete NC-S2,2027,Inpatient hospital,$0 per stay; unlimited days,FL,,,
H1889-034-000,UHC,UHC Dual Complete NC-S2,2026,Home health,$55,CMS,,,
H1889-034-000,UHC,UHC Dual Complete NC-S2,2026,Hospice,$0,CMS,,,
H1889-034-000,UHC,UHC Dual Complete NC-S2,2026,Outpatient hospital,20%,CMS,,,
H1889-034-000,UHC,UHC Dual Complete NC-S2,2027,Outpatient hospital,$0,FL,,,
H1889-034-000,UHC,UHC Dual Complete NC-S2,2026,Outpatient surgery (ASC),0% - 20%,CMS,,,
H1889-034-000,UHC,UHC Dual Complete NC-S2,2027,Outpatient surgery (ASC),$0,FL,,,
H1889-034-000,UHC,UHC Dual Complete NC-S2,2026,Outpatient surgery (hospital),20%,CMS,,,
H1889-034-000,UHC,UHC Dual Complete NC-S2,2026,Observation services,$0,CMS,,,
H1889-034-000,UHC,UHC Dual Complete NC-S2,2026,Emergency room,$115,CMS,,,
H1889-034-000,UHC,UHC Dual Complete NC-S2,2027,Emergency room,$0,FL,,,
H1889-034-000,UHC,UHC Dual Complete NC-S2,2026,Urgent care,$0 - $40,CMS,,,
H1889-034-000,UHC,UHC Dual Complete NC-S2,2027,Urgent care,$0,FL,,,
H1889-034-000,UHC,UHC Dual Complete NC-S2,2026,Ambulance (ground),0% - 20%,CMS,,,
H1889-034-000,UHC,UHC Dual Complete NC-S2,2027,Ambulance (ground),$0 ground/air,FL,,,
H1889-034-000,UHC,UHC Dual Complete NC-S2,2026,Ambulance (air),20%,CMS,,,
H1889-034-000,UHC,UHC Dual Complete NC-S2,2026,Transportation,0% - 20%,CMS,,,
H1889-034-000,UHC,UHC Dual Complete NC-S2,2026,Lab services,20%,CMS,,,
H1889-034-000,UHC,UHC Dual Complete NC-S2,2027,Lab services,$0,FL,,,
H1889-034-000,UHC,UHC Dual Complete NC-S2,2026,Diagnostic radiology,20%,CMS,,,
H1889-034-000,UHC,UHC Dual Complete NC-S2,2027,Diagnostic radiology,$0,FL,,,
H1889-034-000,UHC,UHC Dual Complete NC-S2,2027,X-ray,$0,FL,,,
H1889-034-000,UHC,UHC Dual Complete NC-S2,2026,Renal dialysis,20%,CMS,,,
H1889-034-000,UHC,UHC Dual Complete NC-S2,2026,Durable medical equipment,20%,CMS,,,
H1889-034-000,UHC,UHC Dual Complete NC-S2,2026,Prosthetics,20%,CMS,,,
H1889-034-000,UHC,UHC Dual Complete NC-S2,2026,Diabetic supplies,$0,CMS,,,
H1889-034-000,UHC,UHC Dual Complete NC-S2,2026,Physical therapy,0% - 20%,CMS,,,
H1889-034-000,UHC,UHC Dual Complete NC-S2,2026,Occupational therapy,20%,CMS,,,
H1889-034-000,UHC,UHC Dual Complete NC-S2,2026,Cardiac rehab,20%,CMS,,,
H1889-034-000,UHC,UHC Dual Complete NC-S2,2026,Pulmonary rehab,20%,CMS,,,
H1889-034-000,UHC,UHC Dual Complete NC-S2,2026,Mental health (individual),0% - 20%,CMS,,,
H1889-034-000,UHC,UHC Dual Complete NC-S2,2026,Mental health (group),20%,CMS,,,
H1889-034-000,UHC,UHC Dual Complete NC-S2,2026,Substance abuse (individual),0% - 20%,CMS,,,
H1889-034-000,UHC,UHC Dual Complete NC-S2,2026,Partial hospitalization,0% - 20%,CMS,,,
H1889-034-000,UHC,UHC Dual Complete NC-S2,2026,Annual physical exam,0% - 40%,CMS,,,
H1889-034-000,UHC,UHC Dual Complete NC-S2,2026,Preventive services,$0,CMS,,,
H1889-034-000,UHC,UHC Dual Complete NC-S2,2026,Wellness programs,$0,CMS,,,
H1889-034-000,UHC,UHC Dual Complete NC-S2,2026,Rx deductible,$615 (tiers 1 exempt),CMS,,,
H1889-034-000,UHC,UHC Dual Complete NC-S2,2027,Rx deductible,$0 T1-2; $700 T3-5; $0 with LIS,FL,,,
H1889-034-000,UHC,UHC Dual Complete NC-S2,2027,Rx retail (30-day),$0 T1; other drugs vary by LIS,FL,,,
H1889-034-000,UHC,UHC Dual Complete NC-S2,2027,Rx mail (100-day),$0 T1; other drugs vary by LIS,FL,,,
H1889-034-000,UHC,UHC Dual Complete NC-S2,2027,Dental - allowance,Covered under Medicaid,FL,,,
H1889-034-000,UHC,UHC Dual Complete NC-S2,2026,Dental - preventive,20%,CMS,,,
H1889-034-000,UHC,UHC Dual Complete NC-S2,2026,Vision - routine eye exam,$0 (1 per year),CMS,,,
H1889-034-000,UHC,UHC Dual Complete NC-S2,2026,Vision - eyeglasses,$0 (1 per year),CMS,,,
H1889-034-000,UHC,UHC Dual Complete NC-S2,2027,Vision - eyeglasses,Routine exam $0; $150/year,FL,,,
H1889-034-000,UHC,UHC Dual Complete NC-S2,2026,Vision - contact lenses,$0 (1 per year),CMS,,,
H1889-034-000,UHC,UHC Dual Complete NC-S2,2026,Vision - eyewear (post-cataract),$0,CMS,,,
H1889-034-000,UHC,UHC Dual Complete NC-S2,2026,Hearing - routine exam,$0 (1 per year),CMS,,,
H1889-034-000,UHC,UHC Dual Complete NC-S2,2026,Hearing aids,$0 (2 per quarter),CMS,,,
H1889-034-000,UHC,UHC Dual Complete NC-S2,2027,Hearing aids,"$1,500 allowance for 2 hearing aids every 2 years",FL,,,
H1889-034-000,UHC,UHC Dual Complete NC-S2,2026,Hearing aids (other),$0 (2 per quarter),CMS,,,
H1889-034-000,UHC,UHC Dual Complete NC-S2,2026,OTC allowance,$0,CMS,,,
H1889-034-000,UHC,UHC Dual Complete NC-S2,2027,OTC allowance,$210/month OTC & wellness; healthy food/utilities for qualifying members,FL,,,
H1889-034-000,UHC,UHC Dual Complete NC-S2,2026,Meals,$0,CMS,,,
H1889-034-000,UHC,UHC Dual Complete NC-S2,2027,Fitness,Free gym membership with core network,FL,,,
H1889-034-000,UHC,UHC Dual Complete NC-S2,2027,Key notes,Transportation: 36 one-way trips; $0 INN / 75% OON; combined INN/OON,FL,,,
H2406-034-000,UHC,AARP Medicare Advantage from UHC NC-0016,2026,Premium,$53.00,CMS,,,
H2406-034-000,UHC,AARP Medicare Advantage from UHC NC-0016,2027,Medical deductible,"$1,000 OON only",FL,,,
H2406-034-000,UHC,AARP Medicare Advantage from UHC NC-0016,2026,Max out-of-pocket,"$4,200.00",CMS,,,
H2406-034-000,UHC,AARP Medicare Advantage from UHC NC-0016,2027,Max out-of-pocket,"$4,450",FL,,,
H2406-034-000,UHC,AARP Medicare Advantage from UHC NC-0016,2026,PCP,$0,CMS,,,
H2406-034-000,UHC,AARP Medicare Advantage from UHC NC-0016,2027,PCP,$0,FL,,,
H2406-034-000,UHC,AARP Medicare Advantage from UHC NC-0016,2026,Specialist,$0 - $40,CMS,,,
H2406-034-000,UHC,AARP Medicare Advantage from UHC NC-0016,2027,Specialist,$45; no referral required,FL,,,
H2406-034-000,UHC,AARP Medicare Advantage from UHC NC-0016,2026,Telehealth,$0,CMS,,,
H2406-034-000,UHC,AARP Medicare Advantage from UHC NC-0016,2026,Chiropractic,$20,CMS,,,
H2406-034-000,UHC,AARP Medicare Advantage from UHC NC-0016,2026,Podiatry,$20,CMS,,,
H2406-034-000,UHC,AARP Medicare Advantage from UHC NC-0016,2026,Other professional,$0,CMS,,,
H2406-034-000,UHC,AARP Medicare Advantage from UHC NC-0016,2026,Inpatient hospital,$395 days 1-6 / $0 days 7-90,CMS,,,
H2406-034-000,UHC,AARP Medicare Advantage from UHC NC-0016,2027,Inpatient hospital,$495 days 1-5; $0 thereafter,FL,,,
H2406-034-000,UHC,AARP Medicare Advantage from UHC NC-0016,2026,Inpatient psychiatric,$395 days 1-6 / $0 days 7-90,CMS,,,
H2406-034-000,UHC,AARP Medicare Advantage from UHC NC-0016,2026,Skilled nursing facility,$250 days 1-100 / $0 days 1-20,CMS,,,
H2406-034-000,UHC,AARP Medicare Advantage from UHC NC-0016,2026,Home health,$55,CMS,,,
H2406-034-000,UHC,AARP Medicare Advantage from UHC NC-0016,2026,Hospice,$0,CMS,,,
H2406-034-000,UHC,AARP Medicare Advantage from UHC NC-0016,2026,Outpatient hospital,$5,CMS,,,
H2406-034-000,UHC,AARP Medicare Advantage from UHC NC-0016,2027,Outpatient hospital,$495,FL,,,
H2406-034-000,UHC,AARP Medicare Advantage from UHC NC-0016,2026,Outpatient surgery (ASC),$0 - $250,CMS,,,
H2406-034-000,UHC,AARP Medicare Advantage from UHC NC-0016,2027,Outpatient surgery (ASC),$395,FL,,,
H2406-034-000,UHC,AARP Medicare Advantage from UHC NC-0016,2026,Outpatient surgery (hospital),$40,CMS,,,
H2406-034-000,UHC,AARP Medicare Advantage from UHC NC-0016,2026,Observation services,$0,CMS,,,
H2406-034-000,UHC,AARP Medicare Advantage from UHC NC-0016,2026,Emergency room,$150,CMS,,,
H2406-034-000,UHC,AARP Medicare Advantage from UHC NC-0016,2027,Emergency room,$150,FL,,,
H2406-034-000,UHC,AARP Medicare Advantage from UHC NC-0016,2026,Urgent care,$0 - $65,CMS,,,
H2406-034-000,UHC,AARP Medicare Advantage from UHC NC-0016,2027,Urgent care,$65,FL,,,
H2406-034-000,UHC,AARP Medicare Advantage from UHC NC-0016,2026,Ambulance (ground),$0 - $395,CMS,,,
H2406-034-000,UHC,AARP Medicare Advantage from UHC NC-0016,2027,Ambulance (ground),$275 ground/air,FL,,,
H2406-034-000,UHC,AARP Medicare Advantage from UHC NC-0016,2026,Ambulance (air),$395,CMS,,,
H2406-034-000,UHC,AARP Medicare Advantage from UHC NC-0016,2026,Transportation,$0 - $295,CMS,,,
H2406-034-000,UHC,AARP Medicare Advantage from UHC NC-0016,2026,Lab services,$250,CMS,,,
H2406-034-000,UHC,AARP Medicare Advantage from UHC NC-0016,2027,Lab services,$0,FL,,,
H2406-034-000,UHC,AARP Medicare Advantage from UHC NC-0016,2026,Diagnostic radiology,$250,CMS,,,
H2406-034-000,UHC,AARP Medicare Advantage from UHC NC-0016,2027,Diagnostic radiology,$320; mammograms $0,FL,,,
H2406-034-000,UHC,AARP Medicare Advantage from UHC NC-0016,2027,X-ray,$5,FL,,,
H2406-034-000,UHC,AARP Medicare Advantage from UHC NC-0016,2026,Renal dialysis,20%,CMS,,,
H2406-034-000,UHC,AARP Medicare Advantage from UHC NC-0016,2026,Durable medical equipment,20%,CMS,,,
H2406-034-000,UHC,AARP Medicare Advantage from UHC NC-0016,2026,Prosthetics,20%,CMS,,,
H2406-034-000,UHC,AARP Medicare Advantage from UHC NC-0016,2026,Diabetic supplies,$0,CMS,,,
H2406-034-000,UHC,AARP Medicare Advantage from UHC NC-0016,2026,Physical therapy,$0 - $40,CMS,,,
H2406-034-000,UHC,AARP Medicare Advantage from UHC NC-0016,2026,Occupational therapy,$20,CMS,,,
H2406-034-000,UHC,AARP Medicare Advantage from UHC NC-0016,2026,Cardiac rehab,$0,CMS,,,
H2406-034-000,UHC,AARP Medicare Advantage from UHC NC-0016,2026,Pulmonary rehab,$15,CMS,,,
H2406-034-000,UHC,AARP Medicare Advantage from UHC NC-0016,2026,Mental health (individual),$0 - $25,CMS,,,
H2406-034-000,UHC,AARP Medicare Advantage from UHC NC-0016,2026,Mental health (group),$15,CMS,,,
H2406-034-000,UHC,AARP Medicare Advantage from UHC NC-0016,2026,Substance abuse (individual),$0 - $25,CMS,,,
H2406-034-000,UHC,AARP Medicare Advantage from UHC NC-0016,2026,Partial hospitalization,$0 - $25,CMS,,,
H2406-034-000,UHC,AARP Medicare Advantage from UHC NC-0016,2026,Annual physical exam,0% - 40%,CMS,,,
H2406-034-000,UHC,AARP Medicare Advantage from UHC NC-0016,2026,Preventive services,$0,CMS,,,
H2406-034-000,UHC,AARP Medicare Advantage from UHC NC-0016,2026,Wellness programs,$0,CMS,,,
H2406-034-000,UHC,AARP Medicare Advantage from UHC NC-0016,2026,Rx deductible,"$520 (tiers 1,2 exempt)",CMS,,,
H2406-034-000,UHC,AARP Medicare Advantage from UHC NC-0016,2027,Rx deductible,$0 T1-2; $595 T3-5,FL,,,
H2406-034-000,UHC,AARP Medicare Advantage from UHC NC-0016,2027,Rx retail (30-day),$0 / $6 / 22% / 27% / 27%; insulin $35,FL,,,
H2406-034-000,UHC,AARP Medicare Advantage from UHC NC-0016,2027,Rx mail (100-day),$0 / $0 / 22%; insulin $105,FL,,,
H2406-034-000,UHC,AARP Medicare Advantage from UHC NC-0016,2026,Dental - allowance,"$2,500 per year",CMS,,,
H2406-034-000,UHC,AARP Medicare Advantage from UHC NC-0016,2027,Dental - allowance,"$2,000 toward covered services; preventive $0; comprehensive 50%",FL,,,
H2406-034-000,UHC,AARP Medicare Advantage from UHC NC-0016,2026,Dental - preventive,20%,CMS,,,
H2406-034-000,UHC,AARP Medicare Advantage from UHC NC-0016,2026,Dental - oral exam,$0 (Periodicity varies by service ranging from 2 every year to 1 every 3 years.),CMS,,,
H2406-034-000,UHC,AARP Medicare Advantage from UHC NC-0016,2026,Dental - cleaning,$0 (Periodicity varies by service ranging from 1 per 60 floating months to 8 every year.),CMS,,,
H2406-034-000,UHC,AARP Medicare Advantage from UHC NC-0016,2026,Dental - X-ray,$0,CMS,,,
H2406-034-000,UHC,AARP Medicare Advantage from UHC NC-0016,2026,Dental - fluoride,$0 (2 per year),CMS,,,
H2406-034-000,UHC,AARP Medicare Advantage from UHC NC-0016,2026,Dental - other preventive,$0,CMS,,,
H2406-034-000,UHC,AARP Medicare Advantage from UHC NC-0016,2026,Dental - restorative,50% (Periodicity varies by service ranging from 1 per lifetime to unlimited.),CMS,,,
H2406-034-000,UHC,AARP Medicare Advantage from UHC NC-0016,2026,Dental - endodontics,50% (Periodicity varies by service ranging from 1 per lifetime to unlimited.),CMS,,,
H2406-034-000,UHC,AARP Medicare Advantage from UHC NC-0016,2026,Dental - periodontics,50% (Periodicity varies by service ranging from 1 per lifetime to 4 per year.),CMS,,,
H2406-034-000,UHC,AARP Medicare Advantage from UHC NC-0016,2026,Dental - extractions,50% (Periodicity varies by service ranging from 1 per lifetime to 2 per year.),CMS,,,
H2406-034-000,UHC,AARP Medicare Advantage from UHC NC-0016,2026,Dental - prosthodontics,50% (Periodicity varies by service ranging from 1 per floating 60 months to unlimited.),CMS,,,
H2406-034-000,UHC,AARP Medicare Advantage from UHC NC-0016,2026,Dental - other comprehensive,50% (Periodicity varies by service ranging from 1 per lifetime to unlimited.),CMS,,,
H2406-034-000,UHC,AARP Medicare Advantage from UHC NC-0016,2026,Vision - routine eye exam,$0 (1 per year),CMS,,,
H2406-034-000,UHC,AARP Medicare Advantage from UHC NC-0016,2026,Vision - eyeglasses,$0 - $153 (1 per quarter),CMS,,,
H2406-034-000,UHC,AARP Medicare Advantage from UHC NC-0016,2027,Vision - eyeglasses,Routine exam $0; $200 every 2 years,FL,,,
H2406-034-000,UHC,AARP Medicare Advantage from UHC NC-0016,2026,Vision - contact lenses,$0 (1 per quarter),CMS,,,
H2406-034-000,UHC,AARP Medicare Advantage from UHC NC-0016,2026,Vision - eyewear (post-cataract),$0,CMS,,,
H2406-034-000,UHC,AARP Medicare Advantage from UHC NC-0016,2026,Hearing - routine exam,$0 (1 per year),CMS,,,
H2406-034-000,UHC,AARP Medicare Advantage from UHC NC-0016,2026,Hearing aids,"$199 - $1,249 (2 per year)",CMS,,,
H2406-034-000,UHC,AARP Medicare Advantage from UHC NC-0016,2027,Hearing aids,$700 allowance for 2 hearing aids/year,FL,,,
H2406-034-000,UHC,AARP Medicare Advantage from UHC NC-0016,2026,Hearing aids (other),$199 - $829 (2 per year),CMS,,,
H2406-034-000,UHC,AARP Medicare Advantage from UHC NC-0016,2027,OTC allowance,Not covered,FL,,,
H2406-034-000,UHC,AARP Medicare Advantage from UHC NC-0016,2026,Meals,$0,CMS,,,
H2406-034-000,UHC,AARP Medicare Advantage from UHC NC-0016,2027,Fitness,Not covered,FL,,,
H2406-034-000,UHC,AARP Medicare Advantage from UHC NC-0016,2027,Key notes,Not covered,FL,,,
H2406-098-000,UHC,AARP Medicare Advantage from UHC NC-0017,2026,Premium,$0.00,CMS,,,
H2406-098-000,UHC,AARP Medicare Advantage from UHC NC-0017,2027,Medical deductible,"$1,000 OON only",FL,,,
H2406-098-000,UHC,AARP Medicare Advantage from UHC NC-0017,2026,Max out-of-pocket,"$6,200.00",CMS,,,
H2406-098-000,UHC,AARP Medicare Advantage from UHC NC-0017,2027,Max out-of-pocket,"$7,150",FL,,,
H2406-098-000,UHC,AARP Medicare Advantage from UHC NC-0017,2026,PCP,$0,CMS,,,
H2406-098-000,UHC,AARP Medicare Advantage from UHC NC-0017,2027,PCP,$0,FL,,,
H2406-098-000,UHC,AARP Medicare Advantage from UHC NC-0017,2026,Specialist,$0 - $45,CMS,,,
H2406-098-000,UHC,AARP Medicare Advantage from UHC NC-0017,2027,Specialist,$60; no referral required,FL,,,
H2406-098-000,UHC,AARP Medicare Advantage from UHC NC-0017,2026,Telehealth,$0,CMS,,,
H2406-098-000,UHC,AARP Medicare Advantage from UHC NC-0017,2026,Chiropractic,$15,CMS,,,
H2406-098-000,UHC,AARP Medicare Advantage from UHC NC-0017,2026,Podiatry,$35,CMS,,,
H2406-098-000,UHC,AARP Medicare Advantage from UHC NC-0017,2026,Other professional,$0,CMS,,,
H2406-098-000,UHC,AARP Medicare Advantage from UHC NC-0017,2026,Inpatient hospital,$550 days 1-5 / $0 days 6-90,CMS,,,
H2406-098-000,UHC,AARP Medicare Advantage from UHC NC-0017,2027,Inpatient hospital,$685 days 1-4; $0 thereafter,FL,,,
H2406-098-000,UHC,AARP Medicare Advantage from UHC NC-0017,2026,Inpatient psychiatric,$550 days 1-4 / $0 days 5-90,CMS,,,
H2406-098-000,UHC,AARP Medicare Advantage from UHC NC-0017,2026,Skilled nursing facility,$250 days 1-100 / $0 days 1-20,CMS,,,
H2406-098-000,UHC,AARP Medicare Advantage from UHC NC-0017,2026,Home health,$55,CMS,,,
H2406-098-000,UHC,AARP Medicare Advantage from UHC NC-0017,2026,Hospice,$0,CMS,,,
H2406-098-000,UHC,AARP Medicare Advantage from UHC NC-0017,2026,Outpatient hospital,$50,CMS,,,
H2406-098-000,UHC,AARP Medicare Advantage from UHC NC-0017,2027,Outpatient hospital,$685,FL,,,
H2406-098-000,UHC,AARP Medicare Advantage from UHC NC-0017,2026,Outpatient surgery (ASC),$0 - $190,CMS,,,
H2406-098-000,UHC,AARP Medicare Advantage from UHC NC-0017,2027,Outpatient surgery (ASC),$585,FL,,,
H2406-098-000,UHC,AARP Medicare Advantage from UHC NC-0017,2026,Outpatient surgery (hospital),20%,CMS,,,
H2406-098-000,UHC,AARP Medicare Advantage from UHC NC-0017,2026,Observation services,$0,CMS,,,
H2406-098-000,UHC,AARP Medicare Advantage from UHC NC-0017,2026,Emergency room,$130,CMS,,,
H2406-098-000,UHC,AARP Medicare Advantage from UHC NC-0017,2027,Emergency room,$130,FL,,,
H2406-098-000,UHC,AARP Medicare Advantage from UHC NC-0017,2026,Urgent care,$0 - $50,CMS,,,
H2406-098-000,UHC,AARP Medicare Advantage from UHC NC-0017,2027,Urgent care,$50,FL,,,
H2406-098-000,UHC,AARP Medicare Advantage from UHC NC-0017,2026,Ambulance (ground),$0 - $550,CMS,,,
H2406-098-000,UHC,AARP Medicare Advantage from UHC NC-0017,2027,Ambulance (ground),$370 ground/air,FL,,,
H2406-098-000,UHC,AARP Medicare Advantage from UHC NC-0017,2026,Ambulance (air),$550,CMS,,,
H2406-098-000,UHC,AARP Medicare Advantage from UHC NC-0017,2026,Transportation,$0 - $450,CMS,,,
H2406-098-000,UHC,AARP Medicare Advantage from UHC NC-0017,2026,Lab services,$275,CMS,,,
H2406-098-000,UHC,AARP Medicare Advantage from UHC NC-0017,2027,Lab services,$0,FL,,,
H2406-098-000,UHC,AARP Medicare Advantage from UHC NC-0017,2026,Diagnostic radiology,$275,CMS,,,
H2406-098-000,UHC,AARP Medicare Advantage from UHC NC-0017,2027,Diagnostic radiology,$320; mammograms $0,FL,,,
H2406-098-000,UHC,AARP Medicare Advantage from UHC NC-0017,2027,X-ray,$30,FL,,,
H2406-098-000,UHC,AARP Medicare Advantage from UHC NC-0017,2026,Renal dialysis,20%,CMS,,,
H2406-098-000,UHC,AARP Medicare Advantage from UHC NC-0017,2026,Durable medical equipment,20%,CMS,,,
H2406-098-000,UHC,AARP Medicare Advantage from UHC NC-0017,2026,Prosthetics,20%,CMS,,,
H2406-098-000,UHC,AARP Medicare Advantage from UHC NC-0017,2026,Diabetic supplies,$0,CMS,,,
H2406-098-000,UHC,AARP Medicare Advantage from UHC NC-0017,2026,Physical therapy,$0 - $45,CMS,,,
H2406-098-000,UHC,AARP Medicare Advantage from UHC NC-0017,2026,Occupational therapy,$35,CMS,,,
H2406-098-000,UHC,AARP Medicare Advantage from UHC NC-0017,2026,Cardiac rehab,$0,CMS,,,
H2406-098-000,UHC,AARP Medicare Advantage from UHC NC-0017,2026,Pulmonary rehab,$15,CMS,,,
H2406-098-000,UHC,AARP Medicare Advantage from UHC NC-0017,2026,Mental health (individual),$0 - $25,CMS,,,
H2406-098-000,UHC,AARP Medicare Advantage from UHC NC-0017,2026,Mental health (group),$15,CMS,,,
H2406-098-000,UHC,AARP Medicare Advantage from UHC NC-0017,2026,Substance abuse (individual),$0 - $25,CMS,,,
H2406-098-000,UHC,AARP Medicare Advantage from UHC NC-0017,2026,Partial hospitalization,$0 - $25,CMS,,,
H2406-098-000,UHC,AARP Medicare Advantage from UHC NC-0017,2026,Annual physical exam,0% - 40%,CMS,,,
H2406-098-000,UHC,AARP Medicare Advantage from UHC NC-0017,2026,Preventive services,$0,CMS,,,
H2406-098-000,UHC,AARP Medicare Advantage from UHC NC-0017,2026,Wellness programs,$0,CMS,,,
H2406-098-000,UHC,AARP Medicare Advantage from UHC NC-0017,2026,Rx deductible,"$600 (tiers 1,2 exempt)",CMS,,,
H2406-098-000,UHC,AARP Medicare Advantage from UHC NC-0017,2027,Rx deductible,$0 T1-2; $685 T3-5,FL,,,
H2406-098-000,UHC,AARP Medicare Advantage from UHC NC-0017,2027,Rx retail (30-day),$0 / $8 / 20% / 27% / 26%; insulin $35,FL,,,
H2406-098-000,UHC,AARP Medicare Advantage from UHC NC-0017,2027,Rx mail (100-day),$0 / $0 / 20%; insulin $105,FL,,,
H2406-098-000,UHC,AARP Medicare Advantage from UHC NC-0017,2027,Dental - allowance,Preventive dental $0; Platinum Dental Rider available,FL,,,
H2406-098-000,UHC,AARP Medicare Advantage from UHC NC-0017,2026,Dental - preventive,20%,CMS,,,
H2406-098-000,UHC,AARP Medicare Advantage from UHC NC-0017,2026,Dental - oral exam,$0 (2 per year),CMS,,,
H2406-098-000,UHC,AARP Medicare Advantage from UHC NC-0017,2026,Dental - cleaning,$0,CMS,,,
H2406-098-000,UHC,AARP Medicare Advantage from UHC NC-0017,2026,Dental - fluoride,$0 (2 per year),CMS,,,
H2406-098-000,UHC,AARP Medicare Advantage from UHC NC-0017,2026,Dental - other preventive,$0,CMS,,,
H2406-098-000,UHC,AARP Medicare Advantage from UHC NC-0017,2026,Vision - routine eye exam,$0 (1 per year),CMS,,,
H2406-098-000,UHC,AARP Medicare Advantage from UHC NC-0017,2026,Vision - eyeglasses,$0 - $153 (1 per quarter),CMS,,,
H2406-098-000,UHC,AARP Medicare Advantage from UHC NC-0017,2027,Vision - eyeglasses,Routine exam $0; $200 every 2 years,FL,,,
H2406-098-000,UHC,AARP Medicare Advantage from UHC NC-0017,2026,Vision - contact lenses,$0 (1 per quarter),CMS,,,
H2406-098-000,UHC,AARP Medicare Advantage from UHC NC-0017,2026,Vision - eyewear (post-cataract),$0,CMS,,,
H2406-098-000,UHC,AARP Medicare Advantage from UHC NC-0017,2026,Hearing - routine exam,$0 (1 per year),CMS,,,
H2406-098-000,UHC,AARP Medicare Advantage from UHC NC-0017,2026,Hearing aids,"$199 - $1,249 (2 per year)",CMS,,,
H2406-098-000,UHC,AARP Medicare Advantage from UHC NC-0017,2027,Hearing aids,$700 allowance for 2 hearing aids/year,FL,,,
H2406-098-000,UHC,AARP Medicare Advantage from UHC NC-0017,2026,Hearing aids (other),$199 - $829 (2 per year),CMS,,,
H2406-098-000,UHC,AARP Medicare Advantage from UHC NC-0017,2027,OTC allowance,Not covered,FL,,,
H2406-098-000,UHC,AARP Medicare Advantage from UHC NC-0017,2026,Meals,$0,CMS,,,
H2406-098-000,UHC,AARP Medicare Advantage from UHC NC-0017,2027,Fitness,Free gym membership with core network,FL,,,
H2406-098-000,UHC,AARP Medicare Advantage from UHC NC-0017,2027,Key notes,Not covered,FL,,,
H5253-037-000,UHC,AARP Medicare Advantage from UHC NC-0021,2026,Premium,$37.00,CMS,,,
H5253-037-000,UHC,AARP Medicare Advantage from UHC NC-0021,2027,Medical deductible,$0 combined INN/OON,FL,,,
H5253-037-000,UHC,AARP Medicare Advantage from UHC NC-0021,2026,Max out-of-pocket,"$4,200",CMS,,,
H5253-037-000,UHC,AARP Medicare Advantage from UHC NC-0021,2027,Max out-of-pocket,"$4,900",FL,,,
H5253-037-000,UHC,AARP Medicare Advantage from UHC NC-0021,2026,PCP,$0,CMS,,,
H5253-037-000,UHC,AARP Medicare Advantage from UHC NC-0021,2027,PCP,$0,FL,,,
H5253-037-000,UHC,AARP Medicare Advantage from UHC NC-0021,2026,Specialist,$0 - $25,CMS,,,
H5253-037-000,UHC,AARP Medicare Advantage from UHC NC-0021,2027,Specialist,$30; referral required,FL,,,
H5253-037-000,UHC,AARP Medicare Advantage from UHC NC-0021,2026,Telehealth,$0,CMS,,,
H5253-037-000,UHC,AARP Medicare Advantage from UHC NC-0021,2026,Chiropractic,$20,CMS,,,
H5253-037-000,UHC,AARP Medicare Advantage from UHC NC-0021,2026,Podiatry,$20,CMS,,,
H5253-037-000,UHC,AARP Medicare Advantage from UHC NC-0021,2026,Other professional,$0,CMS,,,
H5253-037-000,UHC,AARP Medicare Advantage from UHC NC-0021,2026,Inpatient hospital,$395 days 1-6 / $0 days 7-90,CMS,,,
H5253-037-000,UHC,AARP Medicare Advantage from UHC NC-0021,2027,Inpatient hospital,$425 days 1-6; $0 thereafter,FL,,,
H5253-037-000,UHC,AARP Medicare Advantage from UHC NC-0021,2026,Inpatient psychiatric,$395 days 1-6 / $0 days 7-90,CMS,,,
H5253-037-000,UHC,AARP Medicare Advantage from UHC NC-0021,2026,Skilled nursing facility,$0 days 1-20 / $218 days 21-100,CMS,,,
H5253-037-000,UHC,AARP Medicare Advantage from UHC NC-0021,2026,Home health,$55,CMS,,,
H5253-037-000,UHC,AARP Medicare Advantage from UHC NC-0021,2026,Hospice,$0,CMS,,,
H5253-037-000,UHC,AARP Medicare Advantage from UHC NC-0021,2026,Outpatient hospital,$50,CMS,,,
H5253-037-000,UHC,AARP Medicare Advantage from UHC NC-0021,2027,Outpatient hospital,$425,FL,,,
H5253-037-000,UHC,AARP Medicare Advantage from UHC NC-0021,2026,Outpatient surgery (ASC),$0 - $250,CMS,,,
H5253-037-000,UHC,AARP Medicare Advantage from UHC NC-0021,2027,Outpatient surgery (ASC),$325,FL,,,
H5253-037-000,UHC,AARP Medicare Advantage from UHC NC-0021,2026,Outpatient surgery (hospital),20%,CMS,,,
H5253-037-000,UHC,AARP Medicare Advantage from UHC NC-0021,2026,Observation services,$0,CMS,,,
H5253-037-000,UHC,AARP Medicare Advantage from UHC NC-0021,2026,Emergency room,$150,CMS,,,
H5253-037-000,UHC,AARP Medicare Advantage from UHC NC-0021,2027,Emergency room,$130,FL,,,
H5253-037-000,UHC,AARP Medicare Advantage from UHC NC-0021,2026,Urgent care,$0 - $65,CMS,,,
H5253-037-000,UHC,AARP Medicare Advantage from UHC NC-0021,2027,Urgent care,$50,FL,,,
H5253-037-000,UHC,AARP Medicare Advantage from UHC NC-0021,2026,Ambulance (ground),$0 - $395,CMS,,,
H5253-037-000,UHC,AARP Medicare Advantage from UHC NC-0021,2027,Ambulance (ground),$275 ground/air,FL,,,
H5253-037-000,UHC,AARP Medicare Advantage from UHC NC-0021,2026,Ambulance (air),$395,CMS,,,
H5253-037-000,UHC,AARP Medicare Advantage from UHC NC-0021,2026,Transportation,$0 - $295,CMS,,,
H5253-037-000,UHC,AARP Medicare Advantage from UHC NC-0021,2026,Lab services,$275,CMS,,,
H5253-037-000,UHC,AARP Medicare Advantage from UHC NC-0021,2027,Lab services,$0,FL,,,
H5253-037-000,UHC,AARP Medicare Advantage from UHC NC-0021,2026,Diagnostic radiology,$275,CMS,,,
H5253-037-000,UHC,AARP Medicare Advantage from UHC NC-0021,2027,Diagnostic radiology,$320; mammograms $0,FL,,,
H5253-037-000,UHC,AARP Medicare Advantage from UHC NC-0021,2027,X-ray,$30,FL,,,
H5253-037-000,UHC,AARP Medicare Advantage from UHC NC-0021,2026,Renal dialysis,20%,CMS,,,
H5253-037-000,UHC,AARP Medicare Advantage from UHC NC-0021,2026,Durable medical equipment,20%,CMS,,,
H5253-037-000,UHC,AARP Medicare Advantage from UHC NC-0021,2026,Prosthetics,20%,CMS,,,
H5253-037-000,UHC,AARP Medicare Advantage from UHC NC-0021,2026,Diabetic supplies,$0,CMS,,,
H5253-037-000,UHC,AARP Medicare Advantage from UHC NC-0021,2026,Physical therapy,$0 - $25,CMS,,,
H5253-037-000,UHC,AARP Medicare Advantage from UHC NC-0021,2026,Occupational therapy,$20,CMS,,,
H5253-037-000,UHC,AARP Medicare Advantage from UHC NC-0021,2026,Cardiac rehab,$0,CMS,,,
H5253-037-000,UHC,AARP Medicare Advantage from UHC NC-0021,2026,Pulmonary rehab,$15,CMS,,,
H5253-037-000,UHC,AARP Medicare Advantage from UHC NC-0021,2026,Mental health (individual),$0 - $25,CMS,,,
H5253-037-000,UHC,AARP Medicare Advantage from UHC NC-0021,2026,Mental health (group),$15,CMS,,,
H5253-037-000,UHC,AARP Medicare Advantage from UHC NC-0021,2026,Substance abuse (individual),$0 - $25,CMS,,,
H5253-037-000,UHC,AARP Medicare Advantage from UHC NC-0021,2026,Partial hospitalization,$0 - $25,CMS,,,
H5253-037-000,UHC,AARP Medicare Advantage from UHC NC-0021,2026,Preventive services,$0,CMS,,,
H5253-037-000,UHC,AARP Medicare Advantage from UHC NC-0021,2026,Wellness programs,$0,CMS,,,
H5253-037-000,UHC,AARP Medicare Advantage from UHC NC-0021,2026,Rx deductible,"$355 (tiers 1,2 exempt)",CMS,,,
H5253-037-000,UHC,AARP Medicare Advantage from UHC NC-0021,2027,Rx deductible,$0 T1-2; $595 T3-5,FL,,,
H5253-037-000,UHC,AARP Medicare Advantage from UHC NC-0021,2027,Rx retail (30-day),$0 / $0 / 22% / 29% / 27%; insulin $35,FL,,,
H5253-037-000,UHC,AARP Medicare Advantage from UHC NC-0021,2027,Rx mail (100-day),$0 / $0 / 22%; insulin $105,FL,,,
H5253-037-000,UHC,AARP Medicare Advantage from UHC NC-0021,2026,Dental - allowance,"$4,000 per year",CMS,,,
H5253-037-000,UHC,AARP Medicare Advantage from UHC NC-0021,2027,Dental - allowance,"$3,000 toward covered services; preventive $0; comprehensive 50%",FL,,,
H5253-037-000,UHC,AARP Medicare Advantage from UHC NC-0021,2026,Dental - preventive,20%,CMS,,,
H5253-037-000,UHC,AARP Medicare Advantage from UHC NC-0021,2026,Dental - oral exam,$0 (Periodicity varies by service ranging from 2 every year to 1 every 3 years.),CMS,,,
H5253-037-000,UHC,AARP Medicare Advantage from UHC NC-0021,2026,Dental - cleaning,$0 (Periodicity varies by service ranging from 1 per 60 floating months to 8 every year.),CMS,,,
H5253-037-000,UHC,AARP Medicare Advantage from UHC NC-0021,2026,Dental - X-ray,$0,CMS,,,
H5253-037-000,UHC,AARP Medicare Advantage from UHC NC-0021,2026,Dental - fluoride,$0 (2 per year),CMS,,,
H5253-037-000,UHC,AARP Medicare Advantage from UHC NC-0021,2026,Dental - other preventive,$0,CMS,,,
H5253-037-000,UHC,AARP Medicare Advantage from UHC NC-0021,2026,Dental - restorative,50% (Periodicity varies by service ranging from 1 per lifetime to unlimited.),CMS,,,
H5253-037-000,UHC,AARP Medicare Advantage from UHC NC-0021,2026,Dental - endodontics,50% (Periodicity varies by service ranging from 1 per lifetime to unlimited.),CMS,,,
H5253-037-000,UHC,AARP Medicare Advantage from UHC NC-0021,2026,Dental - periodontics,50% (Periodicity varies by service ranging from 1 per lifetime to 4 per year.),CMS,,,
H5253-037-000,UHC,AARP Medicare Advantage from UHC NC-0021,2026,Dental - extractions,50% (Periodicity varies by service ranging from 1 per lifetime to 2 per year.),CMS,,,
H5253-037-000,UHC,AARP Medicare Advantage from UHC NC-0021,2026,Dental - prosthodontics,50% (Periodicity varies by service ranging from 1 per floating 60 months to unlimited.),CMS,,,
H5253-037-000,UHC,AARP Medicare Advantage from UHC NC-0021,2026,Dental - other comprehensive,50% (Periodicity varies by service ranging from 1 per lifetime to unlimited.),CMS,,,
H5253-037-000,UHC,AARP Medicare Advantage from UHC NC-0021,2026,Vision - routine eye exam,$0 (1 per year),CMS,,,
H5253-037-000,UHC,AARP Medicare Advantage from UHC NC-0021,2026,Vision - eyeglasses,$0 - $153 (1 per quarter),CMS,,,
H5253-037-000,UHC,AARP Medicare Advantage from UHC NC-0021,2027,Vision - eyeglasses,Routine exam $0; $300 every 2 years,FL,,,
H5253-037-000,UHC,AARP Medicare Advantage from UHC NC-0021,2026,Vision - contact lenses,$0 (1 per quarter),CMS,,,
H5253-037-000,UHC,AARP Medicare Advantage from UHC NC-0021,2026,Vision - eyewear (post-cataract),$0,CMS,,,
H5253-037-000,UHC,AARP Medicare Advantage from UHC NC-0021,2026,Hearing - routine exam,$0 (1 per year),CMS,,,
H5253-037-000,UHC,AARP Medicare Advantage from UHC NC-0021,2026,Hearing aids,"$199 - $1,249 (2 per year)",CMS,,,
H5253-037-000,UHC,AARP Medicare Advantage from UHC NC-0021,2027,Hearing aids,$700 allowance for 2 hearing aids/year,FL,,,
H5253-037-000,UHC,AARP Medicare Advantage from UHC NC-0021,2026,Hearing aids (other),$199 - $829 (2 per year),CMS,,,
H5253-037-000,UHC,AARP Medicare Advantage from UHC NC-0021,2026,OTC allowance,$0,CMS,,,
H5253-037-000,UHC,AARP Medicare Advantage from UHC NC-0021,2027,OTC allowance,$50/quarter,FL,,,
H5253-037-000,UHC,AARP Medicare Advantage from UHC NC-0021,2026,Meals,$0,CMS,,,
H5253-037-000,UHC,AARP Medicare Advantage from UHC NC-0021,2027,Fitness,Free gym membership with core network,FL,,,
H5253-037-000,UHC,AARP Medicare Advantage from UHC NC-0021,2027,Key notes,"Post-discharge meals: 28 meals over 14 days, unlimited times/year",FL,,,
H5253-038-000,UHC,AARP Medicare Advantage from UHC NC-0022,2026,Premium,$0.00,CMS,,,
H5253-038-000,UHC,AARP Medicare Advantage from UHC NC-0022,2027,Medical deductible,$0 combined INN/OON,FL,,,
H5253-038-000,UHC,AARP Medicare Advantage from UHC NC-0022,2026,Max out-of-pocket,"$5,400",CMS,,,
H5253-038-000,UHC,AARP Medicare Advantage from UHC NC-0022,2027,Max out-of-pocket,"$5,900",FL,,,
H5253-038-000,UHC,AARP Medicare Advantage from UHC NC-0022,2026,PCP,$0,CMS,,,
H5253-038-000,UHC,AARP Medicare Advantage from UHC NC-0022,2027,PCP,$0,FL,,,
H5253-038-000,UHC,AARP Medicare Advantage from UHC NC-0022,2026,Specialist,$0 - $40,CMS,,,
H5253-038-000,UHC,AARP Medicare Advantage from UHC NC-0022,2027,Specialist,$45; referral required,FL,,,
H5253-038-000,UHC,AARP Medicare Advantage from UHC NC-0022,2026,Telehealth,$0,CMS,,,
H5253-038-000,UHC,AARP Medicare Advantage from UHC NC-0022,2026,Chiropractic,$15,CMS,,,
H5253-038-000,UHC,AARP Medicare Advantage from UHC NC-0022,2026,Podiatry,$25,CMS,,,
H5253-038-000,UHC,AARP Medicare Advantage from UHC NC-0022,2026,Other professional,$0,CMS,,,
H5253-038-000,UHC,AARP Medicare Advantage from UHC NC-0022,2026,Inpatient hospital,$455 days 1-6 / $0 days 7-90,CMS,,,
H5253-038-000,UHC,AARP Medicare Advantage from UHC NC-0022,2027,Inpatient hospital,$550 days 1-5; $0 thereafter,FL,,,
H5253-038-000,UHC,AARP Medicare Advantage from UHC NC-0022,2026,Inpatient psychiatric,$455 days 1-5 / $0 days 6-90,CMS,,,
H5253-038-000,UHC,AARP Medicare Advantage from UHC NC-0022,2026,Skilled nursing facility,$0 days 1-20 / $218 days 21-100,CMS,,,
H5253-038-000,UHC,AARP Medicare Advantage from UHC NC-0022,2026,Home health,$55,CMS,,,
H5253-038-000,UHC,AARP Medicare Advantage from UHC NC-0022,2026,Hospice,$0,CMS,,,
H5253-038-000,UHC,AARP Medicare Advantage from UHC NC-0022,2026,Outpatient hospital,$50,CMS,,,
H5253-038-000,UHC,AARP Medicare Advantage from UHC NC-0022,2027,Outpatient hospital,$550,FL,,,
H5253-038-000,UHC,AARP Medicare Advantage from UHC NC-0022,2026,Outpatient surgery (ASC),$0 - $260,CMS,,,
H5253-038-000,UHC,AARP Medicare Advantage from UHC NC-0022,2027,Outpatient surgery (ASC),$420,FL,,,
H5253-038-000,UHC,AARP Medicare Advantage from UHC NC-0022,2026,Outpatient surgery (hospital),20%,CMS,,,
H5253-038-000,UHC,AARP Medicare Advantage from UHC NC-0022,2026,Observation services,$0,CMS,,,
H5253-038-000,UHC,AARP Medicare Advantage from UHC NC-0022,2026,Emergency room,$130,CMS,,,
H5253-038-000,UHC,AARP Medicare Advantage from UHC NC-0022,2027,Emergency room,$130,FL,,,
H5253-038-000,UHC,AARP Medicare Advantage from UHC NC-0022,2026,Urgent care,$0 - $50,CMS,,,
H5253-038-000,UHC,AARP Medicare Advantage from UHC NC-0022,2027,Urgent care,$50,FL,,,
H5253-038-000,UHC,AARP Medicare Advantage from UHC NC-0022,2026,Ambulance (ground),$0 - $455,CMS,,,
H5253-038-000,UHC,AARP Medicare Advantage from UHC NC-0022,2027,Ambulance (ground),$380 ground/air,FL,,,
H5253-038-000,UHC,AARP Medicare Advantage from UHC NC-0022,2026,Ambulance (air),$455,CMS,,,
H5253-038-000,UHC,AARP Medicare Advantage from UHC NC-0022,2026,Transportation,$0 - $325,CMS,,,
H5253-038-000,UHC,AARP Medicare Advantage from UHC NC-0022,2026,Lab services,$275,CMS,,,
H5253-038-000,UHC,AARP Medicare Advantage from UHC NC-0022,2027,Lab services,$0,FL,,,
H5253-038-000,UHC,AARP Medicare Advantage from UHC NC-0022,2026,Diagnostic radiology,$275,CMS,,,
H5253-038-000,UHC,AARP Medicare Advantage from UHC NC-0022,2027,Diagnostic radiology,$320; mammograms $0,FL,,,
H5253-038-000,UHC,AARP Medicare Advantage from UHC NC-0022,2027,X-ray,$30,FL,,,
H5253-038-000,UHC,AARP Medicare Advantage from UHC NC-0022,2026,Renal dialysis,20%,CMS,,,
H5253-038-000,UHC,AARP Medicare Advantage from UHC NC-0022,2026,Durable medical equipment,20%,CMS,,,
H5253-038-000,UHC,AARP Medicare Advantage from UHC NC-0022,2026,Prosthetics,20%,CMS,,,
H5253-038-000,UHC,AARP Medicare Advantage from UHC NC-0022,2026,Diabetic supplies,$0,CMS,,,
H5253-038-000,UHC,AARP Medicare Advantage from UHC NC-0022,2026,Physical therapy,$0 - $40,CMS,,,
H5253-038-000,UHC,AARP Medicare Advantage from UHC NC-0022,2026,Occupational therapy,$25,CMS,,,
H5253-038-000,UHC,AARP Medicare Advantage from UHC NC-0022,2026,Cardiac rehab,$0,CMS,,,
H5253-038-000,UHC,AARP Medicare Advantage from UHC NC-0022,2026,Pulmonary rehab,$15,CMS,,,
H5253-038-000,UHC,AARP Medicare Advantage from UHC NC-0022,2026,Mental health (individual),$0 - $25,CMS,,,
H5253-038-000,UHC,AARP Medicare Advantage from UHC NC-0022,2026,Mental health (group),$15,CMS,,,
H5253-038-000,UHC,AARP Medicare Advantage from UHC NC-0022,2026,Substance abuse (individual),$0 - $25,CMS,,,
H5253-038-000,UHC,AARP Medicare Advantage from UHC NC-0022,2026,Partial hospitalization,$0 - $25,CMS,,,
H5253-038-000,UHC,AARP Medicare Advantage from UHC NC-0022,2026,Preventive services,$0,CMS,,,
H5253-038-000,UHC,AARP Medicare Advantage from UHC NC-0022,2026,Wellness programs,$0,CMS,,,
H5253-038-000,UHC,AARP Medicare Advantage from UHC NC-0022,2026,Rx deductible,"$440 (tiers 1,2 exempt)",CMS,,,
H5253-038-000,UHC,AARP Medicare Advantage from UHC NC-0022,2027,Rx deductible,$0 T1-2; $685 T3-5,FL,,,
H5253-038-000,UHC,AARP Medicare Advantage from UHC NC-0022,2027,Rx retail (30-day),$0 / $6 / 21% / 27% / 26%; insulin $35,FL,,,
H5253-038-000,UHC,AARP Medicare Advantage from UHC NC-0022,2027,Rx mail (100-day),$0 / $0 / 21%; insulin $105,FL,,,
H5253-038-000,UHC,AARP Medicare Advantage from UHC NC-0022,2026,Dental - allowance,"$1,250 per year",CMS,,,
H5253-038-000,UHC,AARP Medicare Advantage from UHC NC-0022,2027,Dental - allowance,"$1,250 toward covered services; preventive $0; comprehensive 50%",FL,,,
H5253-038-000,UHC,AARP Medicare Advantage from UHC NC-0022,2026,Dental - preventive,20%,CMS,,,
H5253-038-000,UHC,AARP Medicare Advantage from UHC NC-0022,2026,Dental - oral exam,$0 (Periodicity varies by service ranging from 2 every year to 1 every 3 years.),CMS,,,
H5253-038-000,UHC,AARP Medicare Advantage from UHC NC-0022,2026,Dental - cleaning,$0 (Periodicity varies by service ranging from 1 per 60 floating months to 8 every year.),CMS,,,
H5253-038-000,UHC,AARP Medicare Advantage from UHC NC-0022,2026,Dental - X-ray,$0,CMS,,,
H5253-038-000,UHC,AARP Medicare Advantage from UHC NC-0022,2026,Dental - fluoride,$0 (2 per year),CMS,,,
H5253-038-000,UHC,AARP Medicare Advantage from UHC NC-0022,2026,Dental - other preventive,$0,CMS,,,
H5253-038-000,UHC,AARP Medicare Advantage from UHC NC-0022,2026,Dental - restorative,50% (Periodicity varies by service ranging from 1 per lifetime to unlimited.),CMS,,,
H5253-038-000,UHC,AARP Medicare Advantage from UHC NC-0022,2026,Dental - endodontics,50% (Periodicity varies by service ranging from 1 per lifetime to unlimited.),CMS,,,
H5253-038-000,UHC,AARP Medicare Advantage from UHC NC-0022,2026,Dental - periodontics,50% (Periodicity varies by service ranging from 1 per lifetime to 4 per year.),CMS,,,
H5253-038-000,UHC,AARP Medicare Advantage from UHC NC-0022,2026,Dental - extractions,50% (Periodicity varies by service ranging from 1 per lifetime to 2 per year.),CMS,,,
H5253-038-000,UHC,AARP Medicare Advantage from UHC NC-0022,2026,Dental - prosthodontics,50% (Periodicity varies by service ranging from 1 per floating 60 months to unlimited.),CMS,,,
H5253-038-000,UHC,AARP Medicare Advantage from UHC NC-0022,2026,Dental - other comprehensive,50% (Periodicity varies by service ranging from 1 per lifetime to unlimited.),CMS,,,
H5253-038-000,UHC,AARP Medicare Advantage from UHC NC-0022,2026,Vision - routine eye exam,$0 (1 per year),CMS,,,
H5253-038-000,UHC,AARP Medicare Advantage from UHC NC-0022,2026,Vision - eyeglasses,$0 - $153 (1 per quarter),CMS,,,
H5253-038-000,UHC,AARP Medicare Advantage from UHC NC-0022,2027,Vision - eyeglasses,Routine exam $0; $150 every 2 years,FL,,,
H5253-038-000,UHC,AARP Medicare Advantage from UHC NC-0022,2026,Vision - contact lenses,$0 (1 per quarter),CMS,,,
H5253-038-000,UHC,AARP Medicare Advantage from UHC NC-0022,2026,Vision - eyewear (post-cataract),$0,CMS,,,
H5253-038-000,UHC,AARP Medicare Advantage from UHC NC-0022,2026,Hearing - routine exam,$0 (1 per year),CMS,,,
H5253-038-000,UHC,AARP Medicare Advantage from UHC NC-0022,2026,Hearing aids,"$199 - $1,249 (2 per year)",CMS,,,
H5253-038-000,UHC,AARP Medicare Advantage from UHC NC-0022,2027,Hearing aids,$700 allowance for 2 hearing aids/year,FL,,,
H5253-038-000,UHC,AARP Medicare Advantage from UHC NC-0022,2026,Hearing aids (other),$199 - $829 (2 per year),CMS,,,
H5253-038-000,UHC,AARP Medicare Advantage from UHC NC-0022,2027,OTC allowance,Not covered,FL,,,
H5253-038-000,UHC,AARP Medicare Advantage from UHC NC-0022,2026,Meals,$0,CMS,,,
H5253-038-000,UHC,AARP Medicare Advantage from UHC NC-0022,2027,Fitness,Free gym membership with core network,FL,,,
H5253-038-000,UHC,AARP Medicare Advantage from UHC NC-0022,2027,Key notes,"Post-discharge meals: 28 meals over 14 days, unlimited times/year",FL,,,
H5253-040-000,UHC,AARP Medicare Advantage Patriot No Rx NC-MA02,2026,Premium,Not Applicable,CMS,,,
H5253-040-000,UHC,AARP Medicare Advantage Patriot No Rx NC-MA02,2027,Part B giveback,$190/month,FL,,,
H5253-040-000,UHC,AARP Medicare Advantage Patriot No Rx NC-MA02,2027,Medical deductible,$0 combined INN/OON,FL,,,
H5253-040-000,UHC,AARP Medicare Advantage Patriot No Rx NC-MA02,2026,Max out-of-pocket,"$7,900",CMS,,,
H5253-040-000,UHC,AARP Medicare Advantage Patriot No Rx NC-MA02,2027,Max out-of-pocket,"$9,300",FL,,,
H5253-040-000,UHC,AARP Medicare Advantage Patriot No Rx NC-MA02,2026,PCP,$0,CMS,,,
H5253-040-000,UHC,AARP Medicare Advantage Patriot No Rx NC-MA02,2027,PCP,$0,FL,,,
H5253-040-000,UHC,AARP Medicare Advantage Patriot No Rx NC-MA02,2026,Specialist,$0 - $55,CMS,,,
H5253-040-000,UHC,AARP Medicare Advantage Patriot No Rx NC-MA02,2027,Specialist,$55; referral required,FL,,,
H5253-040-000,UHC,AARP Medicare Advantage Patriot No Rx NC-MA02,2026,Telehealth,$0,CMS,,,
H5253-040-000,UHC,AARP Medicare Advantage Patriot No Rx NC-MA02,2026,Chiropractic,$15,CMS,,,
H5253-040-000,UHC,AARP Medicare Advantage Patriot No Rx NC-MA02,2026,Podiatry,$55,CMS,,,
H5253-040-000,UHC,AARP Medicare Advantage Patriot No Rx NC-MA02,2026,Other professional,$0,CMS,,,
H5253-040-000,UHC,AARP Medicare Advantage Patriot No Rx NC-MA02,2026,Inpatient hospital,$475 days 1-5 / $0 days 6-90,CMS,,,
H5253-040-000,UHC,AARP Medicare Advantage Patriot No Rx NC-MA02,2027,Inpatient hospital,$610 days 1-4; $0 thereafter,FL,,,
H5253-040-000,UHC,AARP Medicare Advantage Patriot No Rx NC-MA02,2026,Inpatient psychiatric,$475 days 1-4 / $0 days 5-90,CMS,,,
H5253-040-000,UHC,AARP Medicare Advantage Patriot No Rx NC-MA02,2026,Skilled nursing facility,$0 days 1-20 / $218 days 21-100,CMS,,,
H5253-040-000,UHC,AARP Medicare Advantage Patriot No Rx NC-MA02,2026,Home health,$55,CMS,,,
H5253-040-000,UHC,AARP Medicare Advantage Patriot No Rx NC-MA02,2026,Hospice,$0,CMS,,,
H5253-040-000,UHC,AARP Medicare Advantage Patriot No Rx NC-MA02,2026,Outpatient hospital,$50,CMS,,,
H5253-040-000,UHC,AARP Medicare Advantage Patriot No Rx NC-MA02,2027,Outpatient hospital,$610,FL,,,
H5253-040-000,UHC,AARP Medicare Advantage Patriot No Rx NC-MA02,2026,Outpatient surgery (ASC),$0 - $260,CMS,,,
H5253-040-000,UHC,AARP Medicare Advantage Patriot No Rx NC-MA02,2027,Outpatient surgery (ASC),$510,FL,,,
H5253-040-000,UHC,AARP Medicare Advantage Patriot No Rx NC-MA02,2026,Outpatient surgery (hospital),20%,CMS,,,
H5253-040-000,UHC,AARP Medicare Advantage Patriot No Rx NC-MA02,2026,Observation services,$0,CMS,,,
H5253-040-000,UHC,AARP Medicare Advantage Patriot No Rx NC-MA02,2026,Emergency room,$115,CMS,,,
H5253-040-000,UHC,AARP Medicare Advantage Patriot No Rx NC-MA02,2027,Emergency room,$115,FL,,,
H5253-040-000,UHC,AARP Medicare Advantage Patriot No Rx NC-MA02,2026,Urgent care,$0 - $40,CMS,,,
H5253-040-000,UHC,AARP Medicare Advantage Patriot No Rx NC-MA02,2027,Urgent care,$40,FL,,,
H5253-040-000,UHC,AARP Medicare Advantage Patriot No Rx NC-MA02,2026,Ambulance (ground),$0 - $475,CMS,,,
H5253-040-000,UHC,AARP Medicare Advantage Patriot No Rx NC-MA02,2027,Ambulance (ground),$350 ground/air,FL,,,
H5253-040-000,UHC,AARP Medicare Advantage Patriot No Rx NC-MA02,2026,Ambulance (air),$475,CMS,,,
H5253-040-000,UHC,AARP Medicare Advantage Patriot No Rx NC-MA02,2026,Transportation,$0 - $375,CMS,,,
H5253-040-000,UHC,AARP Medicare Advantage Patriot No Rx NC-MA02,2026,Lab services,$290,CMS,,,
H5253-040-000,UHC,AARP Medicare Advantage Patriot No Rx NC-MA02,2027,Lab services,$0,FL,,,
H5253-040-000,UHC,AARP Medicare Advantage Patriot No Rx NC-MA02,2026,Diagnostic radiology,$290,CMS,,,
H5253-040-000,UHC,AARP Medicare Advantage Patriot No Rx NC-MA02,2027,Diagnostic radiology,$320; mammograms $0,FL,,,
H5253-040-000,UHC,AARP Medicare Advantage Patriot No Rx NC-MA02,2027,X-ray,$30,FL,,,
H5253-040-000,UHC,AARP Medicare Advantage Patriot No Rx NC-MA02,2026,Renal dialysis,20%,CMS,,,
H5253-040-000,UHC,AARP Medicare Advantage Patriot No Rx NC-MA02,2026,Durable medical equipment,20%,CMS,,,
H5253-040-000,UHC,AARP Medicare Advantage Patriot No Rx NC-MA02,2026,Prosthetics,20%,CMS,,,
H5253-040-000,UHC,AARP Medicare Advantage Patriot No Rx NC-MA02,2026,Diabetic supplies,$0,CMS,,,
H5253-040-000,UHC,AARP Medicare Advantage Patriot No Rx NC-MA02,2026,Physical therapy,$0 - $55,CMS,,,
H5253-040-000,UHC,AARP Medicare Advantage Patriot No Rx NC-MA02,2026,Occupational therapy,$35,CMS,,,
H5253-040-000,UHC,AARP Medicare Advantage Patriot No Rx NC-MA02,2026,Cardiac rehab,$0,CMS,,,
H5253-040-000,UHC,AARP Medicare Advantage Patriot No Rx NC-MA02,2026,Pulmonary rehab,$15,CMS,,,
H5253-040-000,UHC,AARP Medicare Advantage Patriot No Rx NC-MA02,2026,Mental health (individual),$0 - $25,CMS,,,
H5253-040-000,UHC,AARP Medicare Advantage Patriot No Rx NC-MA02,2026,Mental health (group),$15,CMS,,,
H5253-040-000,UHC,AARP Medicare Advantage Patriot No Rx NC-MA02,2026,Substance abuse (individual),$0 - $25,CMS,,,
H5253-040-000,UHC,AARP Medicare Advantage Patriot No Rx NC-MA02,2026,Partial hospitalization,$0 - $25,CMS,,,
H5253-040-000,UHC,AARP Medicare Advantage Patriot No Rx NC-MA02,2026,Preventive services,$0,CMS,,,
H5253-040-000,UHC,AARP Medicare Advantage Patriot No Rx NC-MA02,2026,Wellness programs,$0,CMS,,,
H5253-040-000,UHC,AARP Medicare Advantage Patriot No Rx NC-MA02,2027,Rx deductible,N/A,FL,,,
H5253-040-000,UHC,AARP Medicare Advantage Patriot No Rx NC-MA02,2027,Rx retail (30-day),N/A,FL,,,
H5253-040-000,UHC,AARP Medicare Advantage Patriot No Rx NC-MA02,2027,Rx mail (100-day),N/A,FL,,,
H5253-040-000,UHC,AARP Medicare Advantage Patriot No Rx NC-MA02,2027,Dental - allowance,"$1,000 toward covered services; preventive $0; comprehensive 50%",FL,,,
H5253-040-000,UHC,AARP Medicare Advantage Patriot No Rx NC-MA02,2026,Dental - preventive,20%,CMS,,,
H5253-040-000,UHC,AARP Medicare Advantage Patriot No Rx NC-MA02,2026,Dental - oral exam,$0 (2 per year),CMS,,,
H5253-040-000,UHC,AARP Medicare Advantage Patriot No Rx NC-MA02,2026,Dental - cleaning,$0,CMS,,,
H5253-040-000,UHC,AARP Medicare Advantage Patriot No Rx NC-MA02,2026,Dental - fluoride,$0 (2 per year),CMS,,,
H5253-040-000,UHC,AARP Medicare Advantage Patriot No Rx NC-MA02,2026,Dental - other preventive,$0,CMS,,,
H5253-040-000,UHC,AARP Medicare Advantage Patriot No Rx NC-MA02,2026,Vision - routine eye exam,$0 (1 per year),CMS,,,
H5253-040-000,UHC,AARP Medicare Advantage Patriot No Rx NC-MA02,2026,Vision - eyeglasses,$0 - $153 (1 per quarter),CMS,,,
H5253-040-000,UHC,AARP Medicare Advantage Patriot No Rx NC-MA02,2027,Vision - eyeglasses,Routine exam $0; $300 every 2 years,FL,,,
H5253-040-000,UHC,AARP Medicare Advantage Patriot No Rx NC-MA02,2026,Vision - contact lenses,$0 (1 per quarter),CMS,,,
H5253-040-000,UHC,AARP Medicare Advantage Patriot No Rx NC-MA02,2026,Vision - eyewear (post-cataract),$0,CMS,,,
H5253-040-000,UHC,AARP Medicare Advantage Patriot No Rx NC-MA02,2026,Hearing - routine exam,$0 (1 per year),CMS,,,
H5253-040-000,UHC,AARP Medicare Advantage Patriot No Rx NC-MA02,2026,Hearing aids,"$199 - $1,249 (2 per year)",CMS,,,
H5253-040-000,UHC,AARP Medicare Advantage Patriot No Rx NC-MA02,2027,Hearing aids,"$1,000 allowance for 2 hearing aids/year",FL,,,
H5253-040-000,UHC,AARP Medicare Advantage Patriot No Rx NC-MA02,2026,Hearing aids (other),$199 - $829 (2 per year),CMS,,,
H5253-040-000,UHC,AARP Medicare Advantage Patriot No Rx NC-MA02,2027,OTC allowance,Not covered,FL,,,
H5253-040-000,UHC,AARP Medicare Advantage Patriot No Rx NC-MA02,2026,Meals,$0,CMS,,,
H5253-040-000,UHC,AARP Medicare Advantage Patriot No Rx NC-MA02,2027,Fitness,Free gym membership with core network,FL,,,
H5253-040-000,UHC,AARP Medicare Advantage Patriot No Rx NC-MA02,2027,Key notes,"Post-discharge meals: 28 meals over 14 days, unlimited times/year",FL,,,
H5253-110-000,UHC,AARP Medicare Advantage Giveback from UHC NC-14,2026,Premium,$0.00,CMS,,,
H5253-110-000,UHC,AARP Medicare Advantage Giveback from UHC NC-14,2027,Part B giveback,$84/month,FL,,,
H5253-110-000,UHC,AARP Medicare Advantage Giveback from UHC NC-14,2027,Medical deductible,$0 in-network,FL,,,
H5253-110-000,UHC,AARP Medicare Advantage Giveback from UHC NC-14,2026,Max out-of-pocket,"$9,250",CMS,,,
H5253-110-000,UHC,AARP Medicare Advantage Giveback from UHC NC-14,2027,Max out-of-pocket,"$9,500",FL,,,
H5253-110-000,UHC,AARP Medicare Advantage Giveback from UHC NC-14,2026,PCP,$0,CMS,,,
H5253-110-000,UHC,AARP Medicare Advantage Giveback from UHC NC-14,2027,PCP,$0,FL,,,
H5253-110-000,UHC,AARP Medicare Advantage Giveback from UHC NC-14,2026,Specialist,$0 - $55,CMS,,,
H5253-110-000,UHC,AARP Medicare Advantage Giveback from UHC NC-14,2027,Specialist,$55; referral required,FL,,,
H5253-110-000,UHC,AARP Medicare Advantage Giveback from UHC NC-14,2026,Telehealth,$0,CMS,,,
H5253-110-000,UHC,AARP Medicare Advantage Giveback from UHC NC-14,2026,Chiropractic,$15,CMS,,,
H5253-110-000,UHC,AARP Medicare Advantage Giveback from UHC NC-14,2026,Podiatry,$55,CMS,,,
H5253-110-000,UHC,AARP Medicare Advantage Giveback from UHC NC-14,2026,Other professional,$0,CMS,,,
H5253-110-000,UHC,AARP Medicare Advantage Giveback from UHC NC-14,2026,Inpatient hospital,$595 days 1-4 / $0 days 5-90,CMS,,,
H5253-110-000,UHC,AARP Medicare Advantage Giveback from UHC NC-14,2027,Inpatient hospital,$610 days 1-4; $0 thereafter,FL,,,
H5253-110-000,UHC,AARP Medicare Advantage Giveback from UHC NC-14,2026,Inpatient psychiatric,$595 days 1-3 / $0 days 4-90,CMS,,,
H5253-110-000,UHC,AARP Medicare Advantage Giveback from UHC NC-14,2026,Skilled nursing facility,$0 days 1-20 / $218 days 21-100,CMS,,,
H5253-110-000,UHC,AARP Medicare Advantage Giveback from UHC NC-14,2026,Home health,$55,CMS,,,
H5253-110-000,UHC,AARP Medicare Advantage Giveback from UHC NC-14,2026,Hospice,$0,CMS,,,
H5253-110-000,UHC,AARP Medicare Advantage Giveback from UHC NC-14,2026,Outpatient hospital,$50,CMS,,,
H5253-110-000,UHC,AARP Medicare Advantage Giveback from UHC NC-14,2027,Outpatient hospital,$610,FL,,,
H5253-110-000,UHC,AARP Medicare Advantage Giveback from UHC NC-14,2026,Outpatient surgery (ASC),$0 - $260,CMS,,,
H5253-110-000,UHC,AARP Medicare Advantage Giveback from UHC NC-14,2027,Outpatient surgery (ASC),$510,FL,,,
H5253-110-000,UHC,AARP Medicare Advantage Giveback from UHC NC-14,2026,Outpatient surgery (hospital),20%,CMS,,,
H5253-110-000,UHC,AARP Medicare Advantage Giveback from UHC NC-14,2026,Observation services,$0,CMS,,,
H5253-110-000,UHC,AARP Medicare Advantage Giveback from UHC NC-14,2026,Emergency room,$115,CMS,,,
H5253-110-000,UHC,AARP Medicare Advantage Giveback from UHC NC-14,2027,Emergency room,$115,FL,,,
H5253-110-000,UHC,AARP Medicare Advantage Giveback from UHC NC-14,2026,Urgent care,$0 - $40,CMS,,,
H5253-110-000,UHC,AARP Medicare Advantage Giveback from UHC NC-14,2027,Urgent care,$40,FL,,,
H5253-110-000,UHC,AARP Medicare Advantage Giveback from UHC NC-14,2026,Ambulance (ground),$0 - $595,CMS,,,
H5253-110-000,UHC,AARP Medicare Advantage Giveback from UHC NC-14,2027,Ambulance (ground),$350 ground/air,FL,,,
H5253-110-000,UHC,AARP Medicare Advantage Giveback from UHC NC-14,2026,Ambulance (air),$595,CMS,,,
H5253-110-000,UHC,AARP Medicare Advantage Giveback from UHC NC-14,2026,Transportation,$0 - $495,CMS,,,
H5253-110-000,UHC,AARP Medicare Advantage Giveback from UHC NC-14,2026,Lab services,$285,CMS,,,
H5253-110-000,UHC,AARP Medicare Advantage Giveback from UHC NC-14,2027,Lab services,$0,FL,,,
H5253-110-000,UHC,AARP Medicare Advantage Giveback from UHC NC-14,2026,Diagnostic radiology,$285,CMS,,,
H5253-110-000,UHC,AARP Medicare Advantage Giveback from UHC NC-14,2027,Diagnostic radiology,$320; mammograms $0,FL,,,
H5253-110-000,UHC,AARP Medicare Advantage Giveback from UHC NC-14,2027,X-ray,$30,FL,,,
H5253-110-000,UHC,AARP Medicare Advantage Giveback from UHC NC-14,2026,Renal dialysis,20%,CMS,,,
H5253-110-000,UHC,AARP Medicare Advantage Giveback from UHC NC-14,2026,Durable medical equipment,20%,CMS,,,
H5253-110-000,UHC,AARP Medicare Advantage Giveback from UHC NC-14,2026,Prosthetics,20%,CMS,,,
H5253-110-000,UHC,AARP Medicare Advantage Giveback from UHC NC-14,2026,Diabetic supplies,$0,CMS,,,
H5253-110-000,UHC,AARP Medicare Advantage Giveback from UHC NC-14,2026,Physical therapy,$0 - $55,CMS,,,
H5253-110-000,UHC,AARP Medicare Advantage Giveback from UHC NC-14,2026,Occupational therapy,$35,CMS,,,
H5253-110-000,UHC,AARP Medicare Advantage Giveback from UHC NC-14,2026,Cardiac rehab,$0,CMS,,,
H5253-110-000,UHC,AARP Medicare Advantage Giveback from UHC NC-14,2026,Pulmonary rehab,$15,CMS,,,
H5253-110-000,UHC,AARP Medicare Advantage Giveback from UHC NC-14,2026,Mental health (individual),$0 - $25,CMS,,,
H5253-110-000,UHC,AARP Medicare Advantage Giveback from UHC NC-14,2026,Mental health (group),$15,CMS,,,
H5253-110-000,UHC,AARP Medicare Advantage Giveback from UHC NC-14,2026,Substance abuse (individual),$0 - $25,CMS,,,
H5253-110-000,UHC,AARP Medicare Advantage Giveback from UHC NC-14,2026,Partial hospitalization,$0 - $25,CMS,,,
H5253-110-000,UHC,AARP Medicare Advantage Giveback from UHC NC-14,2026,Preventive services,$0,CMS,,,
H5253-110-000,UHC,AARP Medicare Advantage Giveback from UHC NC-14,2026,Wellness programs,$0,CMS,,,
H5253-110-000,UHC,AARP Medicare Advantage Giveback from UHC NC-14,2026,Rx deductible,"$600 (tiers 1,2 exempt)",CMS,,,
H5253-110-000,UHC,AARP Medicare Advantage Giveback from UHC NC-14,2027,Rx deductible,$0 T1-2; $685 T3-5,FL,,,
H5253-110-000,UHC,AARP Medicare Advantage Giveback from UHC NC-14,2027,Rx retail (30-day),$0 / $6 / 19% / 27% / 26%; insulin $35,FL,,,
H5253-110-000,UHC,AARP Medicare Advantage Giveback from UHC NC-14,2027,Rx mail (100-day),$0 / $0 / 19%; insulin $105,FL,,,
H5253-110-000,UHC,AARP Medicare Advantage Giveback from UHC NC-14,2027,Dental - allowance,Preventive dental $0; Platinum Dental Rider available,FL,,,
H5253-110-000,UHC,AARP Medicare Advantage Giveback from UHC NC-14,2026,Dental - preventive,20%,CMS,,,
H5253-110-000,UHC,AARP Medicare Advantage Giveback from UHC NC-14,2026,Dental - oral exam,$0 (2 per year),CMS,,,
H5253-110-000,UHC,AARP Medicare Advantage Giveback from UHC NC-14,2026,Dental - cleaning,$0,CMS,,,
H5253-110-000,UHC,AARP Medicare Advantage Giveback from UHC NC-14,2026,Dental - fluoride,$0 (2 per year),CMS,,,
H5253-110-000,UHC,AARP Medicare Advantage Giveback from UHC NC-14,2026,Dental - other preventive,$0,CMS,,,
H5253-110-000,UHC,AARP Medicare Advantage Giveback from UHC NC-14,2026,Vision - routine eye exam,$0 (1 per year),CMS,,,
H5253-110-000,UHC,AARP Medicare Advantage Giveback from UHC NC-14,2026,Vision - eyeglasses,$0 - $153 (1 per quarter),CMS,,,
H5253-110-000,UHC,AARP Medicare Advantage Giveback from UHC NC-14,2027,Vision - eyeglasses,Routine exam $0; $200 every 2 years,FL,,,
H5253-110-000,UHC,AARP Medicare Advantage Giveback from UHC NC-14,2026,Vision - contact lenses,$0 (1 per quarter),CMS,,,
H5253-110-000,UHC,AARP Medicare Advantage Giveback from UHC NC-14,2026,Vision - eyewear (post-cataract),$0,CMS,,,
H5253-110-000,UHC,AARP Medicare Advantage Giveback from UHC NC-14,2026,Hearing - routine exam,$0 (1 per year),CMS,,,
H5253-110-000,UHC,AARP Medicare Advantage Giveback from UHC NC-14,2026,Hearing aids,"$199 - $1,249 (2 per year)",CMS,,,
H5253-110-000,UHC,AARP Medicare Advantage Giveback from UHC NC-14,2027,Hearing aids,"$1,000 allowance for 2 hearing aids/year",FL,,,
H5253-110-000,UHC,AARP Medicare Advantage Giveback from UHC NC-14,2026,Hearing aids (other),$199 - $829 (2 per year),CMS,,,
H5253-110-000,UHC,AARP Medicare Advantage Giveback from UHC NC-14,2027,OTC allowance,Not covered,FL,,,
H5253-110-000,UHC,AARP Medicare Advantage Giveback from UHC NC-14,2026,Meals,$0,CMS,,,
H5253-110-000,UHC,AARP Medicare Advantage Giveback from UHC NC-14,2027,Fitness,Free gym membership with core network,FL,,,
H5253-110-000,UHC,AARP Medicare Advantage Giveback from UHC NC-14,2027,Key notes,"Post-discharge meals: 28 meals over 14 days, unlimited times/year",FL,,,
H5253-116-000,UHC,UHC Dual Advantage NC-V1,2026,Premium,$36.20,CMS,,,
H5253-116-000,UHC,UHC Dual Advantage NC-V1,2027,Medical deductible,$0 combined INN/OON,FL,,,
H5253-116-000,UHC,UHC Dual Advantage NC-V1,2026,Max out-of-pocket,"$5,900",CMS,,,
H5253-116-000,UHC,UHC Dual Advantage NC-V1,2027,Max out-of-pocket,"$5,900",FL,,,
H5253-116-000,UHC,UHC Dual Advantage NC-V1,2026,PCP,$0,CMS,,,
H5253-116-000,UHC,UHC Dual Advantage NC-V1,2027,PCP,$0,FL,,,
H5253-116-000,UHC,UHC Dual Advantage NC-V1,2026,Specialist,$0 - $30,CMS,,,
H5253-116-000,UHC,UHC Dual Advantage NC-V1,2027,Specialist,$30; referral required,FL,,,
H5253-116-000,UHC,UHC Dual Advantage NC-V1,2026,Telehealth,$0,CMS,,,
H5253-116-000,UHC,UHC Dual Advantage NC-V1,2026,Chiropractic,$15,CMS,,,
H5253-116-000,UHC,UHC Dual Advantage NC-V1,2026,Podiatry,$25,CMS,,,
H5253-116-000,UHC,UHC Dual Advantage NC-V1,2026,Other professional,$0,CMS,,,
H5253-116-000,UHC,UHC Dual Advantage NC-V1,2026,Inpatient hospital,$450 days 1-6 / $0 days 7-90,CMS,,,
H5253-116-000,UHC,UHC Dual Advantage NC-V1,2027,Inpatient hospital,$495 days 1-5; $0 thereafter,FL,,,
H5253-116-000,UHC,UHC Dual Advantage NC-V1,2026,Inpatient psychiatric,$450 days 1-5 / $0 days 6-90,CMS,,,
H5253-116-000,UHC,UHC Dual Advantage NC-V1,2026,Skilled nursing facility,$0 days 1-20 / $218 days 21-100,CMS,,,
H5253-116-000,UHC,UHC Dual Advantage NC-V1,2026,Home health,$55,CMS,,,
H5253-116-000,UHC,UHC Dual Advantage NC-V1,2026,Hospice,$0,CMS,,,
H5253-116-000,UHC,UHC Dual Advantage NC-V1,2026,Outpatient hospital,$40,CMS,,,
H5253-116-000,UHC,UHC Dual Advantage NC-V1,2027,Outpatient hospital,$495,FL,,,
H5253-116-000,UHC,UHC Dual Advantage NC-V1,2026,Outpatient surgery (ASC),$0 - $260,CMS,,,
H5253-116-000,UHC,UHC Dual Advantage NC-V1,2027,Outpatient surgery (ASC),$445,FL,,,
H5253-116-000,UHC,UHC Dual Advantage NC-V1,2026,Outpatient surgery (hospital),20%,CMS,,,
H5253-116-000,UHC,UHC Dual Advantage NC-V1,2026,Observation services,$0,CMS,,,
H5253-116-000,UHC,UHC Dual Advantage NC-V1,2026,Emergency room,$130,CMS,,,
H5253-116-000,UHC,UHC Dual Advantage NC-V1,2027,Emergency room,$130,FL,,,
H5253-116-000,UHC,UHC Dual Advantage NC-V1,2026,Urgent care,$0 - $50,CMS,,,
H5253-116-000,UHC,UHC Dual Advantage NC-V1,2027,Urgent care,$50,FL,,,
H5253-116-000,UHC,UHC Dual Advantage NC-V1,2026,Ambulance (ground),$0 - $450,CMS,,,
H5253-116-000,UHC,UHC Dual Advantage NC-V1,2027,Ambulance (ground),$350 ground/air,FL,,,
H5253-116-000,UHC,UHC Dual Advantage NC-V1,2026,Ambulance (air),$450,CMS,,,
H5253-116-000,UHC,UHC Dual Advantage NC-V1,2026,Transportation,$0 - $400,CMS,,,
H5253-116-000,UHC,UHC Dual Advantage NC-V1,2026,Lab services,$275,CMS,,,
H5253-116-000,UHC,UHC Dual Advantage NC-V1,2027,Lab services,$0,FL,,,
H5253-116-000,UHC,UHC Dual Advantage NC-V1,2026,Diagnostic radiology,$275,CMS,,,
H5253-116-000,UHC,UHC Dual Advantage NC-V1,2027,Diagnostic radiology,$320; mammograms $0,FL,,,
H5253-116-000,UHC,UHC Dual Advantage NC-V1,2027,X-ray,$30,FL,,,
H5253-116-000,UHC,UHC Dual Advantage NC-V1,2026,Renal dialysis,20%,CMS,,,
H5253-116-000,UHC,UHC Dual Advantage NC-V1,2026,Durable medical equipment,20%,CMS,,,
H5253-116-000,UHC,UHC Dual Advantage NC-V1,2026,Prosthetics,20%,CMS,,,
H5253-116-000,UHC,UHC Dual Advantage NC-V1,2026,Diabetic supplies,$0,CMS,,,
H5253-116-000,UHC,UHC Dual Advantage NC-V1,2026,Physical therapy,$0 - $30,CMS,,,
H5253-116-000,UHC,UHC Dual Advantage NC-V1,2026,Occupational therapy,$25,CMS,,,
H5253-116-000,UHC,UHC Dual Advantage NC-V1,2026,Cardiac rehab,$0,CMS,,,
H5253-116-000,UHC,UHC Dual Advantage NC-V1,2026,Pulmonary rehab,$0,CMS,,,
H5253-116-000,UHC,UHC Dual Advantage NC-V1,2026,Mental health (individual),$0 - $25,CMS,,,
H5253-116-000,UHC,UHC Dual Advantage NC-V1,2026,Mental health (group),$15,CMS,,,
H5253-116-000,UHC,UHC Dual Advantage NC-V1,2026,Substance abuse (individual),$0 - $25,CMS,,,
H5253-116-000,UHC,UHC Dual Advantage NC-V1,2026,Partial hospitalization,$0 - $25,CMS,,,
H5253-116-000,UHC,UHC Dual Advantage NC-V1,2026,Preventive services,$0,CMS,,,
H5253-116-000,UHC,UHC Dual Advantage NC-V1,2026,Wellness programs,$0,CMS,,,
H5253-116-000,UHC,UHC Dual Advantage NC-V1,2026,Rx deductible,$615 (tiers 1 exempt),CMS,,,
H5253-116-000,UHC,UHC Dual Advantage NC-V1,2027,Rx deductible,$0 T1; $700 T2-5; $0 with LIS,FL,,,
H5253-116-000,UHC,UHC Dual Advantage NC-V1,2027,Rx retail (30-day),$0 T1; other drugs vary by LIS,FL,,,
H5253-116-000,UHC,UHC Dual Advantage NC-V1,2027,Rx mail (100-day),$0 T1; other drugs vary by LIS,FL,,,
H5253-116-000,UHC,UHC Dual Advantage NC-V1,2027,Dental - allowance,Preventive dental $0,FL,,,
H5253-116-000,UHC,UHC Dual Advantage NC-V1,2026,Dental - preventive,20%,CMS,,,
H5253-116-000,UHC,UHC Dual Advantage NC-V1,2026,Dental - oral exam,$0 (2 per year),CMS,,,
H5253-116-000,UHC,UHC Dual Advantage NC-V1,2026,Dental - cleaning,$0,CMS,,,
H5253-116-000,UHC,UHC Dual Advantage NC-V1,2026,Dental - fluoride,$0 (2 per year),CMS,,,
H5253-116-000,UHC,UHC Dual Advantage NC-V1,2026,Dental - other preventive,$0,CMS,,,
H5253-116-000,UHC,UHC Dual Advantage NC-V1,2026,Vision - routine eye exam,$0 (1 per year),CMS,,,
H5253-116-000,UHC,UHC Dual Advantage NC-V1,2026,Vision - eyeglasses,$0 - $153 (1 per quarter),CMS,,,
H5253-116-000,UHC,UHC Dual Advantage NC-V1,2027,Vision - eyeglasses,Routine exam $0; $250 every 2 years,FL,,,
H5253-116-000,UHC,UHC Dual Advantage NC-V1,2026,Vision - contact lenses,$0 (1 per quarter),CMS,,,
H5253-116-000,UHC,UHC Dual Advantage NC-V1,2026,Vision - eyewear (post-cataract),$0,CMS,,,
H5253-116-000,UHC,UHC Dual Advantage NC-V1,2026,Hearing - routine exam,$0 (1 per year),CMS,,,
H5253-116-000,UHC,UHC Dual Advantage NC-V1,2026,Hearing aids,"$199 - $1,249 (2 per year)",CMS,,,
H5253-116-000,UHC,UHC Dual Advantage NC-V1,2027,Hearing aids,"$1,000 allowance for 2 hearing aids/year",FL,,,
H5253-116-000,UHC,UHC Dual Advantage NC-V1,2026,Hearing aids (other),$199 - $829 (2 per year),CMS,,,
H5253-116-000,UHC,UHC Dual Advantage NC-V1,2026,OTC allowance,$0,CMS,,,
H5253-116-000,UHC,UHC Dual Advantage NC-V1,2027,OTC allowance,$53/month OTC & wellness; healthy food/utilities for qualifying members,FL,,,
H5253-116-000,UHC,UHC Dual Advantage NC-V1,2026,Meals,$0,CMS,,,
H5253-116-000,UHC,UHC Dual Advantage NC-V1,2027,Fitness,Free gym membership with core network,FL,,,
H5253-116-000,UHC,UHC Dual Advantage NC-V1,2027,Key notes,"Transportation: 24 one-way trips; post-discharge meals: 28 over 14 days, unlimited times/year",FL,,,
H5253-117-000,UHC,AARP Medicare Advantage from UHC NC-15,2026,Premium,$0.00,CMS,,,
H5253-117-000,UHC,AARP Medicare Advantage from UHC NC-15,2027,Medical deductible,$0 combined INN/OON,FL,,,
H5253-117-000,UHC,AARP Medicare Advantage from UHC NC-15,2026,Max out-of-pocket,"$4,200",CMS,,,
H5253-117-000,UHC,AARP Medicare Advantage from UHC NC-15,2027,Max out-of-pocket,"$4,450",FL,,,
H5253-117-000,UHC,AARP Medicare Advantage from UHC NC-15,2026,PCP,$0,CMS,,,
H5253-117-000,UHC,AARP Medicare Advantage from UHC NC-15,2027,PCP,$0,FL,,,
H5253-117-000,UHC,AARP Medicare Advantage from UHC NC-15,2026,Specialist,$0 - $35,CMS,,,
H5253-117-000,UHC,AARP Medicare Advantage from UHC NC-15,2027,Specialist,$35; referral required,FL,,,
H5253-117-000,UHC,AARP Medicare Advantage from UHC NC-15,2026,Telehealth,$0,CMS,,,
H5253-117-000,UHC,AARP Medicare Advantage from UHC NC-15,2026,Chiropractic,$20,CMS,,,
H5253-117-000,UHC,AARP Medicare Advantage from UHC NC-15,2026,Podiatry,$35,CMS,,,
H5253-117-000,UHC,AARP Medicare Advantage from UHC NC-15,2026,Other professional,$0,CMS,,,
H5253-117-000,UHC,AARP Medicare Advantage from UHC NC-15,2026,Inpatient hospital,$455 days 1-6 / $0 days 7-90,CMS,,,
H5253-117-000,UHC,AARP Medicare Advantage from UHC NC-15,2027,Inpatient hospital,$550 days 1-5; $0 thereafter,FL,,,
H5253-117-000,UHC,AARP Medicare Advantage from UHC NC-15,2026,Inpatient psychiatric,$455 days 1-5 / $0 days 6-90,CMS,,,
H5253-117-000,UHC,AARP Medicare Advantage from UHC NC-15,2026,Skilled nursing facility,$0 days 1-20 / $218 days 21-100,CMS,,,
H5253-117-000,UHC,AARP Medicare Advantage from UHC NC-15,2026,Home health,$55,CMS,,,
H5253-117-000,UHC,AARP Medicare Advantage from UHC NC-15,2026,Hospice,$0,CMS,,,
H5253-117-000,UHC,AARP Medicare Advantage from UHC NC-15,2026,Outpatient hospital,$50,CMS,,,
H5253-117-000,UHC,AARP Medicare Advantage from UHC NC-15,2027,Outpatient hospital,$550,FL,,,
H5253-117-000,UHC,AARP Medicare Advantage from UHC NC-15,2026,Outpatient surgery (ASC),$0 - $260,CMS,,,
H5253-117-000,UHC,AARP Medicare Advantage from UHC NC-15,2027,Outpatient surgery (ASC),$420,FL,,,
H5253-117-000,UHC,AARP Medicare Advantage from UHC NC-15,2026,Outpatient surgery (hospital),20%,CMS,,,
H5253-117-000,UHC,AARP Medicare Advantage from UHC NC-15,2026,Observation services,$0,CMS,,,
H5253-117-000,UHC,AARP Medicare Advantage from UHC NC-15,2026,Emergency room,$150,CMS,,,
H5253-117-000,UHC,AARP Medicare Advantage from UHC NC-15,2027,Emergency room,$150,FL,,,
H5253-117-000,UHC,AARP Medicare Advantage from UHC NC-15,2026,Urgent care,$0 - $65,CMS,,,
H5253-117-000,UHC,AARP Medicare Advantage from UHC NC-15,2027,Urgent care,$65,FL,,,
H5253-117-000,UHC,AARP Medicare Advantage from UHC NC-15,2026,Ambulance (ground),$0 - $455,CMS,,,
H5253-117-000,UHC,AARP Medicare Advantage from UHC NC-15,2027,Ambulance (ground),$380 ground/air,FL,,,
H5253-117-000,UHC,AARP Medicare Advantage from UHC NC-15,2026,Ambulance (air),$455,CMS,,,
H5253-117-000,UHC,AARP Medicare Advantage from UHC NC-15,2026,Transportation,$0 - $325,CMS,,,
H5253-117-000,UHC,AARP Medicare Advantage from UHC NC-15,2026,Lab services,$275,CMS,,,
H5253-117-000,UHC,AARP Medicare Advantage from UHC NC-15,2027,Lab services,$0,FL,,,
H5253-117-000,UHC,AARP Medicare Advantage from UHC NC-15,2026,Diagnostic radiology,$275,CMS,,,
H5253-117-000,UHC,AARP Medicare Advantage from UHC NC-15,2027,Diagnostic radiology,$320; mammograms $0,FL,,,
H5253-117-000,UHC,AARP Medicare Advantage from UHC NC-15,2027,X-ray,$30,FL,,,
H5253-117-000,UHC,AARP Medicare Advantage from UHC NC-15,2026,Renal dialysis,20%,CMS,,,
H5253-117-000,UHC,AARP Medicare Advantage from UHC NC-15,2026,Durable medical equipment,20%,CMS,,,
H5253-117-000,UHC,AARP Medicare Advantage from UHC NC-15,2026,Prosthetics,20%,CMS,,,
H5253-117-000,UHC,AARP Medicare Advantage from UHC NC-15,2026,Diabetic supplies,$0,CMS,,,
H5253-117-000,UHC,AARP Medicare Advantage from UHC NC-15,2026,Physical therapy,$0 - $35,CMS,,,
H5253-117-000,UHC,AARP Medicare Advantage from UHC NC-15,2026,Occupational therapy,$35,CMS,,,
H5253-117-000,UHC,AARP Medicare Advantage from UHC NC-15,2026,Cardiac rehab,$0,CMS,,,
H5253-117-000,UHC,AARP Medicare Advantage from UHC NC-15,2026,Pulmonary rehab,$15,CMS,,,
H5253-117-000,UHC,AARP Medicare Advantage from UHC NC-15,2026,Mental health (individual),$0 - $25,CMS,,,
H5253-117-000,UHC,AARP Medicare Advantage from UHC NC-15,2026,Mental health (group),$15,CMS,,,
H5253-117-000,UHC,AARP Medicare Advantage from UHC NC-15,2026,Substance abuse (individual),$0 - $25,CMS,,,
H5253-117-000,UHC,AARP Medicare Advantage from UHC NC-15,2026,Partial hospitalization,$0 - $25,CMS,,,
H5253-117-000,UHC,AARP Medicare Advantage from UHC NC-15,2026,Preventive services,$0,CMS,,,
H5253-117-000,UHC,AARP Medicare Advantage from UHC NC-15,2026,Wellness programs,$0,CMS,,,
H5253-117-000,UHC,AARP Medicare Advantage from UHC NC-15,2026,Rx deductible,"$440 (tiers 1,2 exempt)",CMS,,,
H5253-117-000,UHC,AARP Medicare Advantage from UHC NC-15,2027,Rx deductible,$0 T1-2; $685 T3-5,FL,,,
H5253-117-000,UHC,AARP Medicare Advantage from UHC NC-15,2027,Rx retail (30-day),$0 / $5 / 22% / 27% / 26%; insulin $35,FL,,,
H5253-117-000,UHC,AARP Medicare Advantage from UHC NC-15,2027,Rx mail (100-day),$0 / $0 / 22%; insulin $105,FL,,,
H5253-117-000,UHC,AARP Medicare Advantage from UHC NC-15,2026,Dental - allowance,"$2,000 per year",CMS,,,
H5253-117-000,UHC,AARP Medicare Advantage from UHC NC-15,2027,Dental - allowance,"$1,500 toward covered services; preventive $0; comprehensive 50%",FL,,,
H5253-117-000,UHC,AARP Medicare Advantage from UHC NC-15,2026,Dental - preventive,20%,CMS,,,
H5253-117-000,UHC,AARP Medicare Advantage from UHC NC-15,2026,Dental - oral exam,$0 (Periodicity varies by service ranging from 2 every year to 1 every 3 years.),CMS,,,
H5253-117-000,UHC,AARP Medicare Advantage from UHC NC-15,2026,Dental - cleaning,$0 (Periodicity varies by service ranging from 1 per 60 floating months to 8 every year.),CMS,,,
H5253-117-000,UHC,AARP Medicare Advantage from UHC NC-15,2026,Dental - X-ray,$0,CMS,,,
H5253-117-000,UHC,AARP Medicare Advantage from UHC NC-15,2026,Dental - fluoride,$0 (2 per year),CMS,,,
H5253-117-000,UHC,AARP Medicare Advantage from UHC NC-15,2026,Dental - other preventive,$0,CMS,,,
H5253-117-000,UHC,AARP Medicare Advantage from UHC NC-15,2026,Dental - restorative,50% (Periodicity varies by service ranging from 1 per lifetime to unlimited.),CMS,,,
H5253-117-000,UHC,AARP Medicare Advantage from UHC NC-15,2026,Dental - endodontics,50% (Periodicity varies by service ranging from 1 per lifetime to unlimited.),CMS,,,
H5253-117-000,UHC,AARP Medicare Advantage from UHC NC-15,2026,Dental - periodontics,50% (Periodicity varies by service ranging from 1 per lifetime to 4 per year.),CMS,,,
H5253-117-000,UHC,AARP Medicare Advantage from UHC NC-15,2026,Dental - extractions,50% (Periodicity varies by service ranging from 1 per lifetime to 2 per year.),CMS,,,
H5253-117-000,UHC,AARP Medicare Advantage from UHC NC-15,2026,Dental - prosthodontics,50% (Periodicity varies by service ranging from 1 per floating 60 months to unlimited.),CMS,,,
H5253-117-000,UHC,AARP Medicare Advantage from UHC NC-15,2026,Dental - other comprehensive,50% (Periodicity varies by service ranging from 1 per lifetime to unlimited.),CMS,,,
H5253-117-000,UHC,AARP Medicare Advantage from UHC NC-15,2026,Vision - routine eye exam,$0 (1 per year),CMS,,,
H5253-117-000,UHC,AARP Medicare Advantage from UHC NC-15,2026,Vision - eyeglasses,$0 - $153 (1 per quarter),CMS,,,
H5253-117-000,UHC,AARP Medicare Advantage from UHC NC-15,2027,Vision - eyeglasses,Routine exam $0; $150 every 2 years,FL,,,
H5253-117-000,UHC,AARP Medicare Advantage from UHC NC-15,2026,Vision - contact lenses,$0 (1 per quarter),CMS,,,
H5253-117-000,UHC,AARP Medicare Advantage from UHC NC-15,2026,Vision - eyewear (post-cataract),$0,CMS,,,
H5253-117-000,UHC,AARP Medicare Advantage from UHC NC-15,2026,Hearing - routine exam,$0 (1 per year),CMS,,,
H5253-117-000,UHC,AARP Medicare Advantage from UHC NC-15,2026,Hearing aids,"$199 - $1,249 (2 per year)",CMS,,,
H5253-117-000,UHC,AARP Medicare Advantage from UHC NC-15,2027,Hearing aids,$700 allowance for 2 hearing aids/year,FL,,,
H5253-117-000,UHC,AARP Medicare Advantage from UHC NC-15,2026,Hearing aids (other),$199 - $829 (2 per year),CMS,,,
H5253-117-000,UHC,AARP Medicare Advantage from UHC NC-15,2026,OTC allowance,$0,CMS,,,
H5253-117-000,UHC,AARP Medicare Advantage from UHC NC-15,2027,OTC allowance,$25/quarter,FL,,,
H5253-117-000,UHC,AARP Medicare Advantage from UHC NC-15,2026,Meals,$0,CMS,,,
H5253-117-000,UHC,AARP Medicare Advantage from UHC NC-15,2027,Fitness,Free gym membership with core network,FL,,,
H5253-117-000,UHC,AARP Medicare Advantage from UHC NC-15,2027,Key notes,"Post-discharge meals: 28 meals over 14 days, unlimited times/year",FL,,,
H5253-189-000,UHC,UHC Complete Care NC-28,2026,Premium,$0.00,CMS,,,
H5253-189-000,UHC,UHC Complete Care NC-28,2027,Medical deductible,$0 combined INN/OON,FL,,,
H5253-189-000,UHC,UHC Complete Care NC-28,2026,Max out-of-pocket,"$4,200",CMS,,,
H5253-189-000,UHC,UHC Complete Care NC-28,2027,Max out-of-pocket,"$4,450",FL,,,
H5253-189-000,UHC,UHC Complete Care NC-28,2026,PCP,$0,CMS,,,
H5253-189-000,UHC,UHC Complete Care NC-28,2027,PCP,$0,FL,,,
H5253-189-000,UHC,UHC Complete Care NC-28,2026,Specialist,$0 - $25,CMS,,,
H5253-189-000,UHC,UHC Complete Care NC-28,2027,Specialist,$25; referral required,FL,,,
H5253-189-000,UHC,UHC Complete Care NC-28,2026,Telehealth,$0,CMS,,,
H5253-189-000,UHC,UHC Complete Care NC-28,2026,Chiropractic,$20,CMS,,,
H5253-189-000,UHC,UHC Complete Care NC-28,2026,Podiatry,$25,CMS,,,
H5253-189-000,UHC,UHC Complete Care NC-28,2026,Other professional,$0,CMS,,,
H5253-189-000,UHC,UHC Complete Care NC-28,2026,Inpatient hospital,$455 days 1-6 / $0 days 7-90,CMS,,,
H5253-189-000,UHC,UHC Complete Care NC-28,2027,Inpatient hospital,$525 days 1-5; $0 thereafter,FL,,,
H5253-189-000,UHC,UHC Complete Care NC-28,2026,Inpatient psychiatric,$455 days 1-5 / $0 days 6-90,CMS,,,
H5253-189-000,UHC,UHC Complete Care NC-28,2026,Skilled nursing facility,$0 days 1-20 / $218 days 21-100,CMS,,,
H5253-189-000,UHC,UHC Complete Care NC-28,2026,Home health,$55,CMS,,,
H5253-189-000,UHC,UHC Complete Care NC-28,2026,Hospice,$0,CMS,,,
H5253-189-000,UHC,UHC Complete Care NC-28,2026,Outpatient hospital,$50,CMS,,,
H5253-189-000,UHC,UHC Complete Care NC-28,2027,Outpatient hospital,$525,FL,,,
H5253-189-000,UHC,UHC Complete Care NC-28,2026,Outpatient surgery (ASC),$0 - $260,CMS,,,
H5253-189-000,UHC,UHC Complete Care NC-28,2027,Outpatient surgery (ASC),$495,FL,,,
H5253-189-000,UHC,UHC Complete Care NC-28,2026,Outpatient surgery (hospital),20%,CMS,,,
H5253-189-000,UHC,UHC Complete Care NC-28,2026,Observation services,$0,CMS,,,
H5253-189-000,UHC,UHC Complete Care NC-28,2026,Emergency room,$150,CMS,,,
H5253-189-000,UHC,UHC Complete Care NC-28,2027,Emergency room,$150,FL,,,
H5253-189-000,UHC,UHC Complete Care NC-28,2026,Urgent care,$0 - $65,CMS,,,
H5253-189-000,UHC,UHC Complete Care NC-28,2027,Urgent care,$65,FL,,,
H5253-189-000,UHC,UHC Complete Care NC-28,2026,Ambulance (ground),$0 - $455,CMS,,,
H5253-189-000,UHC,UHC Complete Care NC-28,2027,Ambulance (ground),$325 ground/air,FL,,,
H5253-189-000,UHC,UHC Complete Care NC-28,2026,Ambulance (air),$455,CMS,,,
H5253-189-000,UHC,UHC Complete Care NC-28,2026,Transportation,$0 - $325,CMS,,,
H5253-189-000,UHC,UHC Complete Care NC-28,2026,Lab services,$275,CMS,,,
H5253-189-000,UHC,UHC Complete Care NC-28,2027,Lab services,$0,FL,,,
H5253-189-000,UHC,UHC Complete Care NC-28,2026,Diagnostic radiology,$275,CMS,,,
H5253-189-000,UHC,UHC Complete Care NC-28,2027,Diagnostic radiology,$285; mammograms $0,FL,,,
H5253-189-000,UHC,UHC Complete Care NC-28,2027,X-ray,$25,FL,,,
H5253-189-000,UHC,UHC Complete Care NC-28,2026,Renal dialysis,20%,CMS,,,
H5253-189-000,UHC,UHC Complete Care NC-28,2026,Durable medical equipment,20%,CMS,,,
H5253-189-000,UHC,UHC Complete Care NC-28,2026,Prosthetics,20%,CMS,,,
H5253-189-000,UHC,UHC Complete Care NC-28,2026,Diabetic supplies,$0,CMS,,,
H5253-189-000,UHC,UHC Complete Care NC-28,2026,Physical therapy,$0 - $25,CMS,,,
H5253-189-000,UHC,UHC Complete Care NC-28,2026,Occupational therapy,$25,CMS,,,
H5253-189-000,UHC,UHC Complete Care NC-28,2026,Cardiac rehab,$0,CMS,,,
H5253-189-000,UHC,UHC Complete Care NC-28,2026,Pulmonary rehab,$15,CMS,,,
H5253-189-000,UHC,UHC Complete Care NC-28,2026,Mental health (individual),$0 - $25,CMS,,,
H5253-189-000,UHC,UHC Complete Care NC-28,2026,Mental health (group),$15,CMS,,,
H5253-189-000,UHC,UHC Complete Care NC-28,2026,Substance abuse (individual),$0 - $25,CMS,,,
H5253-189-000,UHC,UHC Complete Care NC-28,2026,Partial hospitalization,$0 - $25,CMS,,,
H5253-189-000,UHC,UHC Complete Care NC-28,2026,Preventive services,$0,CMS,,,
H5253-189-000,UHC,UHC Complete Care NC-28,2026,Wellness programs,$0,CMS,,,
H5253-189-000,UHC,UHC Complete Care NC-28,2026,Rx deductible,"$355 (tiers 1,2 exempt)",CMS,,,
H5253-189-000,UHC,UHC Complete Care NC-28,2027,Rx deductible,$0 T1-2; $595 T3-5,FL,,,
H5253-189-000,UHC,UHC Complete Care NC-28,2027,Rx retail (30-day),$0 / $0 / 22% / 33% / 27%; insulin $25,FL,,,
H5253-189-000,UHC,UHC Complete Care NC-28,2027,Rx mail (100-day),$0 / $0 / 22%; insulin $75,FL,,,
H5253-189-000,UHC,UHC Complete Care NC-28,2027,Dental - allowance,Preventive dental $0; Platinum Dental Rider available,FL,,,
H5253-189-000,UHC,UHC Complete Care NC-28,2026,Dental - preventive,20%,CMS,,,
H5253-189-000,UHC,UHC Complete Care NC-28,2026,Dental - oral exam,$0 (2 per year),CMS,,,
H5253-189-000,UHC,UHC Complete Care NC-28,2026,Dental - cleaning,$0,CMS,,,
H5253-189-000,UHC,UHC Complete Care NC-28,2026,Dental - fluoride,$0 (2 per year),CMS,,,
H5253-189-000,UHC,UHC Complete Care NC-28,2026,Dental - other preventive,$0,CMS,,,
H5253-189-000,UHC,UHC Complete Care NC-28,2026,Vision - routine eye exam,$0 (1 per year),CMS,,,
H5253-189-000,UHC,UHC Complete Care NC-28,2026,Vision - eyeglasses,$0 - $153 (1 per quarter),CMS,,,
H5253-189-000,UHC,UHC Complete Care NC-28,2027,Vision - eyeglasses,Routine exam $0; $250 every 2 years,FL,,,
H5253-189-000,UHC,UHC Complete Care NC-28,2026,Vision - contact lenses,$0 (1 per quarter),CMS,,,
H5253-189-000,UHC,UHC Complete Care NC-28,2026,Vision - eyewear (post-cataract),$0,CMS,,,
H5253-189-000,UHC,UHC Complete Care NC-28,2026,Hearing - routine exam,$0 (1 per year),CMS,,,
H5253-189-000,UHC,UHC Complete Care NC-28,2026,Hearing aids,"$199 - $1,249 (2 per year)",CMS,,,
H5253-189-000,UHC,UHC Complete Care NC-28,2027,Hearing aids,"$1,000 allowance for 2 hearing aids/year",FL,,,
H5253-189-000,UHC,UHC Complete Care NC-28,2026,Hearing aids (other),$199 - $829 (2 per year),CMS,,,
H5253-189-000,UHC,UHC Complete Care NC-28,2026,OTC allowance,$0,CMS,,,
H5253-189-000,UHC,UHC Complete Care NC-28,2027,OTC allowance,$70/month OTC; healthy food for qualifying members,FL,,,
H5253-189-000,UHC,UHC Complete Care NC-28,2026,Meals,$0,CMS,,,
H5253-189-000,UHC,UHC Complete Care NC-28,2027,Fitness,Free gym membership with core network,FL,,,
H5253-189-000,UHC,UHC Complete Care NC-28,2027,Key notes,"Post-discharge meals: 28 meals over 14 days, unlimited times/year",FL,,,
H5253-216-001,UHC,UHC Dual Complete NC-S3,2027,Medical deductible,$0 combined in and out-of-network,FL,,,
H5253-216-001,UHC,UHC Dual Complete NC-S3,2027,Max out-of-pocket,$0,FL,,,
H5253-216-001,UHC,UHC Dual Complete NC-S3,2027,PCP,$0 / $0; referral required,FL,,,
H5253-216-001,UHC,UHC Dual Complete NC-S3,2027,Inpatient hospital,"$0 per stay, unlimited days",FL,,,
H5253-216-001,UHC,UHC Dual Complete NC-S3,2027,Outpatient surgery (ASC),$0 / $0,FL,,,
H5253-216-001,UHC,UHC Dual Complete NC-S3,2027,Emergency room,$0 / $0,FL,,,
H5253-216-001,UHC,UHC Dual Complete NC-S3,2027,Ambulance (ground),$0 ground or air,FL,,,
H5253-216-001,UHC,UHC Dual Complete NC-S3,2027,Lab services,$0,FL,,,
H5253-216-001,UHC,UHC Dual Complete NC-S3,2027,Diagnostic radiology,$0 / $0,FL,,,
H5253-216-001,UHC,UHC Dual Complete NC-S3,2027,Rx deductible,$0 Tier 1 · $700 Tiers 2-5; $0 with LIS,FL,,,
H5253-216-001,UHC,UHC Dual Complete NC-S3,2027,Rx retail (30-day),$0 Tier 1 · other tiers vary by LIS level,FL,,,
H5253-216-001,UHC,UHC Dual Complete NC-S3,2027,Rx mail (100-day),$0 Tier 1 · other tiers vary by LIS level,FL,,,
H5253-216-001,UHC,UHC Dual Complete NC-S3,2027,Dental - allowance,"$2,500 toward covered services; $0 copay all covered services",FL,,,
H5253-216-001,UHC,UHC Dual Complete NC-S3,2027,Vision - eyeglasses,$0 routine exam; $200/yr eyewear,FL,,,
H5253-216-001,UHC,UHC Dual Complete NC-S3,2027,Hearing aids,"$2,200 for 2 hearing aids every 2 years (UHC Hearing)",FL,,,
H5253-216-001,UHC,UHC Dual Complete NC-S3,2027,OTC allowance,$300/month OTC and wellness; healthy food and utilities for qualifying members,FL,,,
H5253-216-001,UHC,UHC Dual Complete NC-S3,2027,Fitness,"Free gym membership, core network",FL,,,
H5253-216-001,UHC,UHC Dual Complete NC-S3,2027,Key notes,"Transportation $0 INN, 36 one-way trips · Post-discharge meals 28 over 14 days",FL,,,
H5253-216-002,UHC,UHC Dual Complete NC-S3,2027,Medical deductible,$0 combined in and out-of-network,FL,,,
H5253-216-002,UHC,UHC Dual Complete NC-S3,2027,Max out-of-pocket,$0,FL,,,
H5253-216-002,UHC,UHC Dual Complete NC-S3,2027,PCP,$0 / $0; referral required,FL,,,
H5253-216-002,UHC,UHC Dual Complete NC-S3,2027,Inpatient hospital,"$0 per stay, unlimited days",FL,,,
H5253-216-002,UHC,UHC Dual Complete NC-S3,2027,Outpatient surgery (ASC),$0 / $0,FL,,,
H5253-216-002,UHC,UHC Dual Complete NC-S3,2027,Emergency room,$0 / $0,FL,,,
H5253-216-002,UHC,UHC Dual Complete NC-S3,2027,Ambulance (ground),$0 ground or air,FL,,,
H5253-216-002,UHC,UHC Dual Complete NC-S3,2027,Lab services,$0,FL,,,
H5253-216-002,UHC,UHC Dual Complete NC-S3,2027,Diagnostic radiology,$0 / $0,FL,,,
H5253-216-002,UHC,UHC Dual Complete NC-S3,2027,Rx deductible,$0 Tier 1 · $700 Tiers 2-5; $0 with LIS,FL,,,
H5253-216-002,UHC,UHC Dual Complete NC-S3,2027,Rx retail (30-day),$0 Tier 1 · other tiers vary by LIS level,FL,,,
H5253-216-002,UHC,UHC Dual Complete NC-S3,2027,Rx mail (100-day),$0 Tier 1 · other tiers vary by LIS level,FL,,,
H5253-216-002,UHC,UHC Dual Complete NC-S3,2027,Dental - allowance,"$2,500 toward covered services; $0 copay all covered services",FL,,,
H5253-216-002,UHC,UHC Dual Complete NC-S3,2027,Vision - eyeglasses,$0 routine exam; $250/yr eyewear,FL,,,
H5253-216-002,UHC,UHC Dual Complete NC-S3,2027,Hearing aids,"$2,200 for 2 hearing aids every 2 years (UHC Hearing)",FL,,,
H5253-216-002,UHC,UHC Dual Complete NC-S3,2027,OTC allowance,$358/month OTC and wellness; healthy food and utilities for qualifying members,FL,,,
H5253-216-002,UHC,UHC Dual Complete NC-S3,2027,Fitness,"Free gym membership, core network",FL,,,
H5253-216-002,UHC,UHC Dual Complete NC-S3,2027,Key notes,"Transportation $0 INN, 36 one-way trips · Post-discharge meals 28 over 14 days",FL,,,
H5253-217-001,UHC,UHC Dual Complete NC-Q2,2027,Medical deductible,$0 - $283 combined in and out-of-network,FL,,,
H5253-217-001,UHC,UHC Dual Complete NC-Q2,2027,Max out-of-pocket,"$0 - $9,850",FL,,,
H5253-217-001,UHC,UHC Dual Complete NC-Q2,2027,PCP,$0 - 20% / $0 - 20%; referral required,FL,,,
H5253-217-001,UHC,UHC Dual Complete NC-Q2,2027,Inpatient hospital,"$0 - $1,925 per stay, unlimited days",FL,,,
H5253-217-001,UHC,UHC Dual Complete NC-Q2,2027,Outpatient surgery (ASC),$0 - 20% / $0 - 20%; $0 colonoscopies,FL,,,
H5253-217-001,UHC,UHC Dual Complete NC-Q2,2027,Emergency room,$0 - $115 / $0 - $40,FL,,,
H5253-217-001,UHC,UHC Dual Complete NC-Q2,2027,Ambulance (ground),$0 - 20% ground or air,FL,,,
H5253-217-001,UHC,UHC Dual Complete NC-Q2,2027,Lab services,$0,FL,,,
H5253-217-001,UHC,UHC Dual Complete NC-Q2,2027,Diagnostic radiology,$0 - 20%; $0 mammograms / $0 - 20%,FL,,,
H5253-217-001,UHC,UHC Dual Complete NC-Q2,2027,Rx deductible,$0 Tiers 1-2 · $700 Tiers 3-5; $0 with LIS,FL,,,
H5253-217-001,UHC,UHC Dual Complete NC-Q2,2027,Rx retail (30-day),$0 Tier 1 · other tiers vary by LIS level,FL,,,
H5253-217-001,UHC,UHC Dual Complete NC-Q2,2027,Rx mail (100-day),$0 Tier 1 · other tiers vary by LIS level,FL,,,
H5253-217-001,UHC,UHC Dual Complete NC-Q2,2027,Dental - allowance,"$1,500 toward covered services; $0 copay all covered services",FL,,,
H5253-217-001,UHC,UHC Dual Complete NC-Q2,2027,Vision - eyeglasses,$0 routine exam; $300/yr eyewear,FL,,,
H5253-217-001,UHC,UHC Dual Complete NC-Q2,2027,Hearing aids,"$2,200 for 2 hearing aids every 2 years (UHC Hearing)",FL,,,
H5253-217-001,UHC,UHC Dual Complete NC-Q2,2027,OTC allowance,$230/month OTC and wellness; healthy food and utilities for qualifying members,FL,,,
H5253-217-001,UHC,UHC Dual Complete NC-Q2,2027,Fitness,Not covered,FL,,,
H5253-217-001,UHC,UHC Dual Complete NC-Q2,2027,Key notes,"Transportation $0 INN, 12 one-way trips · Post-discharge meals 28 over 14 days",FL,,,
H5253-217-002,UHC,UHC Dual Complete NC-Q2,2027,Medical deductible,$0 - $283 combined in and out-of-network,FL,,,
H5253-217-002,UHC,UHC Dual Complete NC-Q2,2027,Max out-of-pocket,"$0 - $9,850",FL,,,
H5253-217-002,UHC,UHC Dual Complete NC-Q2,2027,PCP,$0 - 20% / $0 - 20%; referral required,FL,,,
H5253-217-002,UHC,UHC Dual Complete NC-Q2,2027,Inpatient hospital,"$0 - $1,870 per stay, unlimited days",FL,,,
H5253-217-002,UHC,UHC Dual Complete NC-Q2,2027,Outpatient surgery (ASC),$0 - 20% / $0 - 20%; $0 colonoscopies,FL,,,
H5253-217-002,UHC,UHC Dual Complete NC-Q2,2027,Emergency room,$0 - $115 / $0 - $40,FL,,,
H5253-217-002,UHC,UHC Dual Complete NC-Q2,2027,Ambulance (ground),$0 - 20% ground or air,FL,,,
H5253-217-002,UHC,UHC Dual Complete NC-Q2,2027,Lab services,$0,FL,,,
H5253-217-002,UHC,UHC Dual Complete NC-Q2,2027,Diagnostic radiology,$0 - 20%; $0 mammograms / $0 - 20%,FL,,,
H5253-217-002,UHC,UHC Dual Complete NC-Q2,2027,Rx deductible,$0 Tiers 1-2 · $700 Tiers 3-5; $0 with LIS,FL,,,
H5253-217-002,UHC,UHC Dual Complete NC-Q2,2027,Rx retail (30-day),$0 Tier 1 · other tiers vary by LIS level,FL,,,
H5253-217-002,UHC,UHC Dual Complete NC-Q2,2027,Rx mail (100-day),$0 Tier 1 · other tiers vary by LIS level,FL,,,
H5253-217-002,UHC,UHC Dual Complete NC-Q2,2027,Dental - allowance,"$1,500 toward covered services; $0 copay all covered services",FL,,,
H5253-217-002,UHC,UHC Dual Complete NC-Q2,2027,Vision - eyeglasses,$0 routine exam; $300/yr eyewear,FL,,,
H5253-217-002,UHC,UHC Dual Complete NC-Q2,2027,Hearing aids,"$2,200 for 2 hearing aids every 2 years (UHC Hearing)",FL,,,
H5253-217-002,UHC,UHC Dual Complete NC-Q2,2027,OTC allowance,$310/month OTC and wellness; healthy food and utilities for qualifying members,FL,,,
H5253-217-002,UHC,UHC Dual Complete NC-Q2,2027,Fitness,Not covered,FL,,,
H5253-217-002,UHC,UHC Dual Complete NC-Q2,2027,Key notes,"Transportation $0 INN, 12 one-way trips · Post-discharge meals 28 over 14 days",FL,,,
S5921-353-000,UHC,AARP Medicare Rx Saver from UHC (PDP),2026,Premium,$56.90,CMS,,,
S5921-353-000,UHC,AARP Medicare Rx Saver from UHC (PDP),2026,Benefit type,Actuarially Equivalent,CMS,,,
S5921-353-000,UHC,AARP Medicare Rx Saver from UHC (PDP),2026,Number of tiers,5,CMS,,,
S5921-353-000,UHC,AARP Medicare Rx Saver from UHC (PDP),2026,Insulin tiers,"3,4,5",CMS,,,
S5921-353-000,UHC,AARP Medicare Rx Saver from UHC (PDP),2026,Tier 1 (preferred generic) — Long-term care,$8,CMS,,,
S5921-353-000,UHC,AARP Medicare Rx Saver from UHC (PDP),2026,Tier 1 (preferred generic) — Mail 90-day,$24,CMS,,,
S5921-353-000,UHC,AARP Medicare Rx Saver from UHC (PDP),2026,Tier 1 (preferred generic) — Mail 90-day (preferred),$6,CMS,,,
S5921-353-000,UHC,AARP Medicare Rx Saver from UHC (PDP),2026,Tier 1 (preferred generic) — Out of network,$8,CMS,,,
S5921-353-000,UHC,AARP Medicare Rx Saver from UHC (PDP),2026,Tier 1 (preferred generic) — Retail 30-day (standard),$8,CMS,,,
S5921-353-000,UHC,AARP Medicare Rx Saver from UHC (PDP),2026,Tier 1 (preferred generic) — Retail 90-day (standard),$24,CMS,,,
S5921-353-000,UHC,AARP Medicare Rx Saver from UHC (PDP),2026,Tier 2 (generic) — Long-term care,$10,CMS,,,
S5921-353-000,UHC,AARP Medicare Rx Saver from UHC (PDP),2026,Tier 2 (generic) — Mail 90-day,$30,CMS,,,
S5921-353-000,UHC,AARP Medicare Rx Saver from UHC (PDP),2026,Tier 2 (generic) — Mail 90-day (preferred),$24,CMS,,,
S5921-353-000,UHC,AARP Medicare Rx Saver from UHC (PDP),2026,Tier 2 (generic) — Out of network,$10,CMS,,,
S5921-353-000,UHC,AARP Medicare Rx Saver from UHC (PDP),2026,Tier 2 (generic) — Retail 30-day (standard),$10,CMS,,,
S5921-353-000,UHC,AARP Medicare Rx Saver from UHC (PDP),2026,Tier 2 (generic) — Retail 90-day (standard),$30,CMS,,,
S5921-353-000,UHC,AARP Medicare Rx Saver from UHC (PDP),2026,Tier 3 (preferred brand) — Long-term care,18%,CMS,,,
S5921-353-000,UHC,AARP Medicare Rx Saver from UHC (PDP),2026,Tier 3 (preferred brand) — Mail 90-day,18%,CMS,,,
S5921-353-000,UHC,AARP Medicare Rx Saver from UHC (PDP),2026,Tier 3 (preferred brand) — Mail 90-day (preferred),18%,CMS,,,
S5921-353-000,UHC,AARP Medicare Rx Saver from UHC (PDP),2026,Tier 3 (preferred brand) — Out of network,18%,CMS,,,
S5921-353-000,UHC,AARP Medicare Rx Saver from UHC (PDP),2026,Tier 3 (preferred brand) — Retail 30-day (standard),18%,CMS,,,
S5921-353-000,UHC,AARP Medicare Rx Saver from UHC (PDP),2026,Tier 3 (preferred brand) — Retail 90-day (standard),18%,CMS,,,
S5921-353-000,UHC,AARP Medicare Rx Saver from UHC (PDP),2026,Tier 4 (non-preferred) — Long-term care,37%,CMS,,,
S5921-353-000,UHC,AARP Medicare Rx Saver from UHC (PDP),2026,Tier 4 (non-preferred) — Mail 30-day,37%,CMS,,,
S5921-353-000,UHC,AARP Medicare Rx Saver from UHC (PDP),2026,Tier 4 (non-preferred) — Mail 30-day (preferred),34%,CMS,,,
S5921-353-000,UHC,AARP Medicare Rx Saver from UHC (PDP),2026,Tier 4 (non-preferred) — Out of network,37%,CMS,,,
S5921-353-000,UHC,AARP Medicare Rx Saver from UHC (PDP),2026,Tier 4 (non-preferred) — Retail 30-day (standard),37%,CMS,,,
S5921-353-000,UHC,AARP Medicare Rx Saver from UHC (PDP),2026,Tier 5 (specialty) — Long-term care,25%,CMS,,,
S5921-353-000,UHC,AARP Medicare Rx Saver from UHC (PDP),2026,Tier 5 (specialty) — Mail 30-day,25%,CMS,,,
S5921-353-000,UHC,AARP Medicare Rx Saver from UHC (PDP),2026,Tier 5 (specialty) — Mail 30-day (preferred),25%,CMS,,,
S5921-353-000,UHC,AARP Medicare Rx Saver from UHC (PDP),2026,Tier 5 (specialty) — Out of network,25%,CMS,,,
S5921-353-000,UHC,AARP Medicare Rx Saver from UHC (PDP),2026,Tier 5 (specialty) — Retail 30-day (standard),25%,CMS,,,
S5921-390-000,UHC,AARP Medicare Rx Preferred from UHC (PDP),2026,Premium,$119.80,CMS,,,
S5921-390-000,UHC,AARP Medicare Rx Preferred from UHC (PDP),2026,Benefit type,Enhanced Alternative,CMS,,,
S5921-390-000,UHC,AARP Medicare Rx Preferred from UHC (PDP),2026,Number of tiers,5,CMS,,,
S5921-390-000,UHC,AARP Medicare Rx Preferred from UHC (PDP),2026,Rx deductible,"$130 (tiers 1,2 exempt)",CMS,,,
S5921-390-000,UHC,AARP Medicare Rx Preferred from UHC (PDP),2026,Insulin tiers,"3,4,5",CMS,,,
S5921-390-000,UHC,AARP Medicare Rx Preferred from UHC (PDP),2026,Tier 1 (preferred generic) — Long-term care,$13,CMS,,,
S5921-390-000,UHC,AARP Medicare Rx Preferred from UHC (PDP),2026,Tier 1 (preferred generic) — Mail 90-day,$39,CMS,,,
S5921-390-000,UHC,AARP Medicare Rx Preferred from UHC (PDP),2026,Tier 1 (preferred generic) — Mail 90-day (preferred),$0,CMS,,,
S5921-390-000,UHC,AARP Medicare Rx Preferred from UHC (PDP),2026,Tier 1 (preferred generic) — Out of network,$13,CMS,,,
S5921-390-000,UHC,AARP Medicare Rx Preferred from UHC (PDP),2026,Tier 1 (preferred generic) — Retail 30-day (standard),$13,CMS,,,
S5921-390-000,UHC,AARP Medicare Rx Preferred from UHC (PDP),2026,Tier 1 (preferred generic) — Retail 90-day (standard),$39,CMS,,,
S5921-390-000,UHC,AARP Medicare Rx Preferred from UHC (PDP),2026,Tier 2 (generic) — Long-term care,$18,CMS,,,
S5921-390-000,UHC,AARP Medicare Rx Preferred from UHC (PDP),2026,Tier 2 (generic) — Mail 90-day,$54,CMS,,,
S5921-390-000,UHC,AARP Medicare Rx Preferred from UHC (PDP),2026,Tier 2 (generic) — Mail 90-day (preferred),$0,CMS,,,
S5921-390-000,UHC,AARP Medicare Rx Preferred from UHC (PDP),2026,Tier 2 (generic) — Out of network,$18,CMS,,,
S5921-390-000,UHC,AARP Medicare Rx Preferred from UHC (PDP),2026,Tier 2 (generic) — Retail 30-day (standard),$18,CMS,,,
S5921-390-000,UHC,AARP Medicare Rx Preferred from UHC (PDP),2026,Tier 2 (generic) — Retail 90-day (standard),$54,CMS,,,
S5921-390-000,UHC,AARP Medicare Rx Preferred from UHC (PDP),2026,Tier 3 (preferred brand) — Long-term care,17%,CMS,,,
S5921-390-000,UHC,AARP Medicare Rx Preferred from UHC (PDP),2026,Tier 3 (preferred brand) — Mail 90-day,17%,CMS,,,
S5921-390-000,UHC,AARP Medicare Rx Preferred from UHC (PDP),2026,Tier 3 (preferred brand) — Mail 90-day (preferred),17%,CMS,,,
S5921-390-000,UHC,AARP Medicare Rx Preferred from UHC (PDP),2026,Tier 3 (preferred brand) — Out of network,17%,CMS,,,
S5921-390-000,UHC,AARP Medicare Rx Preferred from UHC (PDP),2026,Tier 3 (preferred brand) — Retail 30-day (standard),17%,CMS,,,
S5921-390-000,UHC,AARP Medicare Rx Preferred from UHC (PDP),2026,Tier 3 (preferred brand) — Retail 90-day (standard),17%,CMS,,,
S5921-390-000,UHC,AARP Medicare Rx Preferred from UHC (PDP),2026,Tier 4 (non-preferred) — Long-term care,38%,CMS,,,
S5921-390-000,UHC,AARP Medicare Rx Preferred from UHC (PDP),2026,Tier 4 (non-preferred) — Mail 30-day,38%,CMS,,,
S5921-390-000,UHC,AARP Medicare Rx Preferred from UHC (PDP),2026,Tier 4 (non-preferred) — Mail 30-day (preferred),33%,CMS,,,
S5921-390-000,UHC,AARP Medicare Rx Preferred from UHC (PDP),2026,Tier 4 (non-preferred) — Out of network,38%,CMS,,,
S5921-390-000,UHC,AARP Medicare Rx Preferred from UHC (PDP),2026,Tier 4 (non-preferred) — Retail 30-day (standard),38%,CMS,,,
S5921-390-000,UHC,AARP Medicare Rx Preferred from UHC (PDP),2026,Tier 5 (specialty) — Long-term care,31%,CMS,,,
S5921-390-000,UHC,AARP Medicare Rx Preferred from UHC (PDP),2026,Tier 5 (specialty) — Mail 30-day,31%,CMS,,,
S5921-390-000,UHC,AARP Medicare Rx Preferred from UHC (PDP),2026,Tier 5 (specialty) — Mail 30-day (preferred),31%,CMS,,,
S5921-390-000,UHC,AARP Medicare Rx Preferred from UHC (PDP),2026,Tier 5 (specialty) — Out of network,31%,CMS,,,
S5921-390-000,UHC,AARP Medicare Rx Preferred from UHC (PDP),2026,Tier 5 (specialty) — Retail 30-day (standard),31%,CMS,,,
