CMS Code,Carrier,Plan Name,Year,Benefit,Value,Source,Verified By,Verified Date,Notes
H5299-001-000,Devoted,DEVOTED CORE 001 NC (HMO),2026,Premium,$0.00,CMS,,,
H5299-001-000,Devoted,DEVOTED CORE 001 NC (HMO),2027,Premium,$0.00,FL,,,
H5299-001-000,Devoted,DEVOTED CORE 001 NC (HMO),2027,Medical deductible,$0,FL,,,
H5299-001-000,Devoted,DEVOTED CORE 001 NC (HMO),2026,Max out-of-pocket,"$3,600",CMS,,,
H5299-001-000,Devoted,DEVOTED CORE 001 NC (HMO),2027,Max out-of-pocket,"$4,050",FL,,,
H5299-001-000,Devoted,DEVOTED CORE 001 NC (HMO),2027,PCP,$0 copay,FL,,,
H5299-001-000,Devoted,DEVOTED CORE 001 NC (HMO),2026,Specialist,$25,CMS,,,
H5299-001-000,Devoted,DEVOTED CORE 001 NC (HMO),2027,Specialist,$25 copay,FL,,,
H5299-001-000,Devoted,DEVOTED CORE 001 NC (HMO),2027,Referrals,No,FL,,,
H5299-001-000,Devoted,DEVOTED CORE 001 NC (HMO),2026,Telehealth,$0 - $45,CMS,,,
H5299-001-000,Devoted,DEVOTED CORE 001 NC (HMO),2026,Chiropractic,$20,CMS,,,
H5299-001-000,Devoted,DEVOTED CORE 001 NC (HMO),2026,Podiatry,$25 - $50,CMS,,,
H5299-001-000,Devoted,DEVOTED CORE 001 NC (HMO),2026,Other professional,$25,CMS,,,
H5299-001-000,Devoted,DEVOTED CORE 001 NC (HMO),2026,Inpatient hospital,$295 days 1-5 / $0 days 6-90,CMS,,,
H5299-001-000,Devoted,DEVOTED CORE 001 NC (HMO),2027,Inpatient hospital,"$295 per day for days 1-5, $0 days 6+",FL,,,
H5299-001-000,Devoted,DEVOTED CORE 001 NC (HMO),2026,Inpatient psychiatric,$295 days 1-5 / $0 days 6-90,CMS,,,
H5299-001-000,Devoted,DEVOTED CORE 001 NC (HMO),2026,Skilled nursing facility,$0 days 1-20 / $218 days 21-100,CMS,,,
H5299-001-000,Devoted,DEVOTED CORE 001 NC (HMO),2026,Home health,$60,CMS,,,
H5299-001-000,Devoted,DEVOTED CORE 001 NC (HMO),2026,Outpatient hospital,$0 - $95,CMS,,,
H5299-001-000,Devoted,DEVOTED CORE 001 NC (HMO),2026,Outpatient surgery (ASC),$0 - $300,CMS,,,
H5299-001-000,Devoted,DEVOTED CORE 001 NC (HMO),2027,Outpatient surgery (ASC),$295-$395 copay,FL,,,
H5299-001-000,Devoted,DEVOTED CORE 001 NC (HMO),2026,Outpatient surgery (hospital),20%,CMS,,,
H5299-001-000,Devoted,DEVOTED CORE 001 NC (HMO),2026,Observation services,$0 - $20,CMS,,,
H5299-001-000,Devoted,DEVOTED CORE 001 NC (HMO),2026,Emergency room,$150,CMS,,,
H5299-001-000,Devoted,DEVOTED CORE 001 NC (HMO),2027,Emergency room,$150 copay,FL,,,
H5299-001-000,Devoted,DEVOTED CORE 001 NC (HMO),2026,Urgent care,$0 - $45,CMS,,,
H5299-001-000,Devoted,DEVOTED CORE 001 NC (HMO),2026,Ambulance (ground),$0 - $395,CMS,,,
H5299-001-000,Devoted,DEVOTED CORE 001 NC (HMO),2026,Ambulance (air),$295,CMS,,,
H5299-001-000,Devoted,DEVOTED CORE 001 NC (HMO),2026,Transportation,$0 - $295,CMS,,,
H5299-001-000,Devoted,DEVOTED CORE 001 NC (HMO),2026,Lab services,$0 - $315,CMS,,,
H5299-001-000,Devoted,DEVOTED CORE 001 NC (HMO),2027,Lab services,$0 copay,FL,,,
H5299-001-000,Devoted,DEVOTED CORE 001 NC (HMO),2026,Diagnostic radiology,20%,CMS,,,
H5299-001-000,Devoted,DEVOTED CORE 001 NC (HMO),2026,Renal dialysis,20%,CMS,,,
H5299-001-000,Devoted,DEVOTED CORE 001 NC (HMO),2026,Durable medical equipment,20% - 50%,CMS,,,
H5299-001-000,Devoted,DEVOTED CORE 001 NC (HMO),2026,Prosthetics,0% - 20%,CMS,,,
H5299-001-000,Devoted,DEVOTED CORE 001 NC (HMO),2026,Diabetic supplies,0% - 50%,CMS,,,
H5299-001-000,Devoted,DEVOTED CORE 001 NC (HMO),2026,Physical therapy,$0 - $25,CMS,,,
H5299-001-000,Devoted,DEVOTED CORE 001 NC (HMO),2026,Occupational therapy,$25 - $50,CMS,,,
H5299-001-000,Devoted,DEVOTED CORE 001 NC (HMO),2026,Cardiac rehab,$25,CMS,,,
H5299-001-000,Devoted,DEVOTED CORE 001 NC (HMO),2026,Pulmonary rehab,$25,CMS,,,
H5299-001-000,Devoted,DEVOTED CORE 001 NC (HMO),2026,Mental health (individual),$25,CMS,,,
H5299-001-000,Devoted,DEVOTED CORE 001 NC (HMO),2026,Mental health (group),$25,CMS,,,
H5299-001-000,Devoted,DEVOTED CORE 001 NC (HMO),2026,Substance abuse (individual),$25,CMS,,,
H5299-001-000,Devoted,DEVOTED CORE 001 NC (HMO),2026,Partial hospitalization,$25,CMS,,,
H5299-001-000,Devoted,DEVOTED CORE 001 NC (HMO),2027,Wellness programs,$150 per year,FL,,,
H5299-001-000,Devoted,DEVOTED CORE 001 NC (HMO),2026,Rx deductible,"$395 (tiers 1,2 exempt)",CMS,,,
H5299-001-000,Devoted,DEVOTED CORE 001 NC (HMO),2027,Rx deductible,$650 tiers 3-5,FL,,,
H5299-001-000,Devoted,DEVOTED CORE 001 NC (HMO),2027,Rx retail (30-day),$0 / $5 / 25% / 25% / 26%,FL,,,
H5299-001-000,Devoted,DEVOTED CORE 001 NC (HMO),2026,Dental - allowance,"$1,500 per year",CMS,,,
H5299-001-000,Devoted,DEVOTED CORE 001 NC (HMO),2027,Dental - allowance,"$2,250 per year (Direct member reimbursement)",FL,,,
H5299-001-000,Devoted,DEVOTED CORE 001 NC (HMO),2026,Dental - preventive,$25,CMS,,,
H5299-001-000,Devoted,DEVOTED CORE 001 NC (HMO),2027,Vision - eyeglasses,$300 per year,FL,,,
H5299-001-000,Devoted,DEVOTED CORE 001 NC (HMO),2026,Hearing aids,$399 - $699 (2 per year),CMS,,,
H5299-001-000,Devoted,DEVOTED CORE 001 NC (HMO),2027,Hearing aids,$399-$699 copay per aid,FL,,,
H5299-001-000,Devoted,DEVOTED CORE 001 NC (HMO),2026,OTC allowance,$50 per visit,CMS,,,
H5299-001-000,Devoted,DEVOTED CORE 001 NC (HMO),2027,OTC allowance,$50 per quarter,FL,,,
H5299-001-000,Devoted,DEVOTED CORE 001 NC (HMO),2027,Service area,"Greensboro (Alamance, Caswell, Guilford, Person, Randolph, Rockingham); Winston-Salem (Davidson, Davie, Forsyth, Stokes, Yadkin)",FL,,,
H5299-001-000,Devoted,DEVOTED CORE 001 NC (HMO),2027,Key notes,The Food & Home Card is only for chronically ill members who meet specific health criteria (see SB/EOC for details). We proactively review health records to check eligibility. Completing an HRA can help speed up this process.,FL,,,
H5299-002-000,Devoted,DEVOTED GIVEBACK 002 NC (HMO),2026,Premium,$0.00,CMS,,,
H5299-002-000,Devoted,DEVOTED GIVEBACK 002 NC (HMO),2027,Premium,$0.00,FL,,,
H5299-002-000,Devoted,DEVOTED GIVEBACK 002 NC (HMO),2027,Medical deductible,$200,FL,,,
H5299-002-000,Devoted,DEVOTED GIVEBACK 002 NC (HMO),2026,Max out-of-pocket,"$6,700",CMS,,,
H5299-002-000,Devoted,DEVOTED GIVEBACK 002 NC (HMO),2027,Max out-of-pocket,"$7,950",FL,,,
H5299-002-000,Devoted,DEVOTED GIVEBACK 002 NC (HMO),2027,PCP,$0 copay,FL,,,
H5299-002-000,Devoted,DEVOTED GIVEBACK 002 NC (HMO),2026,Specialist,$45,CMS,,,
H5299-002-000,Devoted,DEVOTED GIVEBACK 002 NC (HMO),2027,Specialist,$45 copay,FL,,,
H5299-002-000,Devoted,DEVOTED GIVEBACK 002 NC (HMO),2027,Referrals,No,FL,,,
H5299-002-000,Devoted,DEVOTED GIVEBACK 002 NC (HMO),2026,Telehealth,$0 - $45,CMS,,,
H5299-002-000,Devoted,DEVOTED GIVEBACK 002 NC (HMO),2026,Chiropractic,$15,CMS,,,
H5299-002-000,Devoted,DEVOTED GIVEBACK 002 NC (HMO),2026,Podiatry,$45 - $50,CMS,,,
H5299-002-000,Devoted,DEVOTED GIVEBACK 002 NC (HMO),2026,Other professional,$45,CMS,,,
H5299-002-000,Devoted,DEVOTED GIVEBACK 002 NC (HMO),2026,Inpatient hospital,$395 days 1-5 / $0 days 6-90,CMS,,,
H5299-002-000,Devoted,DEVOTED GIVEBACK 002 NC (HMO),2027,Inpatient hospital,"$395 per day for days 1-5, $0 days 6+",FL,,,
H5299-002-000,Devoted,DEVOTED GIVEBACK 002 NC (HMO),2026,Inpatient psychiatric,$395 days 1-5 / $0 days 6-90,CMS,,,
H5299-002-000,Devoted,DEVOTED GIVEBACK 002 NC (HMO),2026,Skilled nursing facility,$0 days 1-20 / $218 days 21-100,CMS,,,
H5299-002-000,Devoted,DEVOTED GIVEBACK 002 NC (HMO),2026,Home health,$60,CMS,,,
H5299-002-000,Devoted,DEVOTED GIVEBACK 002 NC (HMO),2026,Outpatient hospital,$0 - $95,CMS,,,
H5299-002-000,Devoted,DEVOTED GIVEBACK 002 NC (HMO),2026,Outpatient surgery (ASC),$0 - $300,CMS,,,
H5299-002-000,Devoted,DEVOTED GIVEBACK 002 NC (HMO),2027,Outpatient surgery (ASC),$395-$495 copay,FL,,,
H5299-002-000,Devoted,DEVOTED GIVEBACK 002 NC (HMO),2026,Outpatient surgery (hospital),20%,CMS,,,
H5299-002-000,Devoted,DEVOTED GIVEBACK 002 NC (HMO),2026,Observation services,$0 - $20,CMS,,,
H5299-002-000,Devoted,DEVOTED GIVEBACK 002 NC (HMO),2026,Emergency room,$130,CMS,,,
H5299-002-000,Devoted,DEVOTED GIVEBACK 002 NC (HMO),2027,Emergency room,$115 copay,FL,,,
H5299-002-000,Devoted,DEVOTED GIVEBACK 002 NC (HMO),2026,Urgent care,$0 - $45,CMS,,,
H5299-002-000,Devoted,DEVOTED GIVEBACK 002 NC (HMO),2026,Ambulance (ground),$0 - $495,CMS,,,
H5299-002-000,Devoted,DEVOTED GIVEBACK 002 NC (HMO),2026,Ambulance (air),$395,CMS,,,
H5299-002-000,Devoted,DEVOTED GIVEBACK 002 NC (HMO),2026,Transportation,$0 - $395,CMS,,,
H5299-002-000,Devoted,DEVOTED GIVEBACK 002 NC (HMO),2026,Lab services,$0 - $315,CMS,,,
H5299-002-000,Devoted,DEVOTED GIVEBACK 002 NC (HMO),2027,Lab services,$0 copay,FL,,,
H5299-002-000,Devoted,DEVOTED GIVEBACK 002 NC (HMO),2026,Diagnostic radiology,20%,CMS,,,
H5299-002-000,Devoted,DEVOTED GIVEBACK 002 NC (HMO),2026,Renal dialysis,20%,CMS,,,
H5299-002-000,Devoted,DEVOTED GIVEBACK 002 NC (HMO),2026,Durable medical equipment,20% - 50%,CMS,,,
H5299-002-000,Devoted,DEVOTED GIVEBACK 002 NC (HMO),2026,Prosthetics,0% - 20%,CMS,,,
H5299-002-000,Devoted,DEVOTED GIVEBACK 002 NC (HMO),2026,Diabetic supplies,0% - 50%,CMS,,,
H5299-002-000,Devoted,DEVOTED GIVEBACK 002 NC (HMO),2026,Physical therapy,$0 - $45,CMS,,,
H5299-002-000,Devoted,DEVOTED GIVEBACK 002 NC (HMO),2026,Occupational therapy,$45 - $50,CMS,,,
H5299-002-000,Devoted,DEVOTED GIVEBACK 002 NC (HMO),2026,Cardiac rehab,$40,CMS,,,
H5299-002-000,Devoted,DEVOTED GIVEBACK 002 NC (HMO),2026,Pulmonary rehab,$35,CMS,,,
H5299-002-000,Devoted,DEVOTED GIVEBACK 002 NC (HMO),2026,Mental health (individual),$45,CMS,,,
H5299-002-000,Devoted,DEVOTED GIVEBACK 002 NC (HMO),2026,Mental health (group),$45,CMS,,,
H5299-002-000,Devoted,DEVOTED GIVEBACK 002 NC (HMO),2026,Substance abuse (individual),$45,CMS,,,
H5299-002-000,Devoted,DEVOTED GIVEBACK 002 NC (HMO),2026,Partial hospitalization,$45,CMS,,,
H5299-002-000,Devoted,DEVOTED GIVEBACK 002 NC (HMO),2027,Wellness programs,$150 per year,FL,,,
H5299-002-000,Devoted,DEVOTED GIVEBACK 002 NC (HMO),2026,Rx deductible,"$605 (tiers 1,2 exempt)",CMS,,,
H5299-002-000,Devoted,DEVOTED GIVEBACK 002 NC (HMO),2027,Rx deductible,$461 tiers 3-5,FL,,,
H5299-002-000,Devoted,DEVOTED GIVEBACK 002 NC (HMO),2027,Rx retail (30-day),$0 / $0 / 15% / 25% / 26%,FL,,,
H5299-002-000,Devoted,DEVOTED GIVEBACK 002 NC (HMO),2026,Dental - allowance,$500 per year,CMS,,,
H5299-002-000,Devoted,DEVOTED GIVEBACK 002 NC (HMO),2027,Dental - allowance,$500 per year (Direct member reimbursement),FL,,,
H5299-002-000,Devoted,DEVOTED GIVEBACK 002 NC (HMO),2026,Dental - preventive,$45,CMS,,,
H5299-002-000,Devoted,DEVOTED GIVEBACK 002 NC (HMO),2027,Vision - eyeglasses,$200 per year,FL,,,
H5299-002-000,Devoted,DEVOTED GIVEBACK 002 NC (HMO),2026,Hearing aids,$599 - $899 (2 per year),CMS,,,
H5299-002-000,Devoted,DEVOTED GIVEBACK 002 NC (HMO),2027,Hearing aids,$599-$899 copay per aid,FL,,,
H5299-002-000,Devoted,DEVOTED GIVEBACK 002 NC (HMO),2026,OTC allowance,$24 per visit,CMS,,,
H5299-002-000,Devoted,DEVOTED GIVEBACK 002 NC (HMO),2027,OTC allowance,$37 per quarter,FL,,,
H5299-002-000,Devoted,DEVOTED GIVEBACK 002 NC (HMO),2027,Service area,"Greensboro (Alamance, Caswell, Guilford, Person, Randolph, Rockingham); Winston-Salem (Davidson, Davie, Forsyth, Stokes, Yadkin)",FL,,,
H5299-002-000,Devoted,DEVOTED GIVEBACK 002 NC (HMO),2027,Key notes,"Higher giveback amount, less supplemental coverage. The Part B premium buydown benefit is designed for members who pay their own Medicare Part B premium. Members whose premium is paid by Medicaid or another assistance program will not benefit from the premium reduction. Processing through Social Security may take several months.",FL,,,
H5299-006-000,Devoted,DEVOTED DUAL PLUS 006 NC (HMO D-SNP),2026,Premium,$35.00,CMS,,,
H5299-006-000,Devoted,DEVOTED DUAL PLUS 006 NC (HMO D-SNP),2027,Premium,$0.00,FL,,,
H5299-006-000,Devoted,DEVOTED DUAL PLUS 006 NC (HMO D-SNP),2026,Medical deductible,$830,CMS,,,
H5299-006-000,Devoted,DEVOTED DUAL PLUS 006 NC (HMO D-SNP),2027,Medical deductible,$750,FL,,,
H5299-006-000,Devoted,DEVOTED DUAL PLUS 006 NC (HMO D-SNP),2026,Max out-of-pocket,"$9,250",CMS,,,
H5299-006-000,Devoted,DEVOTED DUAL PLUS 006 NC (HMO D-SNP),2027,Max out-of-pocket,"$9,850",FL,,,
H5299-006-000,Devoted,DEVOTED DUAL PLUS 006 NC (HMO D-SNP),2027,PCP,$0 copay,FL,,,
H5299-006-000,Devoted,DEVOTED DUAL PLUS 006 NC (HMO D-SNP),2026,Specialist,30%,CMS,,,
H5299-006-000,Devoted,DEVOTED DUAL PLUS 006 NC (HMO D-SNP),2027,Specialist,30% coinsurance,FL,,,
H5299-006-000,Devoted,DEVOTED DUAL PLUS 006 NC (HMO D-SNP),2027,Referrals,No,FL,,,
H5299-006-000,Devoted,DEVOTED DUAL PLUS 006 NC (HMO D-SNP),2026,Telehealth,0% - 30%,CMS,,,
H5299-006-000,Devoted,DEVOTED DUAL PLUS 006 NC (HMO D-SNP),2026,Chiropractic,30%,CMS,,,
H5299-006-000,Devoted,DEVOTED DUAL PLUS 006 NC (HMO D-SNP),2026,Podiatry,30%,CMS,,,
H5299-006-000,Devoted,DEVOTED DUAL PLUS 006 NC (HMO D-SNP),2026,Other professional,30%,CMS,,,
H5299-006-000,Devoted,DEVOTED DUAL PLUS 006 NC (HMO D-SNP),2027,Inpatient hospital,"$2,241 per stay",FL,,,
H5299-006-000,Devoted,DEVOTED DUAL PLUS 006 NC (HMO D-SNP),2026,Skilled nursing facility,$0 days 1-20 / $218 days 21-100,CMS,,,
H5299-006-000,Devoted,DEVOTED DUAL PLUS 006 NC (HMO D-SNP),2026,Home health,30%,CMS,,,
H5299-006-000,Devoted,DEVOTED DUAL PLUS 006 NC (HMO D-SNP),2026,Outpatient hospital,0% - 50%,CMS,,,
H5299-006-000,Devoted,DEVOTED DUAL PLUS 006 NC (HMO D-SNP),2026,Outpatient surgery (ASC),30% - 50%,CMS,,,
H5299-006-000,Devoted,DEVOTED DUAL PLUS 006 NC (HMO D-SNP),2027,Outpatient surgery (ASC),50% coinsurance,FL,,,
H5299-006-000,Devoted,DEVOTED DUAL PLUS 006 NC (HMO D-SNP),2026,Outpatient surgery (hospital),20%,CMS,,,
H5299-006-000,Devoted,DEVOTED DUAL PLUS 006 NC (HMO D-SNP),2026,Observation services,50%,CMS,,,
H5299-006-000,Devoted,DEVOTED DUAL PLUS 006 NC (HMO D-SNP),2026,Emergency room,$115,CMS,,,
H5299-006-000,Devoted,DEVOTED DUAL PLUS 006 NC (HMO D-SNP),2027,Emergency room,$115 copay,FL,,,
H5299-006-000,Devoted,DEVOTED DUAL PLUS 006 NC (HMO D-SNP),2026,Urgent care,0% - 30%,CMS,,,
H5299-006-000,Devoted,DEVOTED DUAL PLUS 006 NC (HMO D-SNP),2026,Ambulance (ground),0% - 50%,CMS,,,
H5299-006-000,Devoted,DEVOTED DUAL PLUS 006 NC (HMO D-SNP),2026,Ambulance (air),50%,CMS,,,
H5299-006-000,Devoted,DEVOTED DUAL PLUS 006 NC (HMO D-SNP),2026,Transportation,0% - 50%,CMS,,,
H5299-006-000,Devoted,DEVOTED DUAL PLUS 006 NC (HMO D-SNP),2026,Lab services,0% - 50%,CMS,,,
H5299-006-000,Devoted,DEVOTED DUAL PLUS 006 NC (HMO D-SNP),2027,Lab services,50% coinsurance,FL,,,
H5299-006-000,Devoted,DEVOTED DUAL PLUS 006 NC (HMO D-SNP),2026,Diagnostic radiology,50%,CMS,,,
H5299-006-000,Devoted,DEVOTED DUAL PLUS 006 NC (HMO D-SNP),2026,Renal dialysis,20%,CMS,,,
H5299-006-000,Devoted,DEVOTED DUAL PLUS 006 NC (HMO D-SNP),2026,Durable medical equipment,20%,CMS,,,
H5299-006-000,Devoted,DEVOTED DUAL PLUS 006 NC (HMO D-SNP),2026,Prosthetics,0% - 20%,CMS,,,
H5299-006-000,Devoted,DEVOTED DUAL PLUS 006 NC (HMO D-SNP),2026,Diabetic supplies,20%,CMS,,,
H5299-006-000,Devoted,DEVOTED DUAL PLUS 006 NC (HMO D-SNP),2026,Physical therapy,0% - 30%,CMS,,,
H5299-006-000,Devoted,DEVOTED DUAL PLUS 006 NC (HMO D-SNP),2026,Occupational therapy,30%,CMS,,,
H5299-006-000,Devoted,DEVOTED DUAL PLUS 006 NC (HMO D-SNP),2026,Cardiac rehab,30%,CMS,,,
H5299-006-000,Devoted,DEVOTED DUAL PLUS 006 NC (HMO D-SNP),2026,Pulmonary rehab,30%,CMS,,,
H5299-006-000,Devoted,DEVOTED DUAL PLUS 006 NC (HMO D-SNP),2026,Mental health (individual),30%,CMS,,,
H5299-006-000,Devoted,DEVOTED DUAL PLUS 006 NC (HMO D-SNP),2026,Mental health (group),30%,CMS,,,
H5299-006-000,Devoted,DEVOTED DUAL PLUS 006 NC (HMO D-SNP),2026,Substance abuse (individual),30%,CMS,,,
H5299-006-000,Devoted,DEVOTED DUAL PLUS 006 NC (HMO D-SNP),2026,Partial hospitalization,30%,CMS,,,
H5299-006-000,Devoted,DEVOTED DUAL PLUS 006 NC (HMO D-SNP),2027,Wellness programs,$150 per year,FL,,,
H5299-006-000,Devoted,DEVOTED DUAL PLUS 006 NC (HMO D-SNP),2026,Rx deductible,$615 (tiers 6 exempt),CMS,,,
H5299-006-000,Devoted,DEVOTED DUAL PLUS 006 NC (HMO D-SNP),2027,Rx deductible,$700 tiers 3-5,FL,,,
H5299-006-000,Devoted,DEVOTED DUAL PLUS 006 NC (HMO D-SNP),2027,Rx retail (30-day),$0 / $0 / 11% / 25% / 25%,FL,,,
H5299-006-000,Devoted,DEVOTED DUAL PLUS 006 NC (HMO D-SNP),2026,Dental - allowance,"$2,000 per year",CMS,,,
H5299-006-000,Devoted,DEVOTED DUAL PLUS 006 NC (HMO D-SNP),2027,Dental - allowance,"$2,000 per year (Network-based)",FL,,,
H5299-006-000,Devoted,DEVOTED DUAL PLUS 006 NC (HMO D-SNP),2026,Dental - preventive,30%,CMS,,,
H5299-006-000,Devoted,DEVOTED DUAL PLUS 006 NC (HMO D-SNP),2027,Vision - eyeglasses,$350 per year,FL,,,
H5299-006-000,Devoted,DEVOTED DUAL PLUS 006 NC (HMO D-SNP),2026,Hearing aids,$399 - $699 (2 per year),CMS,,,
H5299-006-000,Devoted,DEVOTED DUAL PLUS 006 NC (HMO D-SNP),2027,Hearing aids,$399-$699 copay per aid,FL,,,
H5299-006-000,Devoted,DEVOTED DUAL PLUS 006 NC (HMO D-SNP),2026,OTC allowance,$50 per visit,CMS,,,
H5299-006-000,Devoted,DEVOTED DUAL PLUS 006 NC (HMO D-SNP),2027,OTC allowance,$50 per quarter,FL,,,
H5299-006-000,Devoted,DEVOTED DUAL PLUS 006 NC (HMO D-SNP),2027,Service area,"Charlotte (Alexander, Anson, Cabarrus, Caldwell, Catawba, Cleveland, Gaston, Iredell, Lincoln, Mecklenburg, Montgomery, Rowan, Stanly, Union); Greensboro (Alamance, Caswell, Guilford, Person, Randolph, Rockingham); Northwest North Carolina (Alleghany, Ashe, Surry, Wilkes); Western North Carolina (Avery, Buncombe, Burke, Cherokee, Clay, Graham, Haywood, Henderson, Jackson, Macon, Madison, McDowell, Mitchell, Polk, Rutherford, Swain, Transylvania, Yancey); Wilmington (Bladen, Brunswick, Columbus, New Hanover, Pender); Winston- Salem (Davidson, Davie, Forsyth, Stokes, Yadkin)",FL,,,
H5299-006-000,Devoted,DEVOTED DUAL PLUS 006 NC (HMO D-SNP),2027,Key notes,Members with Full Medicaid or QMB typically pay $0 for Medicare-covered services due to cost-share protections. Standard LIS Part D cost shares apply. The Food & Home Card is only for chronically ill members who meet specific health criteria (see SB/EOC for details). We proactively review health records to check eligibility. Completing an HRA can help speed up this process.,FL,,,
H5299-009-000,Devoted,DEVOTED DUAL 009 NC (HMO D-SNP),2026,Premium,$36.20,CMS,,,
H5299-009-000,Devoted,DEVOTED DUAL 009 NC (HMO D-SNP),2027,Premium,$0.00,FL,,,
H5299-009-000,Devoted,DEVOTED DUAL 009 NC (HMO D-SNP),2027,Medical deductible,$0,FL,,,
H5299-009-000,Devoted,DEVOTED DUAL 009 NC (HMO D-SNP),2026,Max out-of-pocket,"$6,750",CMS,,,
H5299-009-000,Devoted,DEVOTED DUAL 009 NC (HMO D-SNP),2027,Max out-of-pocket,"$6,750",FL,,,
H5299-009-000,Devoted,DEVOTED DUAL 009 NC (HMO D-SNP),2027,PCP,$0 copay,FL,,,
H5299-009-000,Devoted,DEVOTED DUAL 009 NC (HMO D-SNP),2026,Specialist,$25,CMS,,,
H5299-009-000,Devoted,DEVOTED DUAL 009 NC (HMO D-SNP),2027,Specialist,$25 copay,FL,,,
H5299-009-000,Devoted,DEVOTED DUAL 009 NC (HMO D-SNP),2027,Referrals,No,FL,,,
H5299-009-000,Devoted,DEVOTED DUAL 009 NC (HMO D-SNP),2026,Telehealth,$0 - $45,CMS,,,
H5299-009-000,Devoted,DEVOTED DUAL 009 NC (HMO D-SNP),2026,Chiropractic,$15,CMS,,,
H5299-009-000,Devoted,DEVOTED DUAL 009 NC (HMO D-SNP),2026,Podiatry,$25 - $50,CMS,,,
H5299-009-000,Devoted,DEVOTED DUAL 009 NC (HMO D-SNP),2026,Other professional,$25,CMS,,,
H5299-009-000,Devoted,DEVOTED DUAL 009 NC (HMO D-SNP),2026,Inpatient hospital,$395 days 1-5 / $0 days 6-90,CMS,,,
H5299-009-000,Devoted,DEVOTED DUAL 009 NC (HMO D-SNP),2027,Inpatient hospital,"$395 per day for days 1-5, $0 days 6+",FL,,,
H5299-009-000,Devoted,DEVOTED DUAL 009 NC (HMO D-SNP),2026,Inpatient psychiatric,$395 days 1-5 / $0 days 6-90,CMS,,,
H5299-009-000,Devoted,DEVOTED DUAL 009 NC (HMO D-SNP),2026,Skilled nursing facility,$0 days 1-20 / $218 days 21-100,CMS,,,
H5299-009-000,Devoted,DEVOTED DUAL 009 NC (HMO D-SNP),2026,Home health,$60,CMS,,,
H5299-009-000,Devoted,DEVOTED DUAL 009 NC (HMO D-SNP),2026,Outpatient hospital,$0 - $95,CMS,,,
H5299-009-000,Devoted,DEVOTED DUAL 009 NC (HMO D-SNP),2026,Outpatient surgery (ASC),$0 - $300,CMS,,,
H5299-009-000,Devoted,DEVOTED DUAL 009 NC (HMO D-SNP),2027,Outpatient surgery (ASC),$395-$495 copay,FL,,,
H5299-009-000,Devoted,DEVOTED DUAL 009 NC (HMO D-SNP),2026,Outpatient surgery (hospital),20%,CMS,,,
H5299-009-000,Devoted,DEVOTED DUAL 009 NC (HMO D-SNP),2026,Observation services,$0 - $20,CMS,,,
H5299-009-000,Devoted,DEVOTED DUAL 009 NC (HMO D-SNP),2026,Emergency room,$130,CMS,,,
H5299-009-000,Devoted,DEVOTED DUAL 009 NC (HMO D-SNP),2027,Emergency room,$130 copay,FL,,,
H5299-009-000,Devoted,DEVOTED DUAL 009 NC (HMO D-SNP),2026,Urgent care,$0 - $45,CMS,,,
H5299-009-000,Devoted,DEVOTED DUAL 009 NC (HMO D-SNP),2026,Ambulance (ground),$0 - $495,CMS,,,
H5299-009-000,Devoted,DEVOTED DUAL 009 NC (HMO D-SNP),2026,Ambulance (air),$395,CMS,,,
H5299-009-000,Devoted,DEVOTED DUAL 009 NC (HMO D-SNP),2026,Transportation,$0 - $395,CMS,,,
H5299-009-000,Devoted,DEVOTED DUAL 009 NC (HMO D-SNP),2026,Lab services,$0 - $315,CMS,,,
H5299-009-000,Devoted,DEVOTED DUAL 009 NC (HMO D-SNP),2027,Lab services,$0 copay,FL,,,
H5299-009-000,Devoted,DEVOTED DUAL 009 NC (HMO D-SNP),2026,Diagnostic radiology,20%,CMS,,,
H5299-009-000,Devoted,DEVOTED DUAL 009 NC (HMO D-SNP),2026,Renal dialysis,20%,CMS,,,
H5299-009-000,Devoted,DEVOTED DUAL 009 NC (HMO D-SNP),2026,Durable medical equipment,20% - 30%,CMS,,,
H5299-009-000,Devoted,DEVOTED DUAL 009 NC (HMO D-SNP),2026,Prosthetics,0% - 20%,CMS,,,
H5299-009-000,Devoted,DEVOTED DUAL 009 NC (HMO D-SNP),2026,Diabetic supplies,0% - 30%,CMS,,,
H5299-009-000,Devoted,DEVOTED DUAL 009 NC (HMO D-SNP),2026,Physical therapy,$0 - $25,CMS,,,
H5299-009-000,Devoted,DEVOTED DUAL 009 NC (HMO D-SNP),2026,Occupational therapy,$25 - $50,CMS,,,
H5299-009-000,Devoted,DEVOTED DUAL 009 NC (HMO D-SNP),2026,Cardiac rehab,$25,CMS,,,
H5299-009-000,Devoted,DEVOTED DUAL 009 NC (HMO D-SNP),2026,Pulmonary rehab,$25,CMS,,,
H5299-009-000,Devoted,DEVOTED DUAL 009 NC (HMO D-SNP),2026,Mental health (individual),$25,CMS,,,
H5299-009-000,Devoted,DEVOTED DUAL 009 NC (HMO D-SNP),2026,Mental health (group),$25,CMS,,,
H5299-009-000,Devoted,DEVOTED DUAL 009 NC (HMO D-SNP),2026,Substance abuse (individual),$25,CMS,,,
H5299-009-000,Devoted,DEVOTED DUAL 009 NC (HMO D-SNP),2026,Partial hospitalization,$25,CMS,,,
H5299-009-000,Devoted,DEVOTED DUAL 009 NC (HMO D-SNP),2027,Wellness programs,$150 per year,FL,,,
H5299-009-000,Devoted,DEVOTED DUAL 009 NC (HMO D-SNP),2026,Rx deductible,$615 (tiers 6 exempt),CMS,,,
H5299-009-000,Devoted,DEVOTED DUAL 009 NC (HMO D-SNP),2027,Rx deductible,$700 tiers 3-5,FL,,,
H5299-009-000,Devoted,DEVOTED DUAL 009 NC (HMO D-SNP),2027,Rx retail (30-day),$0 / $0 / 11% / 25% / 25%,FL,,,
H5299-009-000,Devoted,DEVOTED DUAL 009 NC (HMO D-SNP),2026,Dental - allowance,"$2,000 per year",CMS,,,
H5299-009-000,Devoted,DEVOTED DUAL 009 NC (HMO D-SNP),2027,Dental - allowance,"$2,000 per year (Network-based)",FL,,,
H5299-009-000,Devoted,DEVOTED DUAL 009 NC (HMO D-SNP),2026,Dental - preventive,$25,CMS,,,
H5299-009-000,Devoted,DEVOTED DUAL 009 NC (HMO D-SNP),2027,Vision - eyeglasses,$350 per year,FL,,,
H5299-009-000,Devoted,DEVOTED DUAL 009 NC (HMO D-SNP),2026,Hearing aids,$399 - $699 (2 per year),CMS,,,
H5299-009-000,Devoted,DEVOTED DUAL 009 NC (HMO D-SNP),2027,Hearing aids,$399-$699 copay per aid,FL,,,
H5299-009-000,Devoted,DEVOTED DUAL 009 NC (HMO D-SNP),2026,OTC allowance,$50 per visit,CMS,,,
H5299-009-000,Devoted,DEVOTED DUAL 009 NC (HMO D-SNP),2027,OTC allowance,$50 per quarter,FL,,,
H5299-009-000,Devoted,DEVOTED DUAL 009 NC (HMO D-SNP),2027,Service area,"Charlotte (Alexander, Anson, Cabarrus, Caldwell, Catawba, Cleveland, Gaston, Iredell, Lincoln, Mecklenburg, Montgomery, Rowan, Stanly, Union); Greensboro (Alamance, Caswell, Guilford, Person, Randolph, Rockingham); Northwest North Carolina (Alleghany, Ashe, Surry, Wilkes); Western North Carolina (Avery, Buncombe, Burke, Cherokee, Clay, Graham, Haywood, Henderson, Jackson, Macon, Madison, McDowell, Mitchell, Polk, Rutherford, Swain, Transylvania, Yancey); Wilmington (Bladen, Brunswick, Columbus, New Hanover, Pender); Winston- Salem (Davidson, Davie, Forsyth, Stokes, Yadkin)",FL,,,
H5299-009-000,Devoted,DEVOTED DUAL 009 NC (HMO D-SNP),2027,Key notes,Standard LIS Part D cost shares apply. The Food & Home Card is only for chronically ill members who meet specific health criteria (see SB/EOC for details). We proactively review health records to check eligibility. Completing an HRA can help speed up this process.,FL,,,
H5299-012-000,Devoted,DEVOTED GIVEBACK 012 NC (HMO),2026,Premium,$0.00,CMS,,,
H5299-012-000,Devoted,DEVOTED GIVEBACK 012 NC (HMO),2027,Premium,$0.00,FL,,,
H5299-012-000,Devoted,DEVOTED GIVEBACK 012 NC (HMO),2027,Medical deductible,$200,FL,,,
H5299-012-000,Devoted,DEVOTED GIVEBACK 012 NC (HMO),2026,Max out-of-pocket,"$8,900",CMS,,,
H5299-012-000,Devoted,DEVOTED GIVEBACK 012 NC (HMO),2027,Max out-of-pocket,"$9,850",FL,,,
H5299-012-000,Devoted,DEVOTED GIVEBACK 012 NC (HMO),2027,PCP,$0 copay,FL,,,
H5299-012-000,Devoted,DEVOTED GIVEBACK 012 NC (HMO),2026,Specialist,$45,CMS,,,
H5299-012-000,Devoted,DEVOTED GIVEBACK 012 NC (HMO),2027,Specialist,$45 copay,FL,,,
H5299-012-000,Devoted,DEVOTED GIVEBACK 012 NC (HMO),2027,Referrals,No,FL,,,
H5299-012-000,Devoted,DEVOTED GIVEBACK 012 NC (HMO),2026,Telehealth,$0 - $45,CMS,,,
H5299-012-000,Devoted,DEVOTED GIVEBACK 012 NC (HMO),2026,Chiropractic,$15,CMS,,,
H5299-012-000,Devoted,DEVOTED GIVEBACK 012 NC (HMO),2026,Podiatry,$45 - $50,CMS,,,
H5299-012-000,Devoted,DEVOTED GIVEBACK 012 NC (HMO),2026,Other professional,$45,CMS,,,
H5299-012-000,Devoted,DEVOTED GIVEBACK 012 NC (HMO),2026,Inpatient hospital,$440 days 1-4 / $0 days 5-90,CMS,,,
H5299-012-000,Devoted,DEVOTED GIVEBACK 012 NC (HMO),2027,Inpatient hospital,"$490 per day for days 1-5, $0 days 6+",FL,,,
H5299-012-000,Devoted,DEVOTED GIVEBACK 012 NC (HMO),2026,Inpatient psychiatric,$440 days 1-4 / $0 days 5-90,CMS,,,
H5299-012-000,Devoted,DEVOTED GIVEBACK 012 NC (HMO),2026,Skilled nursing facility,$0 days 1-20 / $218 days 21-100,CMS,,,
H5299-012-000,Devoted,DEVOTED GIVEBACK 012 NC (HMO),2026,Home health,$70,CMS,,,
H5299-012-000,Devoted,DEVOTED GIVEBACK 012 NC (HMO),2026,Outpatient hospital,$0 - $95,CMS,,,
H5299-012-000,Devoted,DEVOTED GIVEBACK 012 NC (HMO),2026,Outpatient surgery (ASC),$0 - $300,CMS,,,
H5299-012-000,Devoted,DEVOTED GIVEBACK 012 NC (HMO),2027,Outpatient surgery (ASC),$490-$590 copay,FL,,,
H5299-012-000,Devoted,DEVOTED GIVEBACK 012 NC (HMO),2026,Outpatient surgery (hospital),20%,CMS,,,
H5299-012-000,Devoted,DEVOTED GIVEBACK 012 NC (HMO),2026,Observation services,$0 - $20,CMS,,,
H5299-012-000,Devoted,DEVOTED GIVEBACK 012 NC (HMO),2026,Emergency room,$115,CMS,,,
H5299-012-000,Devoted,DEVOTED GIVEBACK 012 NC (HMO),2027,Emergency room,$115 copay,FL,,,
H5299-012-000,Devoted,DEVOTED GIVEBACK 012 NC (HMO),2026,Urgent care,$0 - $40,CMS,,,
H5299-012-000,Devoted,DEVOTED GIVEBACK 012 NC (HMO),2026,Ambulance (ground),$0 - $540,CMS,,,
H5299-012-000,Devoted,DEVOTED GIVEBACK 012 NC (HMO),2026,Ambulance (air),$440,CMS,,,
H5299-012-000,Devoted,DEVOTED GIVEBACK 012 NC (HMO),2026,Transportation,$0 - $440,CMS,,,
H5299-012-000,Devoted,DEVOTED GIVEBACK 012 NC (HMO),2026,Lab services,$0 - $315,CMS,,,
H5299-012-000,Devoted,DEVOTED GIVEBACK 012 NC (HMO),2027,Lab services,$0 copay,FL,,,
H5299-012-000,Devoted,DEVOTED GIVEBACK 012 NC (HMO),2026,Diagnostic radiology,20%,CMS,,,
H5299-012-000,Devoted,DEVOTED GIVEBACK 012 NC (HMO),2026,Renal dialysis,20%,CMS,,,
H5299-012-000,Devoted,DEVOTED GIVEBACK 012 NC (HMO),2026,Durable medical equipment,20%,CMS,,,
H5299-012-000,Devoted,DEVOTED GIVEBACK 012 NC (HMO),2026,Prosthetics,0% - 20%,CMS,,,
H5299-012-000,Devoted,DEVOTED GIVEBACK 012 NC (HMO),2026,Diabetic supplies,0% - 20%,CMS,,,
H5299-012-000,Devoted,DEVOTED GIVEBACK 012 NC (HMO),2026,Physical therapy,$0 - $45,CMS,,,
H5299-012-000,Devoted,DEVOTED GIVEBACK 012 NC (HMO),2026,Occupational therapy,$35,CMS,,,
H5299-012-000,Devoted,DEVOTED GIVEBACK 012 NC (HMO),2026,Cardiac rehab,$30,CMS,,,
H5299-012-000,Devoted,DEVOTED GIVEBACK 012 NC (HMO),2026,Pulmonary rehab,$25,CMS,,,
H5299-012-000,Devoted,DEVOTED GIVEBACK 012 NC (HMO),2026,Mental health (individual),$45,CMS,,,
H5299-012-000,Devoted,DEVOTED GIVEBACK 012 NC (HMO),2026,Mental health (group),$45,CMS,,,
H5299-012-000,Devoted,DEVOTED GIVEBACK 012 NC (HMO),2026,Substance abuse (individual),$45,CMS,,,
H5299-012-000,Devoted,DEVOTED GIVEBACK 012 NC (HMO),2026,Partial hospitalization,$45,CMS,,,
H5299-012-000,Devoted,DEVOTED GIVEBACK 012 NC (HMO),2027,Wellness programs,$150 per year,FL,,,
H5299-012-000,Devoted,DEVOTED GIVEBACK 012 NC (HMO),2026,Rx deductible,"$605 (tiers 1,2 exempt)",CMS,,,
H5299-012-000,Devoted,DEVOTED GIVEBACK 012 NC (HMO),2027,Rx deductible,$461 tiers 3-5,FL,,,
H5299-012-000,Devoted,DEVOTED GIVEBACK 012 NC (HMO),2027,Rx retail (30-day),$0 / $0 / 15% / 25% / 26%,FL,,,
H5299-012-000,Devoted,DEVOTED GIVEBACK 012 NC (HMO),2026,Dental - allowance,$500 per year,CMS,,,
H5299-012-000,Devoted,DEVOTED GIVEBACK 012 NC (HMO),2027,Dental - allowance,$500 per year (Direct member reimbursement),FL,,,
H5299-012-000,Devoted,DEVOTED GIVEBACK 012 NC (HMO),2026,Dental - preventive,$45,CMS,,,
H5299-012-000,Devoted,DEVOTED GIVEBACK 012 NC (HMO),2027,Vision - eyeglasses,$200 per year,FL,,,
H5299-012-000,Devoted,DEVOTED GIVEBACK 012 NC (HMO),2026,Hearing aids,$599 - $899 (2 per year),CMS,,,
H5299-012-000,Devoted,DEVOTED GIVEBACK 012 NC (HMO),2027,Hearing aids,$599-$899 copay per aid,FL,,,
H5299-012-000,Devoted,DEVOTED GIVEBACK 012 NC (HMO),2027,OTC allowance,$24 per quarter,FL,,,
H5299-012-000,Devoted,DEVOTED GIVEBACK 012 NC (HMO),2027,Service area,"Charlotte (Alexander, Anson, Cabarrus, Caldwell, Catawba, Cleveland, Gaston, Iredell, Lincoln, Mecklenburg, Montgomery, Rowan, Stanly, Union)",FL,,,
H5299-012-000,Devoted,DEVOTED GIVEBACK 012 NC (HMO),2027,Key notes,"Higher giveback amount, less supplemental coverage. The Part B premium buydown benefit is designed for members who pay their own Medicare Part B premium. Members whose premium is paid by Medicaid or another assistance program will not benefit from the premium reduction. Processing through Social Security may take several months.",FL,,,
H5299-013-000,Devoted,DEVOTED DUAL FULL 013 NC (HMO D-SNP),2026,Premium,$36.20,CMS,,,
H5299-013-000,Devoted,DEVOTED DUAL FULL 013 NC (HMO D-SNP),2027,Premium,$0.00,FL,,,
H5299-013-000,Devoted,DEVOTED DUAL FULL 013 NC (HMO D-SNP),2026,Medical deductible,$760,CMS,,,
H5299-013-000,Devoted,DEVOTED DUAL FULL 013 NC (HMO D-SNP),2027,Medical deductible,$990,FL,,,
H5299-013-000,Devoted,DEVOTED DUAL FULL 013 NC (HMO D-SNP),2026,Max out-of-pocket,"$9,250",CMS,,,
H5299-013-000,Devoted,DEVOTED DUAL FULL 013 NC (HMO D-SNP),2027,Max out-of-pocket,"$9,850",FL,,,
H5299-013-000,Devoted,DEVOTED DUAL FULL 013 NC (HMO D-SNP),2027,PCP,$0 copay,FL,,,
H5299-013-000,Devoted,DEVOTED DUAL FULL 013 NC (HMO D-SNP),2026,Specialist,30%,CMS,,,
H5299-013-000,Devoted,DEVOTED DUAL FULL 013 NC (HMO D-SNP),2027,Specialist,30% coinsurance,FL,,,
H5299-013-000,Devoted,DEVOTED DUAL FULL 013 NC (HMO D-SNP),2027,Referrals,No,FL,,,
H5299-013-000,Devoted,DEVOTED DUAL FULL 013 NC (HMO D-SNP),2026,Telehealth,0% - 30%,CMS,,,
H5299-013-000,Devoted,DEVOTED DUAL FULL 013 NC (HMO D-SNP),2026,Chiropractic,30%,CMS,,,
H5299-013-000,Devoted,DEVOTED DUAL FULL 013 NC (HMO D-SNP),2026,Podiatry,30%,CMS,,,
H5299-013-000,Devoted,DEVOTED DUAL FULL 013 NC (HMO D-SNP),2026,Other professional,30%,CMS,,,
H5299-013-000,Devoted,DEVOTED DUAL FULL 013 NC (HMO D-SNP),2027,Inpatient hospital,"$2,241 per stay",FL,,,
H5299-013-000,Devoted,DEVOTED DUAL FULL 013 NC (HMO D-SNP),2026,Skilled nursing facility,$0 days 1-20 / $218 days 21-100,CMS,,,
H5299-013-000,Devoted,DEVOTED DUAL FULL 013 NC (HMO D-SNP),2026,Home health,30%,CMS,,,
H5299-013-000,Devoted,DEVOTED DUAL FULL 013 NC (HMO D-SNP),2026,Outpatient hospital,0% - 50%,CMS,,,
H5299-013-000,Devoted,DEVOTED DUAL FULL 013 NC (HMO D-SNP),2026,Outpatient surgery (ASC),30% - 50%,CMS,,,
H5299-013-000,Devoted,DEVOTED DUAL FULL 013 NC (HMO D-SNP),2027,Outpatient surgery (ASC),50% coinsurance,FL,,,
H5299-013-000,Devoted,DEVOTED DUAL FULL 013 NC (HMO D-SNP),2026,Outpatient surgery (hospital),20%,CMS,,,
H5299-013-000,Devoted,DEVOTED DUAL FULL 013 NC (HMO D-SNP),2026,Observation services,50%,CMS,,,
H5299-013-000,Devoted,DEVOTED DUAL FULL 013 NC (HMO D-SNP),2026,Emergency room,$115,CMS,,,
H5299-013-000,Devoted,DEVOTED DUAL FULL 013 NC (HMO D-SNP),2027,Emergency room,$115 copay,FL,,,
H5299-013-000,Devoted,DEVOTED DUAL FULL 013 NC (HMO D-SNP),2026,Urgent care,0% - 30%,CMS,,,
H5299-013-000,Devoted,DEVOTED DUAL FULL 013 NC (HMO D-SNP),2026,Ambulance (ground),0% - 50%,CMS,,,
H5299-013-000,Devoted,DEVOTED DUAL FULL 013 NC (HMO D-SNP),2026,Ambulance (air),50%,CMS,,,
H5299-013-000,Devoted,DEVOTED DUAL FULL 013 NC (HMO D-SNP),2026,Transportation,0% - 50%,CMS,,,
H5299-013-000,Devoted,DEVOTED DUAL FULL 013 NC (HMO D-SNP),2026,Lab services,0% - 50%,CMS,,,
H5299-013-000,Devoted,DEVOTED DUAL FULL 013 NC (HMO D-SNP),2027,Lab services,50% coinsurance,FL,,,
H5299-013-000,Devoted,DEVOTED DUAL FULL 013 NC (HMO D-SNP),2026,Diagnostic radiology,50%,CMS,,,
H5299-013-000,Devoted,DEVOTED DUAL FULL 013 NC (HMO D-SNP),2026,Renal dialysis,20%,CMS,,,
H5299-013-000,Devoted,DEVOTED DUAL FULL 013 NC (HMO D-SNP),2026,Durable medical equipment,20%,CMS,,,
H5299-013-000,Devoted,DEVOTED DUAL FULL 013 NC (HMO D-SNP),2026,Prosthetics,0% - 20%,CMS,,,
H5299-013-000,Devoted,DEVOTED DUAL FULL 013 NC (HMO D-SNP),2026,Diabetic supplies,20%,CMS,,,
H5299-013-000,Devoted,DEVOTED DUAL FULL 013 NC (HMO D-SNP),2026,Physical therapy,0% - 30%,CMS,,,
H5299-013-000,Devoted,DEVOTED DUAL FULL 013 NC (HMO D-SNP),2026,Occupational therapy,30%,CMS,,,
H5299-013-000,Devoted,DEVOTED DUAL FULL 013 NC (HMO D-SNP),2026,Cardiac rehab,30%,CMS,,,
H5299-013-000,Devoted,DEVOTED DUAL FULL 013 NC (HMO D-SNP),2026,Pulmonary rehab,30%,CMS,,,
H5299-013-000,Devoted,DEVOTED DUAL FULL 013 NC (HMO D-SNP),2026,Mental health (individual),30%,CMS,,,
H5299-013-000,Devoted,DEVOTED DUAL FULL 013 NC (HMO D-SNP),2026,Mental health (group),30%,CMS,,,
H5299-013-000,Devoted,DEVOTED DUAL FULL 013 NC (HMO D-SNP),2026,Substance abuse (individual),30%,CMS,,,
H5299-013-000,Devoted,DEVOTED DUAL FULL 013 NC (HMO D-SNP),2026,Partial hospitalization,30%,CMS,,,
H5299-013-000,Devoted,DEVOTED DUAL FULL 013 NC (HMO D-SNP),2027,Wellness programs,$150 per year,FL,,,
H5299-013-000,Devoted,DEVOTED DUAL FULL 013 NC (HMO D-SNP),2026,Rx deductible,$615 (tiers 6 exempt),CMS,,,
H5299-013-000,Devoted,DEVOTED DUAL FULL 013 NC (HMO D-SNP),2027,Rx deductible,$700 tiers 3-5,FL,,,
H5299-013-000,Devoted,DEVOTED DUAL FULL 013 NC (HMO D-SNP),2027,Rx retail (30-day),$0 / $0 / 11% / 25% / 25%,FL,,,
H5299-013-000,Devoted,DEVOTED DUAL FULL 013 NC (HMO D-SNP),2026,Dental - allowance,"$3,000 per year",CMS,,,
H5299-013-000,Devoted,DEVOTED DUAL FULL 013 NC (HMO D-SNP),2027,Dental - allowance,"$3,000 per year (Network-based)",FL,,,
H5299-013-000,Devoted,DEVOTED DUAL FULL 013 NC (HMO D-SNP),2026,Dental - preventive,30%,CMS,,,
H5299-013-000,Devoted,DEVOTED DUAL FULL 013 NC (HMO D-SNP),2027,Vision - eyeglasses,$350 per year,FL,,,
H5299-013-000,Devoted,DEVOTED DUAL FULL 013 NC (HMO D-SNP),2026,Hearing aids,$399 - $699 (2 per year),CMS,,,
H5299-013-000,Devoted,DEVOTED DUAL FULL 013 NC (HMO D-SNP),2027,Hearing aids,$399-$699 copay per aid,FL,,,
H5299-013-000,Devoted,DEVOTED DUAL FULL 013 NC (HMO D-SNP),2026,OTC allowance,$50 per visit,CMS,,,
H5299-013-000,Devoted,DEVOTED DUAL FULL 013 NC (HMO D-SNP),2027,OTC allowance,$50 per quarter,FL,,,
H5299-013-000,Devoted,DEVOTED DUAL FULL 013 NC (HMO D-SNP),2027,Service area,"Charlotte (Alexander, Anson, Cabarrus, Caldwell, Catawba, Cleveland, Gaston, Iredell, Lincoln, Mecklenburg, Montgomery, Rowan, Stanly, Union); Greensboro (Alamance, Caswell, Guilford, Person, Randolph, Rockingham); Northwest North Carolina (Alleghany, Ashe, Surry, Wilkes); Western North Carolina (Avery, Buncombe, Burke, Cherokee, Clay, Graham, Haywood, Henderson, Jackson, Macon, Madison, McDowell, Mitchell, Polk, Rutherford, Swain, Transylvania, Yancey); Wilmington (Bladen, Brunswick, Columbus, New Hanover, Pender); Winston- Salem (Davidson, Davie, Forsyth, Stokes, Yadkin)",FL,,,
H5299-013-000,Devoted,DEVOTED DUAL FULL 013 NC (HMO D-SNP),2027,Key notes,Members with Full Medicaid typically pay $0 for Medicare-covered services due to cost-share protections. Standard LIS Part D cost shares apply. The Food & Home Card is only for chronically ill members who meet specific health criteria (see SB/EOC for details). We proactively review health records to check eligibility. Completing an HRA can help speed up this process.,FL,,,
H5299-014-000,Devoted,DEVOTED C-SNP ENHANCED 014 NC (HMO C-SNP),2026,Premium,$36.20,CMS,,,
H5299-014-000,Devoted,DEVOTED C-SNP ENHANCED 014 NC (HMO C-SNP),2027,Premium,$0.00,FL,,,
H5299-014-000,Devoted,DEVOTED C-SNP ENHANCED 014 NC (HMO C-SNP),2027,Medical deductible,$0,FL,,,
H5299-014-000,Devoted,DEVOTED C-SNP ENHANCED 014 NC (HMO C-SNP),2026,Max out-of-pocket,"$6,200",CMS,,,
H5299-014-000,Devoted,DEVOTED C-SNP ENHANCED 014 NC (HMO C-SNP),2027,Max out-of-pocket,"$6,200",FL,,,
H5299-014-000,Devoted,DEVOTED C-SNP ENHANCED 014 NC (HMO C-SNP),2027,PCP,$0 copay,FL,,,
H5299-014-000,Devoted,DEVOTED C-SNP ENHANCED 014 NC (HMO C-SNP),2026,Specialist,$40,CMS,,,
H5299-014-000,Devoted,DEVOTED C-SNP ENHANCED 014 NC (HMO C-SNP),2027,Specialist,$40 copay,FL,,,
H5299-014-000,Devoted,DEVOTED C-SNP ENHANCED 014 NC (HMO C-SNP),2027,Referrals,No,FL,,,
H5299-014-000,Devoted,DEVOTED C-SNP ENHANCED 014 NC (HMO C-SNP),2026,Telehealth,$0 - $45,CMS,,,
H5299-014-000,Devoted,DEVOTED C-SNP ENHANCED 014 NC (HMO C-SNP),2026,Chiropractic,$15,CMS,,,
H5299-014-000,Devoted,DEVOTED C-SNP ENHANCED 014 NC (HMO C-SNP),2026,Podiatry,$40 - $50,CMS,,,
H5299-014-000,Devoted,DEVOTED C-SNP ENHANCED 014 NC (HMO C-SNP),2026,Other professional,$40,CMS,,,
H5299-014-000,Devoted,DEVOTED C-SNP ENHANCED 014 NC (HMO C-SNP),2026,Inpatient hospital,$430 days 1-5 / $0 days 6-90,CMS,,,
H5299-014-000,Devoted,DEVOTED C-SNP ENHANCED 014 NC (HMO C-SNP),2027,Inpatient hospital,"$430 per day for days 1-5, $0 days 6+",FL,,,
H5299-014-000,Devoted,DEVOTED C-SNP ENHANCED 014 NC (HMO C-SNP),2026,Inpatient psychiatric,$430 days 1-4 / $0 days 5-90,CMS,,,
H5299-014-000,Devoted,DEVOTED C-SNP ENHANCED 014 NC (HMO C-SNP),2026,Skilled nursing facility,$0 days 1-20 / $218 days 21-100,CMS,,,
H5299-014-000,Devoted,DEVOTED C-SNP ENHANCED 014 NC (HMO C-SNP),2026,Home health,$60,CMS,,,
H5299-014-000,Devoted,DEVOTED C-SNP ENHANCED 014 NC (HMO C-SNP),2026,Outpatient hospital,$0 - $95,CMS,,,
H5299-014-000,Devoted,DEVOTED C-SNP ENHANCED 014 NC (HMO C-SNP),2026,Outpatient surgery (ASC),$0 - $300,CMS,,,
H5299-014-000,Devoted,DEVOTED C-SNP ENHANCED 014 NC (HMO C-SNP),2027,Outpatient surgery (ASC),$430-$530 copay,FL,,,
H5299-014-000,Devoted,DEVOTED C-SNP ENHANCED 014 NC (HMO C-SNP),2026,Outpatient surgery (hospital),20%,CMS,,,
H5299-014-000,Devoted,DEVOTED C-SNP ENHANCED 014 NC (HMO C-SNP),2026,Observation services,$0 - $20,CMS,,,
H5299-014-000,Devoted,DEVOTED C-SNP ENHANCED 014 NC (HMO C-SNP),2026,Emergency room,$130,CMS,,,
H5299-014-000,Devoted,DEVOTED C-SNP ENHANCED 014 NC (HMO C-SNP),2027,Emergency room,$130 copay,FL,,,
H5299-014-000,Devoted,DEVOTED C-SNP ENHANCED 014 NC (HMO C-SNP),2026,Urgent care,$0 - $45,CMS,,,
H5299-014-000,Devoted,DEVOTED C-SNP ENHANCED 014 NC (HMO C-SNP),2026,Ambulance (ground),$0 - $530,CMS,,,
H5299-014-000,Devoted,DEVOTED C-SNP ENHANCED 014 NC (HMO C-SNP),2026,Ambulance (air),$430,CMS,,,
H5299-014-000,Devoted,DEVOTED C-SNP ENHANCED 014 NC (HMO C-SNP),2026,Transportation,$0 - $430,CMS,,,
H5299-014-000,Devoted,DEVOTED C-SNP ENHANCED 014 NC (HMO C-SNP),2026,Lab services,$0 - $325,CMS,,,
H5299-014-000,Devoted,DEVOTED C-SNP ENHANCED 014 NC (HMO C-SNP),2027,Lab services,$0 copay,FL,,,
H5299-014-000,Devoted,DEVOTED C-SNP ENHANCED 014 NC (HMO C-SNP),2026,Diagnostic radiology,20%,CMS,,,
H5299-014-000,Devoted,DEVOTED C-SNP ENHANCED 014 NC (HMO C-SNP),2026,Renal dialysis,20%,CMS,,,
H5299-014-000,Devoted,DEVOTED C-SNP ENHANCED 014 NC (HMO C-SNP),2026,Durable medical equipment,20% - 50%,CMS,,,
H5299-014-000,Devoted,DEVOTED C-SNP ENHANCED 014 NC (HMO C-SNP),2026,Prosthetics,0% - 20%,CMS,,,
H5299-014-000,Devoted,DEVOTED C-SNP ENHANCED 014 NC (HMO C-SNP),2026,Diabetic supplies,0% - 50%,CMS,,,
H5299-014-000,Devoted,DEVOTED C-SNP ENHANCED 014 NC (HMO C-SNP),2026,Physical therapy,$0 - $40,CMS,,,
H5299-014-000,Devoted,DEVOTED C-SNP ENHANCED 014 NC (HMO C-SNP),2026,Occupational therapy,$40 - $50,CMS,,,
H5299-014-000,Devoted,DEVOTED C-SNP ENHANCED 014 NC (HMO C-SNP),2026,Cardiac rehab,$40,CMS,,,
H5299-014-000,Devoted,DEVOTED C-SNP ENHANCED 014 NC (HMO C-SNP),2026,Pulmonary rehab,$35,CMS,,,
H5299-014-000,Devoted,DEVOTED C-SNP ENHANCED 014 NC (HMO C-SNP),2026,Mental health (individual),$40,CMS,,,
H5299-014-000,Devoted,DEVOTED C-SNP ENHANCED 014 NC (HMO C-SNP),2026,Mental health (group),$40,CMS,,,
H5299-014-000,Devoted,DEVOTED C-SNP ENHANCED 014 NC (HMO C-SNP),2026,Substance abuse (individual),$40,CMS,,,
H5299-014-000,Devoted,DEVOTED C-SNP ENHANCED 014 NC (HMO C-SNP),2026,Partial hospitalization,$40,CMS,,,
H5299-014-000,Devoted,DEVOTED C-SNP ENHANCED 014 NC (HMO C-SNP),2027,Wellness programs,$150 per year,FL,,,
H5299-014-000,Devoted,DEVOTED C-SNP ENHANCED 014 NC (HMO C-SNP),2026,Rx deductible,$615 (tiers 6 exempt),CMS,,,
H5299-014-000,Devoted,DEVOTED C-SNP ENHANCED 014 NC (HMO C-SNP),2027,Rx deductible,$461 tiers 3-5,FL,,,
H5299-014-000,Devoted,DEVOTED C-SNP ENHANCED 014 NC (HMO C-SNP),2027,Rx retail (30-day),$0 / $0 / 15% / 25% / 26%,FL,,,
H5299-014-000,Devoted,DEVOTED C-SNP ENHANCED 014 NC (HMO C-SNP),2026,Dental - allowance,"$2,000 per year",CMS,,,
H5299-014-000,Devoted,DEVOTED C-SNP ENHANCED 014 NC (HMO C-SNP),2027,Dental - allowance,"$2,000 per year (Network-based)",FL,,,
H5299-014-000,Devoted,DEVOTED C-SNP ENHANCED 014 NC (HMO C-SNP),2026,Dental - preventive,$40,CMS,,,
H5299-014-000,Devoted,DEVOTED C-SNP ENHANCED 014 NC (HMO C-SNP),2027,Vision - eyeglasses,$300 per year,FL,,,
H5299-014-000,Devoted,DEVOTED C-SNP ENHANCED 014 NC (HMO C-SNP),2026,Hearing aids,$399 - $699 (2 per year),CMS,,,
H5299-014-000,Devoted,DEVOTED C-SNP ENHANCED 014 NC (HMO C-SNP),2027,Hearing aids,$399-$699 copay per aid,FL,,,
H5299-014-000,Devoted,DEVOTED C-SNP ENHANCED 014 NC (HMO C-SNP),2026,OTC allowance,$50 per visit,CMS,,,
H5299-014-000,Devoted,DEVOTED C-SNP ENHANCED 014 NC (HMO C-SNP),2027,OTC allowance,$50 per quarter,FL,,,
H5299-014-000,Devoted,DEVOTED C-SNP ENHANCED 014 NC (HMO C-SNP),2027,Service area,"Northwest North Carolina (Alleghany, Ashe, Surry, Wilkes); Wilmington (Bladen, Brunswick, Columbus, New Hanover, Pender)",FL,,,
H5299-014-000,Devoted,DEVOTED C-SNP ENHANCED 014 NC (HMO C-SNP),2027,Key notes,"LIS members pay the lower of their LIS cost share or Part D plan copay. To avoid disenrollment, members must submit their portion of the C-SNP form with their enrollment form, and have their provider complete their section within 2 months. The Food & Home Card is only for chronically ill members who meet specific health criteria (see SB/EOC for details). We proactively review health records to check eligibility. Completing an HRA can help speed up this process.",FL,,,
H5299-015-000,Devoted,DEVOTED C-SNP PLUS 015 NC (HMO C-SNP),2026,Premium,$36.20,CMS,,,
H5299-015-000,Devoted,DEVOTED C-SNP PLUS 015 NC (HMO C-SNP),2027,Premium,$0.00,FL,,,
H5299-015-000,Devoted,DEVOTED C-SNP PLUS 015 NC (HMO C-SNP),2026,Medical deductible,$925,CMS,,,
H5299-015-000,Devoted,DEVOTED C-SNP PLUS 015 NC (HMO C-SNP),2027,Medical deductible,$990,FL,,,
H5299-015-000,Devoted,DEVOTED C-SNP PLUS 015 NC (HMO C-SNP),2026,Max out-of-pocket,"$9,250",CMS,,,
H5299-015-000,Devoted,DEVOTED C-SNP PLUS 015 NC (HMO C-SNP),2027,Max out-of-pocket,"$9,850",FL,,,
H5299-015-000,Devoted,DEVOTED C-SNP PLUS 015 NC (HMO C-SNP),2027,PCP,$0 copay,FL,,,
H5299-015-000,Devoted,DEVOTED C-SNP PLUS 015 NC (HMO C-SNP),2026,Specialist,30%,CMS,,,
H5299-015-000,Devoted,DEVOTED C-SNP PLUS 015 NC (HMO C-SNP),2027,Specialist,30% coinsurance,FL,,,
H5299-015-000,Devoted,DEVOTED C-SNP PLUS 015 NC (HMO C-SNP),2027,Referrals,No,FL,,,
H5299-015-000,Devoted,DEVOTED C-SNP PLUS 015 NC (HMO C-SNP),2026,Telehealth,0% - 30%,CMS,,,
H5299-015-000,Devoted,DEVOTED C-SNP PLUS 015 NC (HMO C-SNP),2026,Chiropractic,$15,CMS,,,
H5299-015-000,Devoted,DEVOTED C-SNP PLUS 015 NC (HMO C-SNP),2026,Podiatry,30%,CMS,,,
H5299-015-000,Devoted,DEVOTED C-SNP PLUS 015 NC (HMO C-SNP),2026,Other professional,30%,CMS,,,
H5299-015-000,Devoted,DEVOTED C-SNP PLUS 015 NC (HMO C-SNP),2027,Inpatient hospital,"$2,241 per stay",FL,,,
H5299-015-000,Devoted,DEVOTED C-SNP PLUS 015 NC (HMO C-SNP),2026,Skilled nursing facility,$0 days 1-20 / $218 days 21-100,CMS,,,
H5299-015-000,Devoted,DEVOTED C-SNP PLUS 015 NC (HMO C-SNP),2026,Home health,20%,CMS,,,
H5299-015-000,Devoted,DEVOTED C-SNP PLUS 015 NC (HMO C-SNP),2026,Outpatient hospital,0% - 50%,CMS,,,
H5299-015-000,Devoted,DEVOTED C-SNP PLUS 015 NC (HMO C-SNP),2026,Outpatient surgery (ASC),50%,CMS,,,
H5299-015-000,Devoted,DEVOTED C-SNP PLUS 015 NC (HMO C-SNP),2027,Outpatient surgery (ASC),50% coinsurance,FL,,,
H5299-015-000,Devoted,DEVOTED C-SNP PLUS 015 NC (HMO C-SNP),2026,Outpatient surgery (hospital),20%,CMS,,,
H5299-015-000,Devoted,DEVOTED C-SNP PLUS 015 NC (HMO C-SNP),2026,Observation services,50%,CMS,,,
H5299-015-000,Devoted,DEVOTED C-SNP PLUS 015 NC (HMO C-SNP),2026,Emergency room,$115,CMS,,,
H5299-015-000,Devoted,DEVOTED C-SNP PLUS 015 NC (HMO C-SNP),2027,Emergency room,$115 copay,FL,,,
H5299-015-000,Devoted,DEVOTED C-SNP PLUS 015 NC (HMO C-SNP),2026,Urgent care,0% - 20%,CMS,,,
H5299-015-000,Devoted,DEVOTED C-SNP PLUS 015 NC (HMO C-SNP),2026,Ambulance (ground),0% - 50%,CMS,,,
H5299-015-000,Devoted,DEVOTED C-SNP PLUS 015 NC (HMO C-SNP),2026,Ambulance (air),50%,CMS,,,
H5299-015-000,Devoted,DEVOTED C-SNP PLUS 015 NC (HMO C-SNP),2026,Transportation,0% - 50%,CMS,,,
H5299-015-000,Devoted,DEVOTED C-SNP PLUS 015 NC (HMO C-SNP),2026,Lab services,0% - 50%,CMS,,,
H5299-015-000,Devoted,DEVOTED C-SNP PLUS 015 NC (HMO C-SNP),2027,Lab services,50% coinsurance,FL,,,
H5299-015-000,Devoted,DEVOTED C-SNP PLUS 015 NC (HMO C-SNP),2026,Diagnostic radiology,50%,CMS,,,
H5299-015-000,Devoted,DEVOTED C-SNP PLUS 015 NC (HMO C-SNP),2026,Renal dialysis,20%,CMS,,,
H5299-015-000,Devoted,DEVOTED C-SNP PLUS 015 NC (HMO C-SNP),2026,Durable medical equipment,20%,CMS,,,
H5299-015-000,Devoted,DEVOTED C-SNP PLUS 015 NC (HMO C-SNP),2026,Prosthetics,0% - 20%,CMS,,,
H5299-015-000,Devoted,DEVOTED C-SNP PLUS 015 NC (HMO C-SNP),2026,Diabetic supplies,20%,CMS,,,
H5299-015-000,Devoted,DEVOTED C-SNP PLUS 015 NC (HMO C-SNP),2026,Physical therapy,0% - 30%,CMS,,,
H5299-015-000,Devoted,DEVOTED C-SNP PLUS 015 NC (HMO C-SNP),2026,Occupational therapy,30%,CMS,,,
H5299-015-000,Devoted,DEVOTED C-SNP PLUS 015 NC (HMO C-SNP),2026,Cardiac rehab,30%,CMS,,,
H5299-015-000,Devoted,DEVOTED C-SNP PLUS 015 NC (HMO C-SNP),2026,Pulmonary rehab,30%,CMS,,,
H5299-015-000,Devoted,DEVOTED C-SNP PLUS 015 NC (HMO C-SNP),2026,Mental health (individual),30%,CMS,,,
H5299-015-000,Devoted,DEVOTED C-SNP PLUS 015 NC (HMO C-SNP),2026,Mental health (group),30%,CMS,,,
H5299-015-000,Devoted,DEVOTED C-SNP PLUS 015 NC (HMO C-SNP),2026,Substance abuse (individual),30%,CMS,,,
H5299-015-000,Devoted,DEVOTED C-SNP PLUS 015 NC (HMO C-SNP),2026,Partial hospitalization,30%,CMS,,,
H5299-015-000,Devoted,DEVOTED C-SNP PLUS 015 NC (HMO C-SNP),2027,Wellness programs,$150 per year,FL,,,
H5299-015-000,Devoted,DEVOTED C-SNP PLUS 015 NC (HMO C-SNP),2026,Rx deductible,$615 (tiers 6 exempt),CMS,,,
H5299-015-000,Devoted,DEVOTED C-SNP PLUS 015 NC (HMO C-SNP),2027,Rx deductible,$461 tiers 3-5,FL,,,
H5299-015-000,Devoted,DEVOTED C-SNP PLUS 015 NC (HMO C-SNP),2027,Rx retail (30-day),$0 / $0 / 15% / 25% / 26%,FL,,,
H5299-015-000,Devoted,DEVOTED C-SNP PLUS 015 NC (HMO C-SNP),2026,Dental - allowance,"$3,000 per year",CMS,,,
H5299-015-000,Devoted,DEVOTED C-SNP PLUS 015 NC (HMO C-SNP),2027,Dental - allowance,"$3,000 per year (Network-based)",FL,,,
H5299-015-000,Devoted,DEVOTED C-SNP PLUS 015 NC (HMO C-SNP),2026,Dental - preventive,30%,CMS,,,
H5299-015-000,Devoted,DEVOTED C-SNP PLUS 015 NC (HMO C-SNP),2027,Vision - eyeglasses,$300 per year,FL,,,
H5299-015-000,Devoted,DEVOTED C-SNP PLUS 015 NC (HMO C-SNP),2026,Hearing aids,$399 - $699 (2 per year),CMS,,,
H5299-015-000,Devoted,DEVOTED C-SNP PLUS 015 NC (HMO C-SNP),2027,Hearing aids,$399-$699 copay per aid,FL,,,
H5299-015-000,Devoted,DEVOTED C-SNP PLUS 015 NC (HMO C-SNP),2026,OTC allowance,$50 per visit,CMS,,,
H5299-015-000,Devoted,DEVOTED C-SNP PLUS 015 NC (HMO C-SNP),2027,OTC allowance,$50 per quarter,FL,,,
H5299-015-000,Devoted,DEVOTED C-SNP PLUS 015 NC (HMO C-SNP),2027,Service area,"Charlotte (Alexander, Anson, Cabarrus, Caldwell, Catawba, Cleveland, Gaston, Iredell, Lincoln, Mecklenburg, Montgomery, Rowan, Stanly, Union); Greensboro (Alamance, Caswell, Guilford, Person, Randolph, Rockingham); Northwest North Carolina (Alleghany, Ashe, Surry, Wilkes); Western North Carolina (Avery, Buncombe, Burke, Cherokee, Clay, Graham, Haywood, Henderson, Jackson, Macon, Madison, McDowell, Mitchell, Polk, Rutherford, Swain, Transylvania, Yancey); Wilmington (Bladen, Brunswick, Columbus, New Hanover, Pender); Winston- Salem (Davidson, Davie, Forsyth, Stokes, Yadkin)",FL,,,
H5299-015-000,Devoted,DEVOTED C-SNP PLUS 015 NC (HMO C-SNP),2027,Key notes,"Members with Full Medicaid or QMB typically pay $0 for Medicare-covered services due to cost-share protections. Standard medical cost shares for all others. Extra Help members pay standard LIS cost shares. To avoid disenrollment, members must submit their portion of the C-SNP form with their enrollment form, and have their provider complete their section within 2 months. The Food & Home Card is only for chronically ill members who meet specific health criteria (see SB/EOC for details). We proactively review health records to check eligibility. Completing an HRA can help speed up this process.",FL,,,
H5299-016-000,Devoted,DEVOTED C-SNP ENHANCED 016 NC (HMO C-SNP),2026,Premium,$36.20,CMS,,,
H5299-016-000,Devoted,DEVOTED C-SNP ENHANCED 016 NC (HMO C-SNP),2027,Premium,$0.00,FL,,,
H5299-016-000,Devoted,DEVOTED C-SNP ENHANCED 016 NC (HMO C-SNP),2027,Medical deductible,$0,FL,,,
H5299-016-000,Devoted,DEVOTED C-SNP ENHANCED 016 NC (HMO C-SNP),2026,Max out-of-pocket,"$4,900",CMS,,,
H5299-016-000,Devoted,DEVOTED C-SNP ENHANCED 016 NC (HMO C-SNP),2027,Max out-of-pocket,"$5,400",FL,,,
H5299-016-000,Devoted,DEVOTED C-SNP ENHANCED 016 NC (HMO C-SNP),2027,PCP,$0 copay,FL,,,
H5299-016-000,Devoted,DEVOTED C-SNP ENHANCED 016 NC (HMO C-SNP),2026,Specialist,$30,CMS,,,
H5299-016-000,Devoted,DEVOTED C-SNP ENHANCED 016 NC (HMO C-SNP),2027,Specialist,$40 copay,FL,,,
H5299-016-000,Devoted,DEVOTED C-SNP ENHANCED 016 NC (HMO C-SNP),2027,Referrals,No,FL,,,
H5299-016-000,Devoted,DEVOTED C-SNP ENHANCED 016 NC (HMO C-SNP),2026,Telehealth,$0 - $45,CMS,,,
H5299-016-000,Devoted,DEVOTED C-SNP ENHANCED 016 NC (HMO C-SNP),2026,Chiropractic,$15,CMS,,,
H5299-016-000,Devoted,DEVOTED C-SNP ENHANCED 016 NC (HMO C-SNP),2026,Podiatry,$30 - $50,CMS,,,
H5299-016-000,Devoted,DEVOTED C-SNP ENHANCED 016 NC (HMO C-SNP),2026,Other professional,$30,CMS,,,
H5299-016-000,Devoted,DEVOTED C-SNP ENHANCED 016 NC (HMO C-SNP),2026,Inpatient hospital,$405 days 1-6 / $0 days 7-90,CMS,,,
H5299-016-000,Devoted,DEVOTED C-SNP ENHANCED 016 NC (HMO C-SNP),2027,Inpatient hospital,"$410 per day for days 1-6, $0 days 7+",FL,,,
H5299-016-000,Devoted,DEVOTED C-SNP ENHANCED 016 NC (HMO C-SNP),2026,Inpatient psychiatric,$405 days 1-5 / $0 days 6-90,CMS,,,
H5299-016-000,Devoted,DEVOTED C-SNP ENHANCED 016 NC (HMO C-SNP),2026,Skilled nursing facility,$0 days 1-20 / $218 days 21-100,CMS,,,
H5299-016-000,Devoted,DEVOTED C-SNP ENHANCED 016 NC (HMO C-SNP),2026,Home health,$60,CMS,,,
H5299-016-000,Devoted,DEVOTED C-SNP ENHANCED 016 NC (HMO C-SNP),2026,Outpatient hospital,$0 - $95,CMS,,,
H5299-016-000,Devoted,DEVOTED C-SNP ENHANCED 016 NC (HMO C-SNP),2026,Outpatient surgery (ASC),$0 - $300,CMS,,,
H5299-016-000,Devoted,DEVOTED C-SNP ENHANCED 016 NC (HMO C-SNP),2027,Outpatient surgery (ASC),$410-$510 copay,FL,,,
H5299-016-000,Devoted,DEVOTED C-SNP ENHANCED 016 NC (HMO C-SNP),2026,Outpatient surgery (hospital),20%,CMS,,,
H5299-016-000,Devoted,DEVOTED C-SNP ENHANCED 016 NC (HMO C-SNP),2026,Observation services,$0 - $20,CMS,,,
H5299-016-000,Devoted,DEVOTED C-SNP ENHANCED 016 NC (HMO C-SNP),2026,Emergency room,$130,CMS,,,
H5299-016-000,Devoted,DEVOTED C-SNP ENHANCED 016 NC (HMO C-SNP),2027,Emergency room,$130 copay,FL,,,
H5299-016-000,Devoted,DEVOTED C-SNP ENHANCED 016 NC (HMO C-SNP),2026,Urgent care,$0 - $45,CMS,,,
H5299-016-000,Devoted,DEVOTED C-SNP ENHANCED 016 NC (HMO C-SNP),2026,Ambulance (ground),$0 - $505,CMS,,,
H5299-016-000,Devoted,DEVOTED C-SNP ENHANCED 016 NC (HMO C-SNP),2026,Ambulance (air),$405,CMS,,,
H5299-016-000,Devoted,DEVOTED C-SNP ENHANCED 016 NC (HMO C-SNP),2026,Transportation,$0 - $405,CMS,,,
H5299-016-000,Devoted,DEVOTED C-SNP ENHANCED 016 NC (HMO C-SNP),2026,Lab services,$0 - $325,CMS,,,
H5299-016-000,Devoted,DEVOTED C-SNP ENHANCED 016 NC (HMO C-SNP),2027,Lab services,$0 copay,FL,,,
H5299-016-000,Devoted,DEVOTED C-SNP ENHANCED 016 NC (HMO C-SNP),2026,Diagnostic radiology,20%,CMS,,,
H5299-016-000,Devoted,DEVOTED C-SNP ENHANCED 016 NC (HMO C-SNP),2026,Renal dialysis,20%,CMS,,,
H5299-016-000,Devoted,DEVOTED C-SNP ENHANCED 016 NC (HMO C-SNP),2026,Durable medical equipment,20% - 50%,CMS,,,
H5299-016-000,Devoted,DEVOTED C-SNP ENHANCED 016 NC (HMO C-SNP),2026,Prosthetics,0% - 20%,CMS,,,
H5299-016-000,Devoted,DEVOTED C-SNP ENHANCED 016 NC (HMO C-SNP),2026,Diabetic supplies,0% - 50%,CMS,,,
H5299-016-000,Devoted,DEVOTED C-SNP ENHANCED 016 NC (HMO C-SNP),2026,Physical therapy,$0 - $30,CMS,,,
H5299-016-000,Devoted,DEVOTED C-SNP ENHANCED 016 NC (HMO C-SNP),2026,Occupational therapy,$30 - $50,CMS,,,
H5299-016-000,Devoted,DEVOTED C-SNP ENHANCED 016 NC (HMO C-SNP),2026,Cardiac rehab,$30,CMS,,,
H5299-016-000,Devoted,DEVOTED C-SNP ENHANCED 016 NC (HMO C-SNP),2026,Pulmonary rehab,$30,CMS,,,
H5299-016-000,Devoted,DEVOTED C-SNP ENHANCED 016 NC (HMO C-SNP),2026,Mental health (individual),$30,CMS,,,
H5299-016-000,Devoted,DEVOTED C-SNP ENHANCED 016 NC (HMO C-SNP),2026,Mental health (group),$30,CMS,,,
H5299-016-000,Devoted,DEVOTED C-SNP ENHANCED 016 NC (HMO C-SNP),2026,Substance abuse (individual),$30,CMS,,,
H5299-016-000,Devoted,DEVOTED C-SNP ENHANCED 016 NC (HMO C-SNP),2026,Partial hospitalization,$30,CMS,,,
H5299-016-000,Devoted,DEVOTED C-SNP ENHANCED 016 NC (HMO C-SNP),2027,Wellness programs,$150 per year,FL,,,
H5299-016-000,Devoted,DEVOTED C-SNP ENHANCED 016 NC (HMO C-SNP),2026,Rx deductible,$615 (tiers 6 exempt),CMS,,,
H5299-016-000,Devoted,DEVOTED C-SNP ENHANCED 016 NC (HMO C-SNP),2027,Rx deductible,$461 tiers 3-5,FL,,,
H5299-016-000,Devoted,DEVOTED C-SNP ENHANCED 016 NC (HMO C-SNP),2027,Rx retail (30-day),$0 / $0 / 15% / 25% / 26%,FL,,,
H5299-016-000,Devoted,DEVOTED C-SNP ENHANCED 016 NC (HMO C-SNP),2026,Dental - allowance,"$2,000 per year",CMS,,,
H5299-016-000,Devoted,DEVOTED C-SNP ENHANCED 016 NC (HMO C-SNP),2027,Dental - allowance,"$2,000 per year (Network-based)",FL,,,
H5299-016-000,Devoted,DEVOTED C-SNP ENHANCED 016 NC (HMO C-SNP),2026,Dental - preventive,$30,CMS,,,
H5299-016-000,Devoted,DEVOTED C-SNP ENHANCED 016 NC (HMO C-SNP),2027,Vision - eyeglasses,$300 per year,FL,,,
H5299-016-000,Devoted,DEVOTED C-SNP ENHANCED 016 NC (HMO C-SNP),2026,Hearing aids,$399 - $699 (2 per year),CMS,,,
H5299-016-000,Devoted,DEVOTED C-SNP ENHANCED 016 NC (HMO C-SNP),2027,Hearing aids,$399-$699 copay per aid,FL,,,
H5299-016-000,Devoted,DEVOTED C-SNP ENHANCED 016 NC (HMO C-SNP),2026,OTC allowance,$50 per visit,CMS,,,
H5299-016-000,Devoted,DEVOTED C-SNP ENHANCED 016 NC (HMO C-SNP),2027,OTC allowance,$50 per quarter,FL,,,
H5299-016-000,Devoted,DEVOTED C-SNP ENHANCED 016 NC (HMO C-SNP),2027,Service area,"Charlotte (Alexander, Anson, Cabarrus, Caldwell, Catawba, Cleveland, Gaston, Iredell, Lincoln, Mecklenburg, Montgomery, Rowan, Stanly, Union)",FL,,,
H5299-016-000,Devoted,DEVOTED C-SNP ENHANCED 016 NC (HMO C-SNP),2027,Key notes,"LIS members pay the lower of their LIS cost share or Part D plan copay. To avoid disenrollment, members must submit their portion of the C-SNP form with their enrollment form, and have their provider complete their section within 2 months. The Food & Home Card is only for chronically ill members who meet specific health criteria (see SB/EOC for details). We proactively review health records to check eligibility. Completing an HRA can help speed up this process.",FL,,,
H5299-017-000,Devoted,DEVOTED C-SNP ENHANCED 017 NC (HMO C-SNP),2026,Premium,$36.20,CMS,,,
H5299-017-000,Devoted,DEVOTED C-SNP ENHANCED 017 NC (HMO C-SNP),2027,Premium,$0.00,FL,,,
H5299-017-000,Devoted,DEVOTED C-SNP ENHANCED 017 NC (HMO C-SNP),2027,Medical deductible,$0,FL,,,
H5299-017-000,Devoted,DEVOTED C-SNP ENHANCED 017 NC (HMO C-SNP),2026,Max out-of-pocket,"$4,800",CMS,,,
H5299-017-000,Devoted,DEVOTED C-SNP ENHANCED 017 NC (HMO C-SNP),2027,Max out-of-pocket,"$4,800",FL,,,
H5299-017-000,Devoted,DEVOTED C-SNP ENHANCED 017 NC (HMO C-SNP),2027,PCP,$0 copay,FL,,,
H5299-017-000,Devoted,DEVOTED C-SNP ENHANCED 017 NC (HMO C-SNP),2026,Specialist,$30,CMS,,,
H5299-017-000,Devoted,DEVOTED C-SNP ENHANCED 017 NC (HMO C-SNP),2027,Specialist,$30 copay,FL,,,
H5299-017-000,Devoted,DEVOTED C-SNP ENHANCED 017 NC (HMO C-SNP),2027,Referrals,No,FL,,,
H5299-017-000,Devoted,DEVOTED C-SNP ENHANCED 017 NC (HMO C-SNP),2026,Telehealth,$0 - $45,CMS,,,
H5299-017-000,Devoted,DEVOTED C-SNP ENHANCED 017 NC (HMO C-SNP),2026,Chiropractic,$15,CMS,,,
H5299-017-000,Devoted,DEVOTED C-SNP ENHANCED 017 NC (HMO C-SNP),2026,Podiatry,$30 - $50,CMS,,,
H5299-017-000,Devoted,DEVOTED C-SNP ENHANCED 017 NC (HMO C-SNP),2026,Other professional,$30,CMS,,,
H5299-017-000,Devoted,DEVOTED C-SNP ENHANCED 017 NC (HMO C-SNP),2026,Inpatient hospital,$405 days 1-6 / $0 days 7-90,CMS,,,
H5299-017-000,Devoted,DEVOTED C-SNP ENHANCED 017 NC (HMO C-SNP),2027,Inpatient hospital,"$405 per day for days 1-5, $0 days 6+",FL,,,
H5299-017-000,Devoted,DEVOTED C-SNP ENHANCED 017 NC (HMO C-SNP),2026,Inpatient psychiatric,$405 days 1-5 / $0 days 6-90,CMS,,,
H5299-017-000,Devoted,DEVOTED C-SNP ENHANCED 017 NC (HMO C-SNP),2026,Skilled nursing facility,$0 days 1-20 / $218 days 21-100,CMS,,,
H5299-017-000,Devoted,DEVOTED C-SNP ENHANCED 017 NC (HMO C-SNP),2026,Home health,$60,CMS,,,
H5299-017-000,Devoted,DEVOTED C-SNP ENHANCED 017 NC (HMO C-SNP),2026,Outpatient hospital,$0 - $95,CMS,,,
H5299-017-000,Devoted,DEVOTED C-SNP ENHANCED 017 NC (HMO C-SNP),2026,Outpatient surgery (ASC),$0 - $300,CMS,,,
H5299-017-000,Devoted,DEVOTED C-SNP ENHANCED 017 NC (HMO C-SNP),2027,Outpatient surgery (ASC),$405-$505 copay,FL,,,
H5299-017-000,Devoted,DEVOTED C-SNP ENHANCED 017 NC (HMO C-SNP),2026,Outpatient surgery (hospital),20%,CMS,,,
H5299-017-000,Devoted,DEVOTED C-SNP ENHANCED 017 NC (HMO C-SNP),2026,Observation services,$0 - $20,CMS,,,
H5299-017-000,Devoted,DEVOTED C-SNP ENHANCED 017 NC (HMO C-SNP),2026,Emergency room,$130,CMS,,,
H5299-017-000,Devoted,DEVOTED C-SNP ENHANCED 017 NC (HMO C-SNP),2027,Emergency room,$130 copay,FL,,,
H5299-017-000,Devoted,DEVOTED C-SNP ENHANCED 017 NC (HMO C-SNP),2026,Urgent care,$0 - $45,CMS,,,
H5299-017-000,Devoted,DEVOTED C-SNP ENHANCED 017 NC (HMO C-SNP),2026,Ambulance (ground),$0 - $505,CMS,,,
H5299-017-000,Devoted,DEVOTED C-SNP ENHANCED 017 NC (HMO C-SNP),2026,Ambulance (air),$405,CMS,,,
H5299-017-000,Devoted,DEVOTED C-SNP ENHANCED 017 NC (HMO C-SNP),2026,Transportation,$0 - $405,CMS,,,
H5299-017-000,Devoted,DEVOTED C-SNP ENHANCED 017 NC (HMO C-SNP),2026,Lab services,$0 - $325,CMS,,,
H5299-017-000,Devoted,DEVOTED C-SNP ENHANCED 017 NC (HMO C-SNP),2027,Lab services,$0 copay,FL,,,
H5299-017-000,Devoted,DEVOTED C-SNP ENHANCED 017 NC (HMO C-SNP),2026,Diagnostic radiology,20%,CMS,,,
H5299-017-000,Devoted,DEVOTED C-SNP ENHANCED 017 NC (HMO C-SNP),2026,Renal dialysis,20%,CMS,,,
H5299-017-000,Devoted,DEVOTED C-SNP ENHANCED 017 NC (HMO C-SNP),2026,Durable medical equipment,20% - 50%,CMS,,,
H5299-017-000,Devoted,DEVOTED C-SNP ENHANCED 017 NC (HMO C-SNP),2026,Prosthetics,0% - 20%,CMS,,,
H5299-017-000,Devoted,DEVOTED C-SNP ENHANCED 017 NC (HMO C-SNP),2026,Diabetic supplies,0% - 50%,CMS,,,
H5299-017-000,Devoted,DEVOTED C-SNP ENHANCED 017 NC (HMO C-SNP),2026,Physical therapy,$0 - $30,CMS,,,
H5299-017-000,Devoted,DEVOTED C-SNP ENHANCED 017 NC (HMO C-SNP),2026,Occupational therapy,$30 - $50,CMS,,,
H5299-017-000,Devoted,DEVOTED C-SNP ENHANCED 017 NC (HMO C-SNP),2026,Cardiac rehab,$30,CMS,,,
H5299-017-000,Devoted,DEVOTED C-SNP ENHANCED 017 NC (HMO C-SNP),2026,Pulmonary rehab,$30,CMS,,,
H5299-017-000,Devoted,DEVOTED C-SNP ENHANCED 017 NC (HMO C-SNP),2026,Mental health (individual),$30,CMS,,,
H5299-017-000,Devoted,DEVOTED C-SNP ENHANCED 017 NC (HMO C-SNP),2026,Mental health (group),$30,CMS,,,
H5299-017-000,Devoted,DEVOTED C-SNP ENHANCED 017 NC (HMO C-SNP),2026,Substance abuse (individual),$30,CMS,,,
H5299-017-000,Devoted,DEVOTED C-SNP ENHANCED 017 NC (HMO C-SNP),2026,Partial hospitalization,$30,CMS,,,
H5299-017-000,Devoted,DEVOTED C-SNP ENHANCED 017 NC (HMO C-SNP),2027,Wellness programs,$150 per year,FL,,,
H5299-017-000,Devoted,DEVOTED C-SNP ENHANCED 017 NC (HMO C-SNP),2026,Rx deductible,$615 (tiers 6 exempt),CMS,,,
H5299-017-000,Devoted,DEVOTED C-SNP ENHANCED 017 NC (HMO C-SNP),2027,Rx deductible,$461 tiers 3-5,FL,,,
H5299-017-000,Devoted,DEVOTED C-SNP ENHANCED 017 NC (HMO C-SNP),2027,Rx retail (30-day),$0 / $0 / 15% / 25% / 26%,FL,,,
H5299-017-000,Devoted,DEVOTED C-SNP ENHANCED 017 NC (HMO C-SNP),2026,Dental - allowance,"$2,000 per year",CMS,,,
H5299-017-000,Devoted,DEVOTED C-SNP ENHANCED 017 NC (HMO C-SNP),2027,Dental - allowance,"$2,000 per year (Network-based)",FL,,,
H5299-017-000,Devoted,DEVOTED C-SNP ENHANCED 017 NC (HMO C-SNP),2026,Dental - preventive,$30,CMS,,,
H5299-017-000,Devoted,DEVOTED C-SNP ENHANCED 017 NC (HMO C-SNP),2027,Vision - eyeglasses,$300 per year,FL,,,
H5299-017-000,Devoted,DEVOTED C-SNP ENHANCED 017 NC (HMO C-SNP),2026,Hearing aids,$399 - $699 (2 per year),CMS,,,
H5299-017-000,Devoted,DEVOTED C-SNP ENHANCED 017 NC (HMO C-SNP),2027,Hearing aids,$399-$699 copay per aid,FL,,,
H5299-017-000,Devoted,DEVOTED C-SNP ENHANCED 017 NC (HMO C-SNP),2026,OTC allowance,$50 per visit,CMS,,,
H5299-017-000,Devoted,DEVOTED C-SNP ENHANCED 017 NC (HMO C-SNP),2027,OTC allowance,$50 per quarter,FL,,,
H5299-017-000,Devoted,DEVOTED C-SNP ENHANCED 017 NC (HMO C-SNP),2027,Service area,"Greensboro (Alamance, Caswell, Guilford, Person, Randolph, Rockingham); Winston-Salem (Davidson, Davie, Forsyth, Stokes, Yadkin)",FL,,,
H5299-017-000,Devoted,DEVOTED C-SNP ENHANCED 017 NC (HMO C-SNP),2027,Key notes,"LIS members pay the lower of their LIS cost share or Part D plan copay. To avoid disenrollment, members must submit their portion of the C-SNP form with their enrollment form, and have their provider complete their section within 2 months. The Food & Home Card is only for chronically ill members who meet specific health criteria (see SB/EOC for details). We proactively review health records to check eligibility. Completing an HRA can help speed up this process.",FL,,,
H5299-018-000,Devoted,DEVOTED C-SNP ENHANCED 018 NC (HMO C-SNP),2026,Premium,$36.20,CMS,,,
H5299-018-000,Devoted,DEVOTED C-SNP ENHANCED 018 NC (HMO C-SNP),2027,Premium,$0.00,FL,,,
H5299-018-000,Devoted,DEVOTED C-SNP ENHANCED 018 NC (HMO C-SNP),2027,Medical deductible,$0,FL,,,
H5299-018-000,Devoted,DEVOTED C-SNP ENHANCED 018 NC (HMO C-SNP),2026,Max out-of-pocket,"$5,600",CMS,,,
H5299-018-000,Devoted,DEVOTED C-SNP ENHANCED 018 NC (HMO C-SNP),2027,Max out-of-pocket,"$5,600",FL,,,
H5299-018-000,Devoted,DEVOTED C-SNP ENHANCED 018 NC (HMO C-SNP),2027,PCP,$0 copay,FL,,,
H5299-018-000,Devoted,DEVOTED C-SNP ENHANCED 018 NC (HMO C-SNP),2026,Specialist,$30,CMS,,,
H5299-018-000,Devoted,DEVOTED C-SNP ENHANCED 018 NC (HMO C-SNP),2027,Specialist,$30 copay,FL,,,
H5299-018-000,Devoted,DEVOTED C-SNP ENHANCED 018 NC (HMO C-SNP),2027,Referrals,No,FL,,,
H5299-018-000,Devoted,DEVOTED C-SNP ENHANCED 018 NC (HMO C-SNP),2026,Telehealth,$0 - $45,CMS,,,
H5299-018-000,Devoted,DEVOTED C-SNP ENHANCED 018 NC (HMO C-SNP),2026,Chiropractic,$15,CMS,,,
H5299-018-000,Devoted,DEVOTED C-SNP ENHANCED 018 NC (HMO C-SNP),2026,Podiatry,$30 - $50,CMS,,,
H5299-018-000,Devoted,DEVOTED C-SNP ENHANCED 018 NC (HMO C-SNP),2026,Other professional,$30,CMS,,,
H5299-018-000,Devoted,DEVOTED C-SNP ENHANCED 018 NC (HMO C-SNP),2026,Inpatient hospital,$475 days 1-5 / $0 days 6-90,CMS,,,
H5299-018-000,Devoted,DEVOTED C-SNP ENHANCED 018 NC (HMO C-SNP),2027,Inpatient hospital,"$475 per day for days 1-5, $0 days 6+",FL,,,
H5299-018-000,Devoted,DEVOTED C-SNP ENHANCED 018 NC (HMO C-SNP),2026,Inpatient psychiatric,$475 days 1-4 / $0 days 5-90,CMS,,,
H5299-018-000,Devoted,DEVOTED C-SNP ENHANCED 018 NC (HMO C-SNP),2026,Skilled nursing facility,$0 days 1-20 / $218 days 21-100,CMS,,,
H5299-018-000,Devoted,DEVOTED C-SNP ENHANCED 018 NC (HMO C-SNP),2026,Home health,$60,CMS,,,
H5299-018-000,Devoted,DEVOTED C-SNP ENHANCED 018 NC (HMO C-SNP),2026,Outpatient hospital,$0 - $95,CMS,,,
H5299-018-000,Devoted,DEVOTED C-SNP ENHANCED 018 NC (HMO C-SNP),2026,Outpatient surgery (ASC),$0 - $300,CMS,,,
H5299-018-000,Devoted,DEVOTED C-SNP ENHANCED 018 NC (HMO C-SNP),2027,Outpatient surgery (ASC),$475-$575 copay,FL,,,
H5299-018-000,Devoted,DEVOTED C-SNP ENHANCED 018 NC (HMO C-SNP),2026,Outpatient surgery (hospital),20%,CMS,,,
H5299-018-000,Devoted,DEVOTED C-SNP ENHANCED 018 NC (HMO C-SNP),2026,Observation services,$0 - $20,CMS,,,
H5299-018-000,Devoted,DEVOTED C-SNP ENHANCED 018 NC (HMO C-SNP),2026,Emergency room,$130,CMS,,,
H5299-018-000,Devoted,DEVOTED C-SNP ENHANCED 018 NC (HMO C-SNP),2027,Emergency room,$130 copay,FL,,,
H5299-018-000,Devoted,DEVOTED C-SNP ENHANCED 018 NC (HMO C-SNP),2026,Urgent care,$0 - $45,CMS,,,
H5299-018-000,Devoted,DEVOTED C-SNP ENHANCED 018 NC (HMO C-SNP),2026,Ambulance (ground),$0 - $575,CMS,,,
H5299-018-000,Devoted,DEVOTED C-SNP ENHANCED 018 NC (HMO C-SNP),2026,Ambulance (air),$475,CMS,,,
H5299-018-000,Devoted,DEVOTED C-SNP ENHANCED 018 NC (HMO C-SNP),2026,Transportation,$0 - $475,CMS,,,
H5299-018-000,Devoted,DEVOTED C-SNP ENHANCED 018 NC (HMO C-SNP),2026,Lab services,$0 - $325,CMS,,,
H5299-018-000,Devoted,DEVOTED C-SNP ENHANCED 018 NC (HMO C-SNP),2027,Lab services,$0 copay,FL,,,
H5299-018-000,Devoted,DEVOTED C-SNP ENHANCED 018 NC (HMO C-SNP),2026,Diagnostic radiology,20%,CMS,,,
H5299-018-000,Devoted,DEVOTED C-SNP ENHANCED 018 NC (HMO C-SNP),2026,Renal dialysis,20%,CMS,,,
H5299-018-000,Devoted,DEVOTED C-SNP ENHANCED 018 NC (HMO C-SNP),2026,Durable medical equipment,20% - 50%,CMS,,,
H5299-018-000,Devoted,DEVOTED C-SNP ENHANCED 018 NC (HMO C-SNP),2026,Prosthetics,0% - 20%,CMS,,,
H5299-018-000,Devoted,DEVOTED C-SNP ENHANCED 018 NC (HMO C-SNP),2026,Diabetic supplies,0% - 50%,CMS,,,
H5299-018-000,Devoted,DEVOTED C-SNP ENHANCED 018 NC (HMO C-SNP),2026,Physical therapy,$0 - $30,CMS,,,
H5299-018-000,Devoted,DEVOTED C-SNP ENHANCED 018 NC (HMO C-SNP),2026,Occupational therapy,$30 - $50,CMS,,,
H5299-018-000,Devoted,DEVOTED C-SNP ENHANCED 018 NC (HMO C-SNP),2026,Cardiac rehab,$30,CMS,,,
H5299-018-000,Devoted,DEVOTED C-SNP ENHANCED 018 NC (HMO C-SNP),2026,Pulmonary rehab,$30,CMS,,,
H5299-018-000,Devoted,DEVOTED C-SNP ENHANCED 018 NC (HMO C-SNP),2026,Mental health (individual),$30,CMS,,,
H5299-018-000,Devoted,DEVOTED C-SNP ENHANCED 018 NC (HMO C-SNP),2026,Mental health (group),$30,CMS,,,
H5299-018-000,Devoted,DEVOTED C-SNP ENHANCED 018 NC (HMO C-SNP),2026,Substance abuse (individual),$30,CMS,,,
H5299-018-000,Devoted,DEVOTED C-SNP ENHANCED 018 NC (HMO C-SNP),2026,Partial hospitalization,$30,CMS,,,
H5299-018-000,Devoted,DEVOTED C-SNP ENHANCED 018 NC (HMO C-SNP),2027,Wellness programs,$150 per year,FL,,,
H5299-018-000,Devoted,DEVOTED C-SNP ENHANCED 018 NC (HMO C-SNP),2026,Rx deductible,$615 (tiers 6 exempt),CMS,,,
H5299-018-000,Devoted,DEVOTED C-SNP ENHANCED 018 NC (HMO C-SNP),2027,Rx deductible,$461 tiers 3-5,FL,,,
H5299-018-000,Devoted,DEVOTED C-SNP ENHANCED 018 NC (HMO C-SNP),2027,Rx retail (30-day),$0 / $0 / 15% / 25% / 26%,FL,,,
H5299-018-000,Devoted,DEVOTED C-SNP ENHANCED 018 NC (HMO C-SNP),2026,Dental - allowance,"$2,000 per year",CMS,,,
H5299-018-000,Devoted,DEVOTED C-SNP ENHANCED 018 NC (HMO C-SNP),2027,Dental - allowance,"$2,000 per year (Network-based)",FL,,,
H5299-018-000,Devoted,DEVOTED C-SNP ENHANCED 018 NC (HMO C-SNP),2026,Dental - preventive,$30,CMS,,,
H5299-018-000,Devoted,DEVOTED C-SNP ENHANCED 018 NC (HMO C-SNP),2027,Vision - eyeglasses,$300 per year,FL,,,
H5299-018-000,Devoted,DEVOTED C-SNP ENHANCED 018 NC (HMO C-SNP),2026,Hearing aids,$399 - $699 (2 per year),CMS,,,
H5299-018-000,Devoted,DEVOTED C-SNP ENHANCED 018 NC (HMO C-SNP),2027,Hearing aids,$399-$699 copay per aid,FL,,,
H5299-018-000,Devoted,DEVOTED C-SNP ENHANCED 018 NC (HMO C-SNP),2026,OTC allowance,$50 per visit,CMS,,,
H5299-018-000,Devoted,DEVOTED C-SNP ENHANCED 018 NC (HMO C-SNP),2027,OTC allowance,$50 per quarter,FL,,,
H5299-018-000,Devoted,DEVOTED C-SNP ENHANCED 018 NC (HMO C-SNP),2027,Service area,"Western North Carolina (Avery, Buncombe, Burke, Cherokee, Clay, Graham, Haywood, Henderson, Jackson, Macon, Madison, McDowell, Mitchell, Polk, Rutherford, Swain, Transylvania, Yancey)",FL,,,
H5299-018-000,Devoted,DEVOTED C-SNP ENHANCED 018 NC (HMO C-SNP),2027,Key notes,"LIS members pay the lower of their LIS cost share or Part D plan copay. To avoid disenrollment, members must submit their portion of the C-SNP form with their enrollment form, and have their provider complete their section within 2 months. The Food & Home Card is only for chronically ill members who meet specific health criteria (see SB/EOC for details). We proactively review health records to check eligibility. Completing an HRA can help speed up this process.",FL,,,
H5299-021-000,Devoted,DEVOTED CORE 021 NC (HMO),2027,Premium,$0.00,FL,,,
H5299-021-000,Devoted,DEVOTED CORE 021 NC (HMO),2027,Medical deductible,$0,FL,,,
H5299-021-000,Devoted,DEVOTED CORE 021 NC (HMO),2027,Max out-of-pocket,"$4,950",FL,,,
H5299-021-000,Devoted,DEVOTED CORE 021 NC (HMO),2027,PCP,$0 copay,FL,,,
H5299-021-000,Devoted,DEVOTED CORE 021 NC (HMO),2027,Specialist,$35 copay,FL,,,
H5299-021-000,Devoted,DEVOTED CORE 021 NC (HMO),2027,Referrals,No,FL,,,
H5299-021-000,Devoted,DEVOTED CORE 021 NC (HMO),2027,Inpatient hospital,"$515 per day for days 1-5, $0 days 6+",FL,,,
H5299-021-000,Devoted,DEVOTED CORE 021 NC (HMO),2027,Outpatient surgery (ASC),$440-$540 copay,FL,,,
H5299-021-000,Devoted,DEVOTED CORE 021 NC (HMO),2027,Emergency room,$130 copay,FL,,,
H5299-021-000,Devoted,DEVOTED CORE 021 NC (HMO),2027,Lab services,$0 copay,FL,,,
H5299-021-000,Devoted,DEVOTED CORE 021 NC (HMO),2027,Wellness programs,$150 per year,FL,,,
H5299-021-000,Devoted,DEVOTED CORE 021 NC (HMO),2027,Rx deductible,$650 tiers 3-5,FL,,,
H5299-021-000,Devoted,DEVOTED CORE 021 NC (HMO),2027,Rx retail (30-day),$0 / $2 / 25% / 25% / 26%,FL,,,
H5299-021-000,Devoted,DEVOTED CORE 021 NC (HMO),2027,Dental - allowance,"$3,750 per year (Direct member reimbursement)",FL,,,
H5299-021-000,Devoted,DEVOTED CORE 021 NC (HMO),2027,Vision - eyeglasses,$250 per year,FL,,,
H5299-021-000,Devoted,DEVOTED CORE 021 NC (HMO),2027,Hearing aids,$399-$699 copay per aid,FL,,,
H5299-021-000,Devoted,DEVOTED CORE 021 NC (HMO),2027,OTC allowance,$50 per quarter,FL,,,
H5299-021-000,Devoted,DEVOTED CORE 021 NC (HMO),2027,Service area,"Northwest North Carolina (Alleghany, Ashe, Surry, Wilkes)",FL,,,
H5299-021-000,Devoted,DEVOTED CORE 021 NC (HMO),2027,Key notes,-,FL,,,
H5299-022-000,Devoted,DEVOTED GIVEBACK 022 NC (HMO),2027,Premium,$0.00,FL,,,
H5299-022-000,Devoted,DEVOTED GIVEBACK 022 NC (HMO),2027,Medical deductible,$315,FL,,,
H5299-022-000,Devoted,DEVOTED GIVEBACK 022 NC (HMO),2027,Max out-of-pocket,"$9,300",FL,,,
H5299-022-000,Devoted,DEVOTED GIVEBACK 022 NC (HMO),2027,PCP,$0 copay,FL,,,
H5299-022-000,Devoted,DEVOTED GIVEBACK 022 NC (HMO),2027,Specialist,$45 copay,FL,,,
H5299-022-000,Devoted,DEVOTED GIVEBACK 022 NC (HMO),2027,Referrals,No,FL,,,
H5299-022-000,Devoted,DEVOTED GIVEBACK 022 NC (HMO),2027,Inpatient hospital,"$465 per day for days 1-5, $0 days 6+",FL,,,
H5299-022-000,Devoted,DEVOTED GIVEBACK 022 NC (HMO),2027,Outpatient surgery (ASC),$465-$565 copay,FL,,,
H5299-022-000,Devoted,DEVOTED GIVEBACK 022 NC (HMO),2027,Emergency room,$115 copay,FL,,,
H5299-022-000,Devoted,DEVOTED GIVEBACK 022 NC (HMO),2027,Lab services,$0 copay,FL,,,
H5299-022-000,Devoted,DEVOTED GIVEBACK 022 NC (HMO),2027,Wellness programs,$150 per year,FL,,,
H5299-022-000,Devoted,DEVOTED GIVEBACK 022 NC (HMO),2027,Rx deductible,$650 tiers 3-5,FL,,,
H5299-022-000,Devoted,DEVOTED GIVEBACK 022 NC (HMO),2027,Rx retail (30-day),$0 / $5 / 25% / 25% / 26%,FL,,,
H5299-022-000,Devoted,DEVOTED GIVEBACK 022 NC (HMO),2027,Dental - allowance,$250 per year (Direct member reimbursement),FL,,,
H5299-022-000,Devoted,DEVOTED GIVEBACK 022 NC (HMO),2027,Vision - eyeglasses,$200 per year,FL,,,
H5299-022-000,Devoted,DEVOTED GIVEBACK 022 NC (HMO),2027,Hearing aids,$599-$899 copay per aid,FL,,,
H5299-022-000,Devoted,DEVOTED GIVEBACK 022 NC (HMO),2027,OTC allowance,Not covered,FL,,,
H5299-022-000,Devoted,DEVOTED GIVEBACK 022 NC (HMO),2027,Service area,"Northwest North Carolina (Alleghany, Ashe, Surry, Wilkes)",FL,,,
H5299-022-000,Devoted,DEVOTED GIVEBACK 022 NC (HMO),2027,Key notes,"Higher giveback amount, less supplemental coverage. The Part B premium buydown benefit is designed for members who pay their own Medicare Part B premium. Members whose premium is paid by Medicaid or another assistance program will not benefit from the premium reduction. Processing through Social Security may take several months.",FL,,,
H5299-023-000,Devoted,DEVOTED CORE 023 NC (HMO),2027,Premium,$0.00,FL,,,
H5299-023-000,Devoted,DEVOTED CORE 023 NC (HMO),2027,Medical deductible,$0,FL,,,
H5299-023-000,Devoted,DEVOTED CORE 023 NC (HMO),2027,Max out-of-pocket,"$4,700",FL,,,
H5299-023-000,Devoted,DEVOTED CORE 023 NC (HMO),2027,PCP,$0 copay,FL,,,
H5299-023-000,Devoted,DEVOTED CORE 023 NC (HMO),2027,Specialist,$10 copay,FL,,,
H5299-023-000,Devoted,DEVOTED CORE 023 NC (HMO),2027,Referrals,No,FL,,,
H5299-023-000,Devoted,DEVOTED CORE 023 NC (HMO),2027,Inpatient hospital,"$370 per day for days 1-5, $0 days 6+",FL,,,
H5299-023-000,Devoted,DEVOTED CORE 023 NC (HMO),2027,Outpatient surgery (ASC),$295-$395 copay,FL,,,
H5299-023-000,Devoted,DEVOTED CORE 023 NC (HMO),2027,Emergency room,$130 copay,FL,,,
H5299-023-000,Devoted,DEVOTED CORE 023 NC (HMO),2027,Lab services,$0 copay,FL,,,
H5299-023-000,Devoted,DEVOTED CORE 023 NC (HMO),2027,Wellness programs,$150 per year,FL,,,
H5299-023-000,Devoted,DEVOTED CORE 023 NC (HMO),2027,Rx deductible,$650 tiers 3-5,FL,,,
H5299-023-000,Devoted,DEVOTED CORE 023 NC (HMO),2027,Rx retail (30-day),$0 / $2 / 25% / 25% / 26%,FL,,,
H5299-023-000,Devoted,DEVOTED CORE 023 NC (HMO),2027,Dental - allowance,"$3,750 per year (Direct member reimbursement)",FL,,,
H5299-023-000,Devoted,DEVOTED CORE 023 NC (HMO),2027,Vision - eyeglasses,$300 per year,FL,,,
H5299-023-000,Devoted,DEVOTED CORE 023 NC (HMO),2027,Hearing aids,$399-$699 copay per aid,FL,,,
H5299-023-000,Devoted,DEVOTED CORE 023 NC (HMO),2027,OTC allowance,$100 per quarter,FL,,,
H5299-023-000,Devoted,DEVOTED CORE 023 NC (HMO),2027,Service area,"Wilmington (Bladen, Brunswick, Columbus, New Hanover, Pender)",FL,,,
H5299-023-000,Devoted,DEVOTED CORE 023 NC (HMO),2027,Key notes,-,FL,,,
H5299-024-000,Devoted,DEVOTED GIVEBACK 024 NC (HMO),2027,Premium,$0.00,FL,,,
H5299-024-000,Devoted,DEVOTED GIVEBACK 024 NC (HMO),2027,Medical deductible,$175,FL,,,
H5299-024-000,Devoted,DEVOTED GIVEBACK 024 NC (HMO),2027,Max out-of-pocket,"$9,850",FL,,,
H5299-024-000,Devoted,DEVOTED GIVEBACK 024 NC (HMO),2027,PCP,$0 copay,FL,,,
H5299-024-000,Devoted,DEVOTED GIVEBACK 024 NC (HMO),2027,Specialist,$45 copay,FL,,,
H5299-024-000,Devoted,DEVOTED GIVEBACK 024 NC (HMO),2027,Referrals,No,FL,,,
H5299-024-000,Devoted,DEVOTED GIVEBACK 024 NC (HMO),2027,Inpatient hospital,"$450 per day for days 1-5, $0 days 6+",FL,,,
H5299-024-000,Devoted,DEVOTED GIVEBACK 024 NC (HMO),2027,Outpatient surgery (ASC),$450-$550 copay,FL,,,
H5299-024-000,Devoted,DEVOTED GIVEBACK 024 NC (HMO),2027,Emergency room,$115 copay,FL,,,
H5299-024-000,Devoted,DEVOTED GIVEBACK 024 NC (HMO),2027,Lab services,$0 copay,FL,,,
H5299-024-000,Devoted,DEVOTED GIVEBACK 024 NC (HMO),2027,Wellness programs,$150 per year,FL,,,
H5299-024-000,Devoted,DEVOTED GIVEBACK 024 NC (HMO),2027,Rx deductible,$650 tiers 3-5,FL,,,
H5299-024-000,Devoted,DEVOTED GIVEBACK 024 NC (HMO),2027,Rx retail (30-day),$0 / $5 / 25% / 25% / 26%,FL,,,
H5299-024-000,Devoted,DEVOTED GIVEBACK 024 NC (HMO),2027,Dental - allowance,$250 per year (Direct member reimbursement),FL,,,
H5299-024-000,Devoted,DEVOTED GIVEBACK 024 NC (HMO),2027,Vision - eyeglasses,$200 per year,FL,,,
H5299-024-000,Devoted,DEVOTED GIVEBACK 024 NC (HMO),2027,Hearing aids,$599-$899 copay per aid,FL,,,
H5299-024-000,Devoted,DEVOTED GIVEBACK 024 NC (HMO),2027,OTC allowance,Not covered,FL,,,
H5299-024-000,Devoted,DEVOTED GIVEBACK 024 NC (HMO),2027,Service area,"Wilmington (Bladen, Brunswick, Columbus, New Hanover, Pender)",FL,,,
H5299-024-000,Devoted,DEVOTED GIVEBACK 024 NC (HMO),2027,Key notes,"Higher giveback amount, less supplemental coverage. The Part B premium buydown benefit is designed for members who pay their own Medicare Part B premium. Members whose premium is paid by Medicaid or another assistance program will not benefit from the premium reduction. Processing through Social Security may take several months.",FL,,,
H5299-029-000,Devoted,DEVOTED CORE 029 NC (HMO),2027,Premium,$0.00,FL,,,
H5299-029-000,Devoted,DEVOTED CORE 029 NC (HMO),2027,Medical deductible,$0,FL,,,
H5299-029-000,Devoted,DEVOTED CORE 029 NC (HMO),2027,Max out-of-pocket,"$4,950",FL,,,
H5299-029-000,Devoted,DEVOTED CORE 029 NC (HMO),2027,PCP,$0 copay,FL,,,
H5299-029-000,Devoted,DEVOTED CORE 029 NC (HMO),2027,Specialist,$25 copay,FL,,,
H5299-029-000,Devoted,DEVOTED CORE 029 NC (HMO),2027,Referrals,No,FL,,,
H5299-029-000,Devoted,DEVOTED CORE 029 NC (HMO),2027,Inpatient hospital,"$470 per day for days 1-5, $0 days 6+",FL,,,
H5299-029-000,Devoted,DEVOTED CORE 029 NC (HMO),2027,Outpatient surgery (ASC),$395-$495 copay,FL,,,
H5299-029-000,Devoted,DEVOTED CORE 029 NC (HMO),2027,Emergency room,$130 copay,FL,,,
H5299-029-000,Devoted,DEVOTED CORE 029 NC (HMO),2027,Lab services,$0 copay,FL,,,
H5299-029-000,Devoted,DEVOTED CORE 029 NC (HMO),2027,Wellness programs,$150 per year,FL,,,
H5299-029-000,Devoted,DEVOTED CORE 029 NC (HMO),2027,Rx deductible,$650 tiers 3-5,FL,,,
H5299-029-000,Devoted,DEVOTED CORE 029 NC (HMO),2027,Rx retail (30-day),$0 / $2 / 25% / 25% / 26%,FL,,,
H5299-029-000,Devoted,DEVOTED CORE 029 NC (HMO),2027,Dental - allowance,"$3,750 per year (Direct member reimbursement)",FL,,,
H5299-029-000,Devoted,DEVOTED CORE 029 NC (HMO),2027,Vision - eyeglasses,$300 per year,FL,,,
H5299-029-000,Devoted,DEVOTED CORE 029 NC (HMO),2027,Hearing aids,$399-$699 copay per aid,FL,,,
H5299-029-000,Devoted,DEVOTED CORE 029 NC (HMO),2027,OTC allowance,$65 per quarter,FL,,,
H5299-029-000,Devoted,DEVOTED CORE 029 NC (HMO),2027,Service area,"Western North Carolina (Avery, Buncombe, Burke, Cherokee, Clay, Graham, Haywood, Henderson, Jackson, Macon, Madison, McDowell, Mitchell, Polk, Rutherford, Swain, Transylvania, Yancey)",FL,,,
H5299-029-000,Devoted,DEVOTED CORE 029 NC (HMO),2027,Key notes,-,FL,,,
H5299-030-000,Devoted,DEVOTED GIVEBACK 030 NC (HMO),2027,Premium,$0.00,FL,,,
H5299-030-000,Devoted,DEVOTED GIVEBACK 030 NC (HMO),2027,Medical deductible,$175,FL,,,
H5299-030-000,Devoted,DEVOTED GIVEBACK 030 NC (HMO),2027,Max out-of-pocket,"$9,850",FL,,,
H5299-030-000,Devoted,DEVOTED GIVEBACK 030 NC (HMO),2027,PCP,$0 copay,FL,,,
H5299-030-000,Devoted,DEVOTED GIVEBACK 030 NC (HMO),2027,Specialist,$45 copay,FL,,,
H5299-030-000,Devoted,DEVOTED GIVEBACK 030 NC (HMO),2027,Referrals,No,FL,,,
H5299-030-000,Devoted,DEVOTED GIVEBACK 030 NC (HMO),2027,Inpatient hospital,"$450 per day for days 1-5, $0 days 6+",FL,,,
H5299-030-000,Devoted,DEVOTED GIVEBACK 030 NC (HMO),2027,Outpatient surgery (ASC),$450-$550 copay,FL,,,
H5299-030-000,Devoted,DEVOTED GIVEBACK 030 NC (HMO),2027,Emergency room,$115 copay,FL,,,
H5299-030-000,Devoted,DEVOTED GIVEBACK 030 NC (HMO),2027,Lab services,$0 copay,FL,,,
H5299-030-000,Devoted,DEVOTED GIVEBACK 030 NC (HMO),2027,Wellness programs,$150 per year,FL,,,
H5299-030-000,Devoted,DEVOTED GIVEBACK 030 NC (HMO),2027,Rx deductible,$650 tiers 3-5,FL,,,
H5299-030-000,Devoted,DEVOTED GIVEBACK 030 NC (HMO),2027,Rx retail (30-day),$0 / $5 / 25% / 25% / 26%,FL,,,
H5299-030-000,Devoted,DEVOTED GIVEBACK 030 NC (HMO),2027,Dental - allowance,$250 per year (Direct member reimbursement),FL,,,
H5299-030-000,Devoted,DEVOTED GIVEBACK 030 NC (HMO),2027,Vision - eyeglasses,$200 per year,FL,,,
H5299-030-000,Devoted,DEVOTED GIVEBACK 030 NC (HMO),2027,Hearing aids,$599-$899 copay per aid,FL,,,
H5299-030-000,Devoted,DEVOTED GIVEBACK 030 NC (HMO),2027,OTC allowance,Not covered,FL,,,
H5299-030-000,Devoted,DEVOTED GIVEBACK 030 NC (HMO),2027,Service area,"Western North Carolina (Avery, Buncombe, Burke, Cherokee, Clay, Graham, Haywood, Henderson, Jackson, Macon, Madison, McDowell, Mitchell, Polk, Rutherford, Swain, Transylvania, Yancey)",FL,,,
H5299-030-000,Devoted,DEVOTED GIVEBACK 030 NC (HMO),2027,Key notes,"Higher giveback amount, less supplemental coverage. The Part B premium buydown benefit is designed for members who pay their own Medicare Part B premium. Members whose premium is paid by Medicaid or another assistance program will not benefit from the premium reduction. Processing through Social Security may take several months.",FL,,,
H5299-031-000,Devoted,DEVOTED C-SNP GIVEBACK EXTRAS 031 NC (HMO C-SNP),2027,Premium,$0.00,FL,,,
H5299-031-000,Devoted,DEVOTED C-SNP GIVEBACK EXTRAS 031 NC (HMO C-SNP),2027,Medical deductible,$150,FL,,,
H5299-031-000,Devoted,DEVOTED C-SNP GIVEBACK EXTRAS 031 NC (HMO C-SNP),2027,Max out-of-pocket,"$7,050",FL,,,
H5299-031-000,Devoted,DEVOTED C-SNP GIVEBACK EXTRAS 031 NC (HMO C-SNP),2027,PCP,$0 copay,FL,,,
H5299-031-000,Devoted,DEVOTED C-SNP GIVEBACK EXTRAS 031 NC (HMO C-SNP),2027,Specialist,$40 copay,FL,,,
H5299-031-000,Devoted,DEVOTED C-SNP GIVEBACK EXTRAS 031 NC (HMO C-SNP),2027,Referrals,No,FL,,,
H5299-031-000,Devoted,DEVOTED C-SNP GIVEBACK EXTRAS 031 NC (HMO C-SNP),2027,Inpatient hospital,"$550 per day for days 1-5, $0 days 6+",FL,,,
H5299-031-000,Devoted,DEVOTED C-SNP GIVEBACK EXTRAS 031 NC (HMO C-SNP),2027,Outpatient surgery (ASC),$455-$555 copay,FL,,,
H5299-031-000,Devoted,DEVOTED C-SNP GIVEBACK EXTRAS 031 NC (HMO C-SNP),2027,Emergency room,$130 copay,FL,,,
H5299-031-000,Devoted,DEVOTED C-SNP GIVEBACK EXTRAS 031 NC (HMO C-SNP),2027,Lab services,$0 copay,FL,,,
H5299-031-000,Devoted,DEVOTED C-SNP GIVEBACK EXTRAS 031 NC (HMO C-SNP),2027,Wellness programs,$150 per year,FL,,,
H5299-031-000,Devoted,DEVOTED C-SNP GIVEBACK EXTRAS 031 NC (HMO C-SNP),2027,Rx deductible,$700 tiers 3-5,FL,,,
H5299-031-000,Devoted,DEVOTED C-SNP GIVEBACK EXTRAS 031 NC (HMO C-SNP),2027,Rx retail (30-day),$0 / $2 / 25% / 25% / 25%,FL,,,
H5299-031-000,Devoted,DEVOTED C-SNP GIVEBACK EXTRAS 031 NC (HMO C-SNP),2027,Dental - allowance,"$4,250 per year (Direct member reimbursement)",FL,,,
H5299-031-000,Devoted,DEVOTED C-SNP GIVEBACK EXTRAS 031 NC (HMO C-SNP),2027,Vision - eyeglasses,$350 per year,FL,,,
H5299-031-000,Devoted,DEVOTED C-SNP GIVEBACK EXTRAS 031 NC (HMO C-SNP),2027,Hearing aids,$599-$899 copay per aid,FL,,,
H5299-031-000,Devoted,DEVOTED C-SNP GIVEBACK EXTRAS 031 NC (HMO C-SNP),2027,OTC allowance,$138 per quarter,FL,,,
H5299-031-000,Devoted,DEVOTED C-SNP GIVEBACK EXTRAS 031 NC (HMO C-SNP),2027,Service area,"Charlotte (Alexander, Anson, Cabarrus, Caldwell, Catawba, Cleveland, Gaston, Iredell, Lincoln, Mecklenburg, Montgomery, Rowan, Stanly, Union)",FL,,,
H5299-031-000,Devoted,DEVOTED C-SNP GIVEBACK EXTRAS 031 NC (HMO C-SNP),2027,Key notes,"The Part B premium buydown benefit is designed for members who pay their own Medicare Part B premium. Members whose premium is paid by Medicaid or another assistance program will not benefit from the premium reduction. Processing through Social Security may take several months. To avoid disenrollment, members must submit their portion of the C-SNP form with their enrollment form, and have their provider complete their section within 2 months.",FL,,,
H5299-032-000,Devoted,DEVOTED C-SNP GIVEBACK EXTRAS 032 NC (HMO C-SNP),2027,Premium,$0.00,FL,,,
H5299-032-000,Devoted,DEVOTED C-SNP GIVEBACK EXTRAS 032 NC (HMO C-SNP),2027,Medical deductible,$150,FL,,,
H5299-032-000,Devoted,DEVOTED C-SNP GIVEBACK EXTRAS 032 NC (HMO C-SNP),2027,Max out-of-pocket,"$5,700",FL,,,
H5299-032-000,Devoted,DEVOTED C-SNP GIVEBACK EXTRAS 032 NC (HMO C-SNP),2027,PCP,$0 copay,FL,,,
H5299-032-000,Devoted,DEVOTED C-SNP GIVEBACK EXTRAS 032 NC (HMO C-SNP),2027,Specialist,$40 copay,FL,,,
H5299-032-000,Devoted,DEVOTED C-SNP GIVEBACK EXTRAS 032 NC (HMO C-SNP),2027,Referrals,No,FL,,,
H5299-032-000,Devoted,DEVOTED C-SNP GIVEBACK EXTRAS 032 NC (HMO C-SNP),2027,Inpatient hospital,"$550 per day for days 1-5, $0 days 6+",FL,,,
H5299-032-000,Devoted,DEVOTED C-SNP GIVEBACK EXTRAS 032 NC (HMO C-SNP),2027,Outpatient surgery (ASC),$360-$460 copay,FL,,,
H5299-032-000,Devoted,DEVOTED C-SNP GIVEBACK EXTRAS 032 NC (HMO C-SNP),2027,Emergency room,$130 copay,FL,,,
H5299-032-000,Devoted,DEVOTED C-SNP GIVEBACK EXTRAS 032 NC (HMO C-SNP),2027,Lab services,$0 copay,FL,,,
H5299-032-000,Devoted,DEVOTED C-SNP GIVEBACK EXTRAS 032 NC (HMO C-SNP),2027,Wellness programs,$150 per year,FL,,,
H5299-032-000,Devoted,DEVOTED C-SNP GIVEBACK EXTRAS 032 NC (HMO C-SNP),2027,Rx deductible,$700 tiers 3-5,FL,,,
H5299-032-000,Devoted,DEVOTED C-SNP GIVEBACK EXTRAS 032 NC (HMO C-SNP),2027,Rx retail (30-day),$0 / $2 / 25% / 25% / 25%,FL,,,
H5299-032-000,Devoted,DEVOTED C-SNP GIVEBACK EXTRAS 032 NC (HMO C-SNP),2027,Dental - allowance,"$2,500 per year (Direct member reimbursement)",FL,,,
H5299-032-000,Devoted,DEVOTED C-SNP GIVEBACK EXTRAS 032 NC (HMO C-SNP),2027,Vision - eyeglasses,$350 per year,FL,,,
H5299-032-000,Devoted,DEVOTED C-SNP GIVEBACK EXTRAS 032 NC (HMO C-SNP),2027,Hearing aids,$599-$899 copay per aid,FL,,,
H5299-032-000,Devoted,DEVOTED C-SNP GIVEBACK EXTRAS 032 NC (HMO C-SNP),2027,OTC allowance,$135 per quarter,FL,,,
H5299-032-000,Devoted,DEVOTED C-SNP GIVEBACK EXTRAS 032 NC (HMO C-SNP),2027,Service area,"Greensboro (Alamance, Caswell, Guilford, Person, Randolph, Rockingham); Winston-Salem (Davidson, Davie, Forsyth, Stokes, Yadkin)",FL,,,
H5299-032-000,Devoted,DEVOTED C-SNP GIVEBACK EXTRAS 032 NC (HMO C-SNP),2027,Key notes,"The Part B premium buydown benefit is designed for members who pay their own Medicare Part B premium. Members whose premium is paid by Medicaid or another assistance program will not benefit from the premium reduction. Processing through Social Security may take several months. To avoid disenrollment, members must submit their portion of the C-SNP form with their enrollment form, and have their provider complete their section within 2 months.",FL,,,
H5299-033-000,Devoted,DEVOTED C-SNP GIVEBACK EXTRAS 033 NC (HMO C-SNP),2027,Premium,$0.00,FL,,,
H5299-033-000,Devoted,DEVOTED C-SNP GIVEBACK EXTRAS 033 NC (HMO C-SNP),2027,Medical deductible,$130,FL,,,
H5299-033-000,Devoted,DEVOTED C-SNP GIVEBACK EXTRAS 033 NC (HMO C-SNP),2027,Max out-of-pocket,"$7,100",FL,,,
H5299-033-000,Devoted,DEVOTED C-SNP GIVEBACK EXTRAS 033 NC (HMO C-SNP),2027,PCP,$0 copay,FL,,,
H5299-033-000,Devoted,DEVOTED C-SNP GIVEBACK EXTRAS 033 NC (HMO C-SNP),2027,Specialist,$35 copay,FL,,,
H5299-033-000,Devoted,DEVOTED C-SNP GIVEBACK EXTRAS 033 NC (HMO C-SNP),2027,Referrals,No,FL,,,
H5299-033-000,Devoted,DEVOTED C-SNP GIVEBACK EXTRAS 033 NC (HMO C-SNP),2027,Inpatient hospital,"$550 per day for days 1-5, $0 days 6+",FL,,,
H5299-033-000,Devoted,DEVOTED C-SNP GIVEBACK EXTRAS 033 NC (HMO C-SNP),2027,Outpatient surgery (ASC),$400-$500 copay,FL,,,
H5299-033-000,Devoted,DEVOTED C-SNP GIVEBACK EXTRAS 033 NC (HMO C-SNP),2027,Emergency room,$130 copay,FL,,,
H5299-033-000,Devoted,DEVOTED C-SNP GIVEBACK EXTRAS 033 NC (HMO C-SNP),2027,Lab services,$0 copay,FL,,,
H5299-033-000,Devoted,DEVOTED C-SNP GIVEBACK EXTRAS 033 NC (HMO C-SNP),2027,Wellness programs,$150 per year,FL,,,
H5299-033-000,Devoted,DEVOTED C-SNP GIVEBACK EXTRAS 033 NC (HMO C-SNP),2027,Rx deductible,$700 tiers 3-5,FL,,,
H5299-033-000,Devoted,DEVOTED C-SNP GIVEBACK EXTRAS 033 NC (HMO C-SNP),2027,Rx retail (30-day),$0 / $2 / 25% / 25% / 25%,FL,,,
H5299-033-000,Devoted,DEVOTED C-SNP GIVEBACK EXTRAS 033 NC (HMO C-SNP),2027,Dental - allowance,"$4,000 per year (Direct member reimbursement)",FL,,,
H5299-033-000,Devoted,DEVOTED C-SNP GIVEBACK EXTRAS 033 NC (HMO C-SNP),2027,Vision - eyeglasses,$350 per year,FL,,,
H5299-033-000,Devoted,DEVOTED C-SNP GIVEBACK EXTRAS 033 NC (HMO C-SNP),2027,Hearing aids,$599-$899 copay per aid,FL,,,
H5299-033-000,Devoted,DEVOTED C-SNP GIVEBACK EXTRAS 033 NC (HMO C-SNP),2027,OTC allowance,$200 per quarter,FL,,,
H5299-033-000,Devoted,DEVOTED C-SNP GIVEBACK EXTRAS 033 NC (HMO C-SNP),2027,Service area,"Wilmington (Bladen, Brunswick, Columbus, New Hanover, Pender)",FL,,,
H5299-033-000,Devoted,DEVOTED C-SNP GIVEBACK EXTRAS 033 NC (HMO C-SNP),2027,Key notes,"The Part B premium buydown benefit is designed for members who pay their own Medicare Part B premium. Members whose premium is paid by Medicaid or another assistance program will not benefit from the premium reduction. Processing through Social Security may take several months. To avoid disenrollment, members must submit their portion of the C-SNP form with their enrollment form, and have their provider complete their section within 2 months.",FL,,,
H5299-034-000,Devoted,DEVOTED C-SNP GIVEBACK EXTRAS 034 NC (HMO C-SNP),2027,Premium,$0.00,FL,,,
H5299-034-000,Devoted,DEVOTED C-SNP GIVEBACK EXTRAS 034 NC (HMO C-SNP),2027,Medical deductible,$130,FL,,,
H5299-034-000,Devoted,DEVOTED C-SNP GIVEBACK EXTRAS 034 NC (HMO C-SNP),2027,Max out-of-pocket,"$7,150",FL,,,
H5299-034-000,Devoted,DEVOTED C-SNP GIVEBACK EXTRAS 034 NC (HMO C-SNP),2027,PCP,$0 copay,FL,,,
H5299-034-000,Devoted,DEVOTED C-SNP GIVEBACK EXTRAS 034 NC (HMO C-SNP),2027,Specialist,$40 copay,FL,,,
H5299-034-000,Devoted,DEVOTED C-SNP GIVEBACK EXTRAS 034 NC (HMO C-SNP),2027,Referrals,No,FL,,,
H5299-034-000,Devoted,DEVOTED C-SNP GIVEBACK EXTRAS 034 NC (HMO C-SNP),2027,Inpatient hospital,"$550 per day for days 1-5, $0 days 6+",FL,,,
H5299-034-000,Devoted,DEVOTED C-SNP GIVEBACK EXTRAS 034 NC (HMO C-SNP),2027,Outpatient surgery (ASC),$430-$530 copay,FL,,,
H5299-034-000,Devoted,DEVOTED C-SNP GIVEBACK EXTRAS 034 NC (HMO C-SNP),2027,Emergency room,$130 copay,FL,,,
H5299-034-000,Devoted,DEVOTED C-SNP GIVEBACK EXTRAS 034 NC (HMO C-SNP),2027,Lab services,$0 copay,FL,,,
H5299-034-000,Devoted,DEVOTED C-SNP GIVEBACK EXTRAS 034 NC (HMO C-SNP),2027,Wellness programs,$150 per year,FL,,,
H5299-034-000,Devoted,DEVOTED C-SNP GIVEBACK EXTRAS 034 NC (HMO C-SNP),2027,Rx deductible,$700 tiers 3-5,FL,,,
H5299-034-000,Devoted,DEVOTED C-SNP GIVEBACK EXTRAS 034 NC (HMO C-SNP),2027,Rx retail (30-day),$0 / $2 / 25% / 25% / 25%,FL,,,
H5299-034-000,Devoted,DEVOTED C-SNP GIVEBACK EXTRAS 034 NC (HMO C-SNP),2027,Dental - allowance,"$4,000 per year (Direct member reimbursement)",FL,,,
H5299-034-000,Devoted,DEVOTED C-SNP GIVEBACK EXTRAS 034 NC (HMO C-SNP),2027,Vision - eyeglasses,$350 per year,FL,,,
H5299-034-000,Devoted,DEVOTED C-SNP GIVEBACK EXTRAS 034 NC (HMO C-SNP),2027,Hearing aids,$599-$899 copay per aid,FL,,,
H5299-034-000,Devoted,DEVOTED C-SNP GIVEBACK EXTRAS 034 NC (HMO C-SNP),2027,OTC allowance,$159 per quarter,FL,,,
H5299-034-000,Devoted,DEVOTED C-SNP GIVEBACK EXTRAS 034 NC (HMO C-SNP),2027,Service area,"Western North Carolina (Avery, Buncombe, Burke, Cherokee, Clay, Graham, Haywood, Henderson, Jackson, Macon, Madison, McDowell, Mitchell, Polk, Rutherford, Swain, Transylvania, Yancey)",FL,,,
H5299-034-000,Devoted,DEVOTED C-SNP GIVEBACK EXTRAS 034 NC (HMO C-SNP),2027,Key notes,"The Part B premium buydown benefit is designed for members who pay their own Medicare Part B premium. Members whose premium is paid by Medicaid or another assistance program will not benefit from the premium reduction. Processing through Social Security may take several months. To avoid disenrollment, members must submit their portion of the C-SNP form with their enrollment form, and have their provider complete their section within 2 months.",FL,,,
H5299-037-000,Devoted,DEVOTED CORE 037 NC (HMO),2027,Premium,$0.00,FL,,,
H5299-037-000,Devoted,DEVOTED CORE 037 NC (HMO),2027,Medical deductible,$0,FL,,,
H5299-037-000,Devoted,DEVOTED CORE 037 NC (HMO),2027,Max out-of-pocket,"$4,950",FL,,,
H5299-037-000,Devoted,DEVOTED CORE 037 NC (HMO),2027,PCP,$0 copay,FL,,,
H5299-037-000,Devoted,DEVOTED CORE 037 NC (HMO),2027,Specialist,$35 copay,FL,,,
H5299-037-000,Devoted,DEVOTED CORE 037 NC (HMO),2027,Referrals,No,FL,,,
H5299-037-000,Devoted,DEVOTED CORE 037 NC (HMO),2027,Inpatient hospital,"$455 per day for days 1-6, $0 days 7+",FL,,,
H5299-037-000,Devoted,DEVOTED CORE 037 NC (HMO),2027,Outpatient surgery (ASC),$385-$485 copay,FL,,,
H5299-037-000,Devoted,DEVOTED CORE 037 NC (HMO),2027,Emergency room,$130 copay,FL,,,
H5299-037-000,Devoted,DEVOTED CORE 037 NC (HMO),2027,Lab services,$0 copay,FL,,,
H5299-037-000,Devoted,DEVOTED CORE 037 NC (HMO),2027,Wellness programs,$150 per year,FL,,,
H5299-037-000,Devoted,DEVOTED CORE 037 NC (HMO),2027,Rx deductible,$650 tiers 3-5,FL,,,
H5299-037-000,Devoted,DEVOTED CORE 037 NC (HMO),2027,Rx retail (30-day),$0 / $2 / 25% / 25% / 26%,FL,,,
H5299-037-000,Devoted,DEVOTED CORE 037 NC (HMO),2027,Dental - allowance,"$4,000 per year (Direct member reimbursement)",FL,,,
H5299-037-000,Devoted,DEVOTED CORE 037 NC (HMO),2027,Vision - eyeglasses,$300 per year,FL,,,
H5299-037-000,Devoted,DEVOTED CORE 037 NC (HMO),2027,Hearing aids,$399-$699 copay per aid,FL,,,
H5299-037-000,Devoted,DEVOTED CORE 037 NC (HMO),2027,OTC allowance,$50 per quarter,FL,,,
H5299-037-000,Devoted,DEVOTED CORE 037 NC (HMO),2027,Service area,"Charlotte (Alexander, Anson, Cabarrus, Caldwell, Catawba, Cleveland, Gaston, Iredell, Lincoln, Mecklenburg, Montgomery, Rowan, Stanly, Union)",FL,,,
H5299-037-000,Devoted,DEVOTED CORE 037 NC (HMO),2027,Key notes,-,FL,,,
H5299-038-000,Devoted,DEVOTED GIVEBACK EXTRAS 038 NC (HMO),2027,Premium,$0.00,FL,,,
H5299-038-000,Devoted,DEVOTED GIVEBACK EXTRAS 038 NC (HMO),2027,Medical deductible,$150,FL,,,
H5299-038-000,Devoted,DEVOTED GIVEBACK EXTRAS 038 NC (HMO),2027,Max out-of-pocket,"$5,700",FL,,,
H5299-038-000,Devoted,DEVOTED GIVEBACK EXTRAS 038 NC (HMO),2027,PCP,$0 copay,FL,,,
H5299-038-000,Devoted,DEVOTED GIVEBACK EXTRAS 038 NC (HMO),2027,Specialist,$40 copay,FL,,,
H5299-038-000,Devoted,DEVOTED GIVEBACK EXTRAS 038 NC (HMO),2027,Referrals,No,FL,,,
H5299-038-000,Devoted,DEVOTED GIVEBACK EXTRAS 038 NC (HMO),2027,Inpatient hospital,"$435 per day for days 1-5, $0 days 6+",FL,,,
H5299-038-000,Devoted,DEVOTED GIVEBACK EXTRAS 038 NC (HMO),2027,Outpatient surgery (ASC),$360-$460 copay,FL,,,
H5299-038-000,Devoted,DEVOTED GIVEBACK EXTRAS 038 NC (HMO),2027,Emergency room,$130 copay,FL,,,
H5299-038-000,Devoted,DEVOTED GIVEBACK EXTRAS 038 NC (HMO),2027,Lab services,$0 copay,FL,,,
H5299-038-000,Devoted,DEVOTED GIVEBACK EXTRAS 038 NC (HMO),2027,Wellness programs,$150 per year,FL,,,
H5299-038-000,Devoted,DEVOTED GIVEBACK EXTRAS 038 NC (HMO),2027,Rx deductible,$700 tiers 3-5,FL,,,
H5299-038-000,Devoted,DEVOTED GIVEBACK EXTRAS 038 NC (HMO),2027,Rx retail (30-day),$0 / $2 / 25% / 25% / 25%,FL,,,
H5299-038-000,Devoted,DEVOTED GIVEBACK EXTRAS 038 NC (HMO),2027,Dental - allowance,"$2,500 per year (Direct member reimbursement)",FL,,,
H5299-038-000,Devoted,DEVOTED GIVEBACK EXTRAS 038 NC (HMO),2027,Vision - eyeglasses,$350 per year,FL,,,
H5299-038-000,Devoted,DEVOTED GIVEBACK EXTRAS 038 NC (HMO),2027,Hearing aids,$599-$899 copay per aid,FL,,,
H5299-038-000,Devoted,DEVOTED GIVEBACK EXTRAS 038 NC (HMO),2027,OTC allowance,$150 per quarter,FL,,,
H5299-038-000,Devoted,DEVOTED GIVEBACK EXTRAS 038 NC (HMO),2027,Service area,"Greensboro (Alamance, Caswell, Guilford, Person, Randolph, Rockingham); Winston-Salem (Davidson, Davie, Forsyth, Stokes, Yadkin)",FL,,,
H5299-038-000,Devoted,DEVOTED GIVEBACK EXTRAS 038 NC (HMO),2027,Key notes,"Lower giveback amount, extra supplemental coverage. The Part B premium buydown benefit is designed for members who pay their own Medicare Part B premium. Members whose premium is paid by Medicaid or another assistance program will not benefit from the premium reduction. Processing through Social Security may take several months.",FL,,,
H5299-039-000,Devoted,DEVOTED GIVEBACK EXTRAS 039 NC (HMO),2027,Premium,$0.00,FL,,,
H5299-039-000,Devoted,DEVOTED GIVEBACK EXTRAS 039 NC (HMO),2027,Medical deductible,$150,FL,,,
H5299-039-000,Devoted,DEVOTED GIVEBACK EXTRAS 039 NC (HMO),2027,Max out-of-pocket,"$7,050",FL,,,
H5299-039-000,Devoted,DEVOTED GIVEBACK EXTRAS 039 NC (HMO),2027,PCP,$0 copay,FL,,,
H5299-039-000,Devoted,DEVOTED GIVEBACK EXTRAS 039 NC (HMO),2027,Specialist,$40 copay,FL,,,
H5299-039-000,Devoted,DEVOTED GIVEBACK EXTRAS 039 NC (HMO),2027,Referrals,No,FL,,,
H5299-039-000,Devoted,DEVOTED GIVEBACK EXTRAS 039 NC (HMO),2027,Inpatient hospital,"$530 per day for days 1-5, $0 days 6+",FL,,,
H5299-039-000,Devoted,DEVOTED GIVEBACK EXTRAS 039 NC (HMO),2027,Outpatient surgery (ASC),$455-$555 copay,FL,,,
H5299-039-000,Devoted,DEVOTED GIVEBACK EXTRAS 039 NC (HMO),2027,Emergency room,$130 copay,FL,,,
H5299-039-000,Devoted,DEVOTED GIVEBACK EXTRAS 039 NC (HMO),2027,Lab services,$0 copay,FL,,,
H5299-039-000,Devoted,DEVOTED GIVEBACK EXTRAS 039 NC (HMO),2027,Wellness programs,$150 per year,FL,,,
H5299-039-000,Devoted,DEVOTED GIVEBACK EXTRAS 039 NC (HMO),2027,Rx deductible,$700 tiers 3-5,FL,,,
H5299-039-000,Devoted,DEVOTED GIVEBACK EXTRAS 039 NC (HMO),2027,Rx retail (30-day),$0 / $2 / 25% / 25% / 25%,FL,,,
H5299-039-000,Devoted,DEVOTED GIVEBACK EXTRAS 039 NC (HMO),2027,Dental - allowance,"$4,250 per year (Direct member reimbursement)",FL,,,
H5299-039-000,Devoted,DEVOTED GIVEBACK EXTRAS 039 NC (HMO),2027,Vision - eyeglasses,$350 per year,FL,,,
H5299-039-000,Devoted,DEVOTED GIVEBACK EXTRAS 039 NC (HMO),2027,Hearing aids,$599-$899 copay per aid,FL,,,
H5299-039-000,Devoted,DEVOTED GIVEBACK EXTRAS 039 NC (HMO),2027,OTC allowance,$150 per quarter,FL,,,
H5299-039-000,Devoted,DEVOTED GIVEBACK EXTRAS 039 NC (HMO),2027,Service area,"Charlotte (Alexander, Anson, Cabarrus, Caldwell, Catawba, Cleveland, Gaston, Iredell, Lincoln, Mecklenburg, Montgomery, Rowan, Stanly, Union)",FL,,,
H5299-039-000,Devoted,DEVOTED GIVEBACK EXTRAS 039 NC (HMO),2027,Key notes,"Lower giveback amount, extra supplemental coverage. The Part B premium buydown benefit is designed for members who pay their own Medicare Part B premium. Members whose premium is paid by Medicaid or another assistance program will not benefit from the premium reduction. Processing through Social Security may take several months.",FL,,,
H5299-041-000,Devoted,DEVOTED GIVEBACK EXTRAS 041 NC (HMO),2027,Premium,$0.00,FL,,,
H5299-041-000,Devoted,DEVOTED GIVEBACK EXTRAS 041 NC (HMO),2027,Medical deductible,$270,FL,,,
H5299-041-000,Devoted,DEVOTED GIVEBACK EXTRAS 041 NC (HMO),2027,Max out-of-pocket,"$6,750",FL,,,
H5299-041-000,Devoted,DEVOTED GIVEBACK EXTRAS 041 NC (HMO),2027,PCP,$0 copay,FL,,,
H5299-041-000,Devoted,DEVOTED GIVEBACK EXTRAS 041 NC (HMO),2027,Specialist,$40 copay,FL,,,
H5299-041-000,Devoted,DEVOTED GIVEBACK EXTRAS 041 NC (HMO),2027,Referrals,No,FL,,,
H5299-041-000,Devoted,DEVOTED GIVEBACK EXTRAS 041 NC (HMO),2027,Inpatient hospital,"$530 per day for days 1-5, $0 days 6+",FL,,,
H5299-041-000,Devoted,DEVOTED GIVEBACK EXTRAS 041 NC (HMO),2027,Outpatient surgery (ASC),$455-$555 copay,FL,,,
H5299-041-000,Devoted,DEVOTED GIVEBACK EXTRAS 041 NC (HMO),2027,Emergency room,$130 copay,FL,,,
H5299-041-000,Devoted,DEVOTED GIVEBACK EXTRAS 041 NC (HMO),2027,Lab services,$0 copay,FL,,,
H5299-041-000,Devoted,DEVOTED GIVEBACK EXTRAS 041 NC (HMO),2027,Wellness programs,$150 per year,FL,,,
H5299-041-000,Devoted,DEVOTED GIVEBACK EXTRAS 041 NC (HMO),2027,Rx deductible,$700 tiers 3-5,FL,,,
H5299-041-000,Devoted,DEVOTED GIVEBACK EXTRAS 041 NC (HMO),2027,Rx retail (30-day),$0 / $2 / 25% / 25% / 25%,FL,,,
H5299-041-000,Devoted,DEVOTED GIVEBACK EXTRAS 041 NC (HMO),2027,Dental - allowance,"$4,000 per year (Direct member reimbursement)",FL,,,
H5299-041-000,Devoted,DEVOTED GIVEBACK EXTRAS 041 NC (HMO),2027,Vision - eyeglasses,$300 per year,FL,,,
H5299-041-000,Devoted,DEVOTED GIVEBACK EXTRAS 041 NC (HMO),2027,Hearing aids,$599-$899 copay per aid,FL,,,
H5299-041-000,Devoted,DEVOTED GIVEBACK EXTRAS 041 NC (HMO),2027,OTC allowance,$150 per quarter,FL,,,
H5299-041-000,Devoted,DEVOTED GIVEBACK EXTRAS 041 NC (HMO),2027,Service area,"Northwest North Carolina (Alleghany, Ashe, Surry, Wilkes)",FL,,,
H5299-041-000,Devoted,DEVOTED GIVEBACK EXTRAS 041 NC (HMO),2027,Key notes,"Lower giveback amount, extra supplemental coverage. The Part B premium buydown benefit is designed for members who pay their own Medicare Part B premium. Members whose premium is paid by Medicaid or another assistance program will not benefit from the premium reduction. Processing through Social Security may take several months.",FL,,,
H5299-042-000,Devoted,DEVOTED GIVEBACK EXTRAS 042 NC (HMO),2027,Premium,$0.00,FL,,,
H5299-042-000,Devoted,DEVOTED GIVEBACK EXTRAS 042 NC (HMO),2027,Medical deductible,$130,FL,,,
H5299-042-000,Devoted,DEVOTED GIVEBACK EXTRAS 042 NC (HMO),2027,Max out-of-pocket,"$7,100",FL,,,
H5299-042-000,Devoted,DEVOTED GIVEBACK EXTRAS 042 NC (HMO),2027,PCP,$0 copay,FL,,,
H5299-042-000,Devoted,DEVOTED GIVEBACK EXTRAS 042 NC (HMO),2027,Specialist,$35 copay,FL,,,
H5299-042-000,Devoted,DEVOTED GIVEBACK EXTRAS 042 NC (HMO),2027,Referrals,No,FL,,,
H5299-042-000,Devoted,DEVOTED GIVEBACK EXTRAS 042 NC (HMO),2027,Inpatient hospital,"$475 per day for days 1-5, $0 days 6+",FL,,,
H5299-042-000,Devoted,DEVOTED GIVEBACK EXTRAS 042 NC (HMO),2027,Outpatient surgery (ASC),$400-$500 copay,FL,,,
H5299-042-000,Devoted,DEVOTED GIVEBACK EXTRAS 042 NC (HMO),2027,Emergency room,$130 copay,FL,,,
H5299-042-000,Devoted,DEVOTED GIVEBACK EXTRAS 042 NC (HMO),2027,Lab services,$0 copay,FL,,,
H5299-042-000,Devoted,DEVOTED GIVEBACK EXTRAS 042 NC (HMO),2027,Wellness programs,$150 per year,FL,,,
H5299-042-000,Devoted,DEVOTED GIVEBACK EXTRAS 042 NC (HMO),2027,Rx deductible,$700 tiers 3-5,FL,,,
H5299-042-000,Devoted,DEVOTED GIVEBACK EXTRAS 042 NC (HMO),2027,Rx retail (30-day),$0 / $2 / 25% / 25% / 25%,FL,,,
H5299-042-000,Devoted,DEVOTED GIVEBACK EXTRAS 042 NC (HMO),2027,Dental - allowance,"$4,000 per year (Direct member reimbursement)",FL,,,
H5299-042-000,Devoted,DEVOTED GIVEBACK EXTRAS 042 NC (HMO),2027,Vision - eyeglasses,$350 per year,FL,,,
H5299-042-000,Devoted,DEVOTED GIVEBACK EXTRAS 042 NC (HMO),2027,Hearing aids,$599-$899 copay per aid,FL,,,
H5299-042-000,Devoted,DEVOTED GIVEBACK EXTRAS 042 NC (HMO),2027,OTC allowance,$200 per quarter,FL,,,
H5299-042-000,Devoted,DEVOTED GIVEBACK EXTRAS 042 NC (HMO),2027,Service area,"Wilmington (Bladen, Brunswick, Columbus, New Hanover, Pender)",FL,,,
H5299-042-000,Devoted,DEVOTED GIVEBACK EXTRAS 042 NC (HMO),2027,Key notes,"Lower giveback amount, extra supplemental coverage. The Part B premium buydown benefit is designed for members who pay their own Medicare Part B premium. Members whose premium is paid by Medicaid or another assistance program will not benefit from the premium reduction. Processing through Social Security may take several months.",FL,,,
H5299-044-000,Devoted,DEVOTED GIVEBACK EXTRAS 044 NC (HMO),2027,Premium,$0.00,FL,,,
H5299-044-000,Devoted,DEVOTED GIVEBACK EXTRAS 044 NC (HMO),2027,Medical deductible,$130,FL,,,
H5299-044-000,Devoted,DEVOTED GIVEBACK EXTRAS 044 NC (HMO),2027,Max out-of-pocket,"$7,150",FL,,,
H5299-044-000,Devoted,DEVOTED GIVEBACK EXTRAS 044 NC (HMO),2027,PCP,$0 copay,FL,,,
H5299-044-000,Devoted,DEVOTED GIVEBACK EXTRAS 044 NC (HMO),2027,Specialist,$40 copay,FL,,,
H5299-044-000,Devoted,DEVOTED GIVEBACK EXTRAS 044 NC (HMO),2027,Referrals,No,FL,,,
H5299-044-000,Devoted,DEVOTED GIVEBACK EXTRAS 044 NC (HMO),2027,Inpatient hospital,"$505 per day for days 1-5, $0 days 6+",FL,,,
H5299-044-000,Devoted,DEVOTED GIVEBACK EXTRAS 044 NC (HMO),2027,Outpatient surgery (ASC),$430-$530 copay,FL,,,
H5299-044-000,Devoted,DEVOTED GIVEBACK EXTRAS 044 NC (HMO),2027,Emergency room,$130 copay,FL,,,
H5299-044-000,Devoted,DEVOTED GIVEBACK EXTRAS 044 NC (HMO),2027,Lab services,$0 copay,FL,,,
H5299-044-000,Devoted,DEVOTED GIVEBACK EXTRAS 044 NC (HMO),2027,Wellness programs,$150 per year,FL,,,
H5299-044-000,Devoted,DEVOTED GIVEBACK EXTRAS 044 NC (HMO),2027,Rx deductible,$700 tiers 3-5,FL,,,
H5299-044-000,Devoted,DEVOTED GIVEBACK EXTRAS 044 NC (HMO),2027,Rx retail (30-day),$0 / $2 / 25% / 25% / 25%,FL,,,
H5299-044-000,Devoted,DEVOTED GIVEBACK EXTRAS 044 NC (HMO),2027,Dental - allowance,"$4,000 per year (Direct member reimbursement)",FL,,,
H5299-044-000,Devoted,DEVOTED GIVEBACK EXTRAS 044 NC (HMO),2027,Vision - eyeglasses,$350 per year,FL,,,
H5299-044-000,Devoted,DEVOTED GIVEBACK EXTRAS 044 NC (HMO),2027,Hearing aids,$599-$899 copay per aid,FL,,,
H5299-044-000,Devoted,DEVOTED GIVEBACK EXTRAS 044 NC (HMO),2027,OTC allowance,$165 per quarter,FL,,,
H5299-044-000,Devoted,DEVOTED GIVEBACK EXTRAS 044 NC (HMO),2027,Service area,"Western North Carolina (Avery, Buncombe, Burke, Cherokee, Clay, Graham, Haywood, Henderson, Jackson, Macon, Madison, McDowell, Mitchell, Polk, Rutherford, Swain, Transylvania, Yancey)",FL,,,
H5299-044-000,Devoted,DEVOTED GIVEBACK EXTRAS 044 NC (HMO),2027,Key notes,"Lower giveback amount, extra supplemental coverage. The Part B premium buydown benefit is designed for members who pay their own Medicare Part B premium. Members whose premium is paid by Medicaid or another assistance program will not benefit from the premium reduction. Processing through Social Security may take several months.",FL,,,
H5299-045-000,Devoted,DEVOTED C-SNP GIVEBACK EXTRAS 045 NC (HMO C-SNP),2027,Premium,$0.00,FL,,,
H5299-045-000,Devoted,DEVOTED C-SNP GIVEBACK EXTRAS 045 NC (HMO C-SNP),2027,Medical deductible,$270,FL,,,
H5299-045-000,Devoted,DEVOTED C-SNP GIVEBACK EXTRAS 045 NC (HMO C-SNP),2027,Max out-of-pocket,"$6,750",FL,,,
H5299-045-000,Devoted,DEVOTED C-SNP GIVEBACK EXTRAS 045 NC (HMO C-SNP),2027,PCP,$0 copay,FL,,,
H5299-045-000,Devoted,DEVOTED C-SNP GIVEBACK EXTRAS 045 NC (HMO C-SNP),2027,Specialist,$40 copay,FL,,,
H5299-045-000,Devoted,DEVOTED C-SNP GIVEBACK EXTRAS 045 NC (HMO C-SNP),2027,Referrals,No,FL,,,
H5299-045-000,Devoted,DEVOTED C-SNP GIVEBACK EXTRAS 045 NC (HMO C-SNP),2027,Inpatient hospital,"$550 per day for days 1-5, $0 days 6+",FL,,,
H5299-045-000,Devoted,DEVOTED C-SNP GIVEBACK EXTRAS 045 NC (HMO C-SNP),2027,Outpatient surgery (ASC),$455-$555 copay,FL,,,
H5299-045-000,Devoted,DEVOTED C-SNP GIVEBACK EXTRAS 045 NC (HMO C-SNP),2027,Emergency room,$130 copay,FL,,,
H5299-045-000,Devoted,DEVOTED C-SNP GIVEBACK EXTRAS 045 NC (HMO C-SNP),2027,Lab services,$0 copay,FL,,,
H5299-045-000,Devoted,DEVOTED C-SNP GIVEBACK EXTRAS 045 NC (HMO C-SNP),2027,Wellness programs,$150 per year,FL,,,
H5299-045-000,Devoted,DEVOTED C-SNP GIVEBACK EXTRAS 045 NC (HMO C-SNP),2027,Rx deductible,$700 tiers 3-5,FL,,,
H5299-045-000,Devoted,DEVOTED C-SNP GIVEBACK EXTRAS 045 NC (HMO C-SNP),2027,Rx retail (30-day),$0 / $2 / 25% / 25% / 25%,FL,,,
H5299-045-000,Devoted,DEVOTED C-SNP GIVEBACK EXTRAS 045 NC (HMO C-SNP),2027,Dental - allowance,"$4,000 per year (Direct member reimbursement)",FL,,,
H5299-045-000,Devoted,DEVOTED C-SNP GIVEBACK EXTRAS 045 NC (HMO C-SNP),2027,Vision - eyeglasses,$300 per year,FL,,,
H5299-045-000,Devoted,DEVOTED C-SNP GIVEBACK EXTRAS 045 NC (HMO C-SNP),2027,Hearing aids,$599-$899 copay per aid,FL,,,
H5299-045-000,Devoted,DEVOTED C-SNP GIVEBACK EXTRAS 045 NC (HMO C-SNP),2027,OTC allowance,$130 per quarter,FL,,,
H5299-045-000,Devoted,DEVOTED C-SNP GIVEBACK EXTRAS 045 NC (HMO C-SNP),2027,Service area,"Northwest North Carolina (Alleghany, Ashe, Surry, Wilkes)",FL,,,
H5299-045-000,Devoted,DEVOTED C-SNP GIVEBACK EXTRAS 045 NC (HMO C-SNP),2027,Key notes,"The Part B premium buydown benefit is designed for members who pay their own Medicare Part B premium. Members whose premium is paid by Medicaid or another assistance program will not benefit from the premium reduction. Processing through Social Security may take several months. To avoid disenrollment, members must submit their portion of the C-SNP form with their enrollment form, and have their provider complete their section within 2 months.",FL,,,
H9700-001-000,Devoted,DEVOTED CHOICE 001 NC (PPO),2026,Premium,$0.00,CMS,,,
H9700-001-000,Devoted,DEVOTED CHOICE 001 NC (PPO),2026,Max out-of-pocket,"$5,400.00",CMS,,,
H9700-001-000,Devoted,DEVOTED CHOICE 001 NC (PPO),2026,Specialist,$30,CMS,,,
H9700-001-000,Devoted,DEVOTED CHOICE 001 NC (PPO),2026,Telehealth,$0 - $45,CMS,,,
H9700-001-000,Devoted,DEVOTED CHOICE 001 NC (PPO),2026,Chiropractic,$15,CMS,,,
H9700-001-000,Devoted,DEVOTED CHOICE 001 NC (PPO),2026,Podiatry,$30 - $50,CMS,,,
H9700-001-000,Devoted,DEVOTED CHOICE 001 NC (PPO),2026,Other professional,$30,CMS,,,
H9700-001-000,Devoted,DEVOTED CHOICE 001 NC (PPO),2026,Inpatient hospital,$325 days 1-6 / $0 days 7-90,CMS,,,
H9700-001-000,Devoted,DEVOTED CHOICE 001 NC (PPO),2026,Inpatient psychiatric,$325 days 1-6 / $0 days 7-90,CMS,,,
H9700-001-000,Devoted,DEVOTED CHOICE 001 NC (PPO),2026,Skilled nursing facility,$0 days 1-20 / $218 days 21-100,CMS,,,
H9700-001-000,Devoted,DEVOTED CHOICE 001 NC (PPO),2026,Home health,$60,CMS,,,
H9700-001-000,Devoted,DEVOTED CHOICE 001 NC (PPO),2026,Outpatient hospital,$0 - $95,CMS,,,
H9700-001-000,Devoted,DEVOTED CHOICE 001 NC (PPO),2026,Outpatient surgery (ASC),$0 - $300,CMS,,,
H9700-001-000,Devoted,DEVOTED CHOICE 001 NC (PPO),2026,Outpatient surgery (hospital),20%,CMS,,,
H9700-001-000,Devoted,DEVOTED CHOICE 001 NC (PPO),2026,Observation services,$0 - $20,CMS,,,
H9700-001-000,Devoted,DEVOTED CHOICE 001 NC (PPO),2026,Emergency room,$130,CMS,,,
H9700-001-000,Devoted,DEVOTED CHOICE 001 NC (PPO),2026,Urgent care,$0 - $45,CMS,,,
H9700-001-000,Devoted,DEVOTED CHOICE 001 NC (PPO),2026,Ambulance (ground),$0 - $425,CMS,,,
H9700-001-000,Devoted,DEVOTED CHOICE 001 NC (PPO),2026,Ambulance (air),$325,CMS,,,
H9700-001-000,Devoted,DEVOTED CHOICE 001 NC (PPO),2026,Transportation,$0 - $325,CMS,,,
H9700-001-000,Devoted,DEVOTED CHOICE 001 NC (PPO),2026,Lab services,$0 - $325,CMS,,,
H9700-001-000,Devoted,DEVOTED CHOICE 001 NC (PPO),2026,Diagnostic radiology,20%,CMS,,,
H9700-001-000,Devoted,DEVOTED CHOICE 001 NC (PPO),2026,Renal dialysis,20%,CMS,,,
H9700-001-000,Devoted,DEVOTED CHOICE 001 NC (PPO),2026,Durable medical equipment,20%,CMS,,,
H9700-001-000,Devoted,DEVOTED CHOICE 001 NC (PPO),2026,Prosthetics,0% - 20%,CMS,,,
H9700-001-000,Devoted,DEVOTED CHOICE 001 NC (PPO),2026,Diabetic supplies,0% - 20%,CMS,,,
H9700-001-000,Devoted,DEVOTED CHOICE 001 NC (PPO),2026,Physical therapy,$0 - $30,CMS,,,
H9700-001-000,Devoted,DEVOTED CHOICE 001 NC (PPO),2026,Occupational therapy,$30 - $50,CMS,,,
H9700-001-000,Devoted,DEVOTED CHOICE 001 NC (PPO),2026,Cardiac rehab,$30,CMS,,,
H9700-001-000,Devoted,DEVOTED CHOICE 001 NC (PPO),2026,Pulmonary rehab,$30,CMS,,,
H9700-001-000,Devoted,DEVOTED CHOICE 001 NC (PPO),2026,Mental health (individual),$30,CMS,,,
H9700-001-000,Devoted,DEVOTED CHOICE 001 NC (PPO),2026,Mental health (group),$30,CMS,,,
H9700-001-000,Devoted,DEVOTED CHOICE 001 NC (PPO),2026,Substance abuse (individual),$30,CMS,,,
H9700-001-000,Devoted,DEVOTED CHOICE 001 NC (PPO),2026,Partial hospitalization,$30,CMS,,,
H9700-001-000,Devoted,DEVOTED CHOICE 001 NC (PPO),2026,Rx deductible,"$370 (tiers 1,2 exempt)",CMS,,,
H9700-001-000,Devoted,DEVOTED CHOICE 001 NC (PPO),2026,Dental - allowance,"$3,000 per year",CMS,,,
H9700-001-000,Devoted,DEVOTED CHOICE 001 NC (PPO),2026,Dental - preventive,$30,CMS,,,
H9700-001-000,Devoted,DEVOTED CHOICE 001 NC (PPO),2026,Dental - restorative,0% - 50%,CMS,,,
H9700-001-000,Devoted,DEVOTED CHOICE 001 NC (PPO),2026,Dental - endodontics,0% - 50%,CMS,,,
H9700-001-000,Devoted,DEVOTED CHOICE 001 NC (PPO),2026,Dental - extractions,0% - 50%,CMS,,,
H9700-001-000,Devoted,DEVOTED CHOICE 001 NC (PPO),2026,Hearing aids,$399 - $699 (2 per year),CMS,,,
H9700-001-000,Devoted,DEVOTED CHOICE 001 NC (PPO),2026,OTC allowance,$50 per visit,CMS,,,
H9700-001-000,Devoted,DEVOTED CHOICE 001 NC (PPO),2027,Service area,"Alexander, Anson, Cabarrus, Caldwell, Catawba, Cleveland, Gaston, Iredell, Lincoln, Mecklenburg, Rowan, Stanly, Union",FL,,,
H9700-001-000,Devoted,DEVOTED CHOICE 001 NC (PPO),2027,Key notes,The Food & Home Card is only for chronically ill members who meet specific health criteria (see SB/EOC for details). We proactively review health records to check eligibility. Completing an HRA can help speed up this process.,FL,,,
H9700-002-000,Devoted,DEVOTED CHOICE GIVEBACK 002 NC (PPO),2026,Premium,$0.00,CMS,,,
H9700-002-000,Devoted,DEVOTED CHOICE GIVEBACK 002 NC (PPO),2026,Max out-of-pocket,"$8,000.00",CMS,,,
H9700-002-000,Devoted,DEVOTED CHOICE GIVEBACK 002 NC (PPO),2026,Specialist,$45,CMS,,,
H9700-002-000,Devoted,DEVOTED CHOICE GIVEBACK 002 NC (PPO),2026,Telehealth,$0 - $45,CMS,,,
H9700-002-000,Devoted,DEVOTED CHOICE GIVEBACK 002 NC (PPO),2026,Chiropractic,$15,CMS,,,
H9700-002-000,Devoted,DEVOTED CHOICE GIVEBACK 002 NC (PPO),2026,Podiatry,$45 - $50,CMS,,,
H9700-002-000,Devoted,DEVOTED CHOICE GIVEBACK 002 NC (PPO),2026,Other professional,$45,CMS,,,
H9700-002-000,Devoted,DEVOTED CHOICE GIVEBACK 002 NC (PPO),2026,Inpatient hospital,$440 days 1-5 / $0 days 6-90,CMS,,,
H9700-002-000,Devoted,DEVOTED CHOICE GIVEBACK 002 NC (PPO),2026,Inpatient psychiatric,$440 days 1-4 / $0 days 5-90,CMS,,,
H9700-002-000,Devoted,DEVOTED CHOICE GIVEBACK 002 NC (PPO),2026,Skilled nursing facility,$0 days 1-20 / $218 days 21-100,CMS,,,
H9700-002-000,Devoted,DEVOTED CHOICE GIVEBACK 002 NC (PPO),2026,Home health,$70,CMS,,,
H9700-002-000,Devoted,DEVOTED CHOICE GIVEBACK 002 NC (PPO),2026,Outpatient hospital,$0 - $95,CMS,,,
H9700-002-000,Devoted,DEVOTED CHOICE GIVEBACK 002 NC (PPO),2026,Outpatient surgery (ASC),$0 - $300,CMS,,,
H9700-002-000,Devoted,DEVOTED CHOICE GIVEBACK 002 NC (PPO),2026,Outpatient surgery (hospital),20%,CMS,,,
H9700-002-000,Devoted,DEVOTED CHOICE GIVEBACK 002 NC (PPO),2026,Observation services,$0 - $40,CMS,,,
H9700-002-000,Devoted,DEVOTED CHOICE GIVEBACK 002 NC (PPO),2026,Emergency room,$115,CMS,,,
H9700-002-000,Devoted,DEVOTED CHOICE GIVEBACK 002 NC (PPO),2026,Urgent care,$0 - $40,CMS,,,
H9700-002-000,Devoted,DEVOTED CHOICE GIVEBACK 002 NC (PPO),2026,Ambulance (ground),$0 - $540,CMS,,,
H9700-002-000,Devoted,DEVOTED CHOICE GIVEBACK 002 NC (PPO),2026,Ambulance (air),$440,CMS,,,
H9700-002-000,Devoted,DEVOTED CHOICE GIVEBACK 002 NC (PPO),2026,Transportation,$0 - $440,CMS,,,
H9700-002-000,Devoted,DEVOTED CHOICE GIVEBACK 002 NC (PPO),2026,Lab services,$0 - $350,CMS,,,
H9700-002-000,Devoted,DEVOTED CHOICE GIVEBACK 002 NC (PPO),2026,Diagnostic radiology,20%,CMS,,,
H9700-002-000,Devoted,DEVOTED CHOICE GIVEBACK 002 NC (PPO),2026,Renal dialysis,20%,CMS,,,
H9700-002-000,Devoted,DEVOTED CHOICE GIVEBACK 002 NC (PPO),2026,Durable medical equipment,20%,CMS,,,
H9700-002-000,Devoted,DEVOTED CHOICE GIVEBACK 002 NC (PPO),2026,Prosthetics,0% - 20%,CMS,,,
H9700-002-000,Devoted,DEVOTED CHOICE GIVEBACK 002 NC (PPO),2026,Diabetic supplies,0% - 20%,CMS,,,
H9700-002-000,Devoted,DEVOTED CHOICE GIVEBACK 002 NC (PPO),2026,Physical therapy,$0 - $45,CMS,,,
H9700-002-000,Devoted,DEVOTED CHOICE GIVEBACK 002 NC (PPO),2026,Occupational therapy,$35,CMS,,,
H9700-002-000,Devoted,DEVOTED CHOICE GIVEBACK 002 NC (PPO),2026,Cardiac rehab,$30,CMS,,,
H9700-002-000,Devoted,DEVOTED CHOICE GIVEBACK 002 NC (PPO),2026,Pulmonary rehab,$25,CMS,,,
H9700-002-000,Devoted,DEVOTED CHOICE GIVEBACK 002 NC (PPO),2026,Mental health (individual),$45,CMS,,,
H9700-002-000,Devoted,DEVOTED CHOICE GIVEBACK 002 NC (PPO),2026,Mental health (group),$45,CMS,,,
H9700-002-000,Devoted,DEVOTED CHOICE GIVEBACK 002 NC (PPO),2026,Substance abuse (individual),$45,CMS,,,
H9700-002-000,Devoted,DEVOTED CHOICE GIVEBACK 002 NC (PPO),2026,Partial hospitalization,$45,CMS,,,
H9700-002-000,Devoted,DEVOTED CHOICE GIVEBACK 002 NC (PPO),2026,Rx deductible,"$605 (tiers 1,2 exempt)",CMS,,,
H9700-002-000,Devoted,DEVOTED CHOICE GIVEBACK 002 NC (PPO),2026,Dental - allowance,$250 per year,CMS,,,
H9700-002-000,Devoted,DEVOTED CHOICE GIVEBACK 002 NC (PPO),2026,Dental - preventive,$45,CMS,,,
H9700-002-000,Devoted,DEVOTED CHOICE GIVEBACK 002 NC (PPO),2026,Hearing aids,$599 - $899 (2 per year),CMS,,,
H9700-002-000,Devoted,DEVOTED CHOICE GIVEBACK 002 NC (PPO),2026,OTC allowance,$116 per visit,CMS,,,
H9700-002-000,Devoted,DEVOTED CHOICE GIVEBACK 002 NC (PPO),2027,Service area,"Alexander, Anson, Cabarrus, Caldwell, Catawba, Cleveland, Gaston, Iredell, Lincoln, Mecklenburg, Rowan, Stanly, Union",FL,,,
H9700-002-000,Devoted,DEVOTED CHOICE GIVEBACK 002 NC (PPO),2027,Key notes,"Higher giveback amount, less supplemental coverage. The Part B premium buydown benefit is designed for members who pay their own Medicare Part B premium. Members whose premium is paid by Medicaid or another assistance program will not benefit from the premium reduction. Processing through Social Security may take several months.",FL,,,
H9700-003-000,Devoted,DEVOTED CHOICE 003 NC (PPO),2026,Premium,$0.00,CMS,,,
H9700-003-000,Devoted,DEVOTED CHOICE 003 NC (PPO),2026,Max out-of-pocket,"$4,500.00",CMS,,,
H9700-003-000,Devoted,DEVOTED CHOICE 003 NC (PPO),2026,Specialist,$30,CMS,,,
H9700-003-000,Devoted,DEVOTED CHOICE 003 NC (PPO),2026,Telehealth,$0 - $45,CMS,,,
H9700-003-000,Devoted,DEVOTED CHOICE 003 NC (PPO),2026,Chiropractic,$15,CMS,,,
H9700-003-000,Devoted,DEVOTED CHOICE 003 NC (PPO),2026,Podiatry,$30 - $50,CMS,,,
H9700-003-000,Devoted,DEVOTED CHOICE 003 NC (PPO),2026,Other professional,$30,CMS,,,
H9700-003-000,Devoted,DEVOTED CHOICE 003 NC (PPO),2026,Inpatient hospital,$325 days 1-6 / $0 days 7-90,CMS,,,
H9700-003-000,Devoted,DEVOTED CHOICE 003 NC (PPO),2026,Inpatient psychiatric,$325 days 1-6 / $0 days 7-90,CMS,,,
H9700-003-000,Devoted,DEVOTED CHOICE 003 NC (PPO),2026,Skilled nursing facility,$0 days 1-20 / $218 days 21-100,CMS,,,
H9700-003-000,Devoted,DEVOTED CHOICE 003 NC (PPO),2026,Home health,$60,CMS,,,
H9700-003-000,Devoted,DEVOTED CHOICE 003 NC (PPO),2026,Outpatient hospital,$0 - $95,CMS,,,
H9700-003-000,Devoted,DEVOTED CHOICE 003 NC (PPO),2026,Outpatient surgery (ASC),$0 - $300,CMS,,,
H9700-003-000,Devoted,DEVOTED CHOICE 003 NC (PPO),2026,Outpatient surgery (hospital),20%,CMS,,,
H9700-003-000,Devoted,DEVOTED CHOICE 003 NC (PPO),2026,Observation services,$0 - $20,CMS,,,
H9700-003-000,Devoted,DEVOTED CHOICE 003 NC (PPO),2026,Emergency room,$130,CMS,,,
H9700-003-000,Devoted,DEVOTED CHOICE 003 NC (PPO),2026,Urgent care,$0 - $45,CMS,,,
H9700-003-000,Devoted,DEVOTED CHOICE 003 NC (PPO),2026,Ambulance (ground),$0 - $425,CMS,,,
H9700-003-000,Devoted,DEVOTED CHOICE 003 NC (PPO),2026,Ambulance (air),$325,CMS,,,
H9700-003-000,Devoted,DEVOTED CHOICE 003 NC (PPO),2026,Transportation,$0 - $325,CMS,,,
H9700-003-000,Devoted,DEVOTED CHOICE 003 NC (PPO),2026,Lab services,$0 - $325,CMS,,,
H9700-003-000,Devoted,DEVOTED CHOICE 003 NC (PPO),2026,Diagnostic radiology,20%,CMS,,,
H9700-003-000,Devoted,DEVOTED CHOICE 003 NC (PPO),2026,Renal dialysis,20%,CMS,,,
H9700-003-000,Devoted,DEVOTED CHOICE 003 NC (PPO),2026,Durable medical equipment,20% - 30%,CMS,,,
H9700-003-000,Devoted,DEVOTED CHOICE 003 NC (PPO),2026,Prosthetics,0% - 20%,CMS,,,
H9700-003-000,Devoted,DEVOTED CHOICE 003 NC (PPO),2026,Diabetic supplies,0% - 30%,CMS,,,
H9700-003-000,Devoted,DEVOTED CHOICE 003 NC (PPO),2026,Physical therapy,$0 - $30,CMS,,,
H9700-003-000,Devoted,DEVOTED CHOICE 003 NC (PPO),2026,Occupational therapy,$30 - $50,CMS,,,
H9700-003-000,Devoted,DEVOTED CHOICE 003 NC (PPO),2026,Cardiac rehab,$30,CMS,,,
H9700-003-000,Devoted,DEVOTED CHOICE 003 NC (PPO),2026,Pulmonary rehab,$30,CMS,,,
H9700-003-000,Devoted,DEVOTED CHOICE 003 NC (PPO),2026,Mental health (individual),$30,CMS,,,
H9700-003-000,Devoted,DEVOTED CHOICE 003 NC (PPO),2026,Mental health (group),$30,CMS,,,
H9700-003-000,Devoted,DEVOTED CHOICE 003 NC (PPO),2026,Substance abuse (individual),$30,CMS,,,
H9700-003-000,Devoted,DEVOTED CHOICE 003 NC (PPO),2026,Partial hospitalization,$30,CMS,,,
H9700-003-000,Devoted,DEVOTED CHOICE 003 NC (PPO),2026,Rx deductible,"$370 (tiers 1,2 exempt)",CMS,,,
H9700-003-000,Devoted,DEVOTED CHOICE 003 NC (PPO),2026,Dental - allowance,"$2,500 per year",CMS,,,
H9700-003-000,Devoted,DEVOTED CHOICE 003 NC (PPO),2026,Dental - preventive,$30,CMS,,,
H9700-003-000,Devoted,DEVOTED CHOICE 003 NC (PPO),2026,Dental - restorative,0% - 50%,CMS,,,
H9700-003-000,Devoted,DEVOTED CHOICE 003 NC (PPO),2026,Dental - endodontics,0% - 50%,CMS,,,
H9700-003-000,Devoted,DEVOTED CHOICE 003 NC (PPO),2026,Dental - extractions,0% - 50%,CMS,,,
H9700-003-000,Devoted,DEVOTED CHOICE 003 NC (PPO),2026,Hearing aids,$399 - $699 (2 per year),CMS,,,
H9700-003-000,Devoted,DEVOTED CHOICE 003 NC (PPO),2026,OTC allowance,$50 per visit,CMS,,,
H9700-003-000,Devoted,DEVOTED CHOICE 003 NC (PPO),2027,Service area,"Alamance, Caswell, Guilford, Person, Randolph, Rockingham",FL,,,
H9700-003-000,Devoted,DEVOTED CHOICE 003 NC (PPO),2027,Key notes,The Food & Home Card is only for chronically ill members who meet specific health criteria (see SB/EOC for details). We proactively review health records to check eligibility. Completing an HRA can help speed up this process.,FL,,,
H9700-004-000,Devoted,DEVOTED CHOICE GIVEBACK 004 NC (PPO),2026,Premium,$0.00,CMS,,,
H9700-004-000,Devoted,DEVOTED CHOICE GIVEBACK 004 NC (PPO),2026,Max out-of-pocket,"$8,000.00",CMS,,,
H9700-004-000,Devoted,DEVOTED CHOICE GIVEBACK 004 NC (PPO),2026,Specialist,$45,CMS,,,
H9700-004-000,Devoted,DEVOTED CHOICE GIVEBACK 004 NC (PPO),2026,Telehealth,$0 - $45,CMS,,,
H9700-004-000,Devoted,DEVOTED CHOICE GIVEBACK 004 NC (PPO),2026,Chiropractic,$15,CMS,,,
H9700-004-000,Devoted,DEVOTED CHOICE GIVEBACK 004 NC (PPO),2026,Podiatry,$45 - $50,CMS,,,
H9700-004-000,Devoted,DEVOTED CHOICE GIVEBACK 004 NC (PPO),2026,Other professional,$45,CMS,,,
H9700-004-000,Devoted,DEVOTED CHOICE GIVEBACK 004 NC (PPO),2026,Inpatient hospital,$440 days 1-5 / $0 days 6-90,CMS,,,
H9700-004-000,Devoted,DEVOTED CHOICE GIVEBACK 004 NC (PPO),2026,Inpatient psychiatric,$440 days 1-4 / $0 days 5-90,CMS,,,
H9700-004-000,Devoted,DEVOTED CHOICE GIVEBACK 004 NC (PPO),2026,Skilled nursing facility,$0 days 1-20 / $218 days 21-100,CMS,,,
H9700-004-000,Devoted,DEVOTED CHOICE GIVEBACK 004 NC (PPO),2026,Home health,$70,CMS,,,
H9700-004-000,Devoted,DEVOTED CHOICE GIVEBACK 004 NC (PPO),2026,Outpatient hospital,$0 - $95,CMS,,,
H9700-004-000,Devoted,DEVOTED CHOICE GIVEBACK 004 NC (PPO),2026,Outpatient surgery (ASC),$0 - $300,CMS,,,
H9700-004-000,Devoted,DEVOTED CHOICE GIVEBACK 004 NC (PPO),2026,Outpatient surgery (hospital),20%,CMS,,,
H9700-004-000,Devoted,DEVOTED CHOICE GIVEBACK 004 NC (PPO),2026,Observation services,$0 - $40,CMS,,,
H9700-004-000,Devoted,DEVOTED CHOICE GIVEBACK 004 NC (PPO),2026,Emergency room,$115,CMS,,,
H9700-004-000,Devoted,DEVOTED CHOICE GIVEBACK 004 NC (PPO),2026,Urgent care,$0 - $40,CMS,,,
H9700-004-000,Devoted,DEVOTED CHOICE GIVEBACK 004 NC (PPO),2026,Ambulance (ground),$0 - $540,CMS,,,
H9700-004-000,Devoted,DEVOTED CHOICE GIVEBACK 004 NC (PPO),2026,Ambulance (air),$440,CMS,,,
H9700-004-000,Devoted,DEVOTED CHOICE GIVEBACK 004 NC (PPO),2026,Transportation,$0 - $440,CMS,,,
H9700-004-000,Devoted,DEVOTED CHOICE GIVEBACK 004 NC (PPO),2026,Lab services,$0 - $350,CMS,,,
H9700-004-000,Devoted,DEVOTED CHOICE GIVEBACK 004 NC (PPO),2026,Diagnostic radiology,20%,CMS,,,
H9700-004-000,Devoted,DEVOTED CHOICE GIVEBACK 004 NC (PPO),2026,Renal dialysis,20%,CMS,,,
H9700-004-000,Devoted,DEVOTED CHOICE GIVEBACK 004 NC (PPO),2026,Durable medical equipment,20%,CMS,,,
H9700-004-000,Devoted,DEVOTED CHOICE GIVEBACK 004 NC (PPO),2026,Prosthetics,0% - 20%,CMS,,,
H9700-004-000,Devoted,DEVOTED CHOICE GIVEBACK 004 NC (PPO),2026,Diabetic supplies,0% - 20%,CMS,,,
H9700-004-000,Devoted,DEVOTED CHOICE GIVEBACK 004 NC (PPO),2026,Physical therapy,$0 - $45,CMS,,,
H9700-004-000,Devoted,DEVOTED CHOICE GIVEBACK 004 NC (PPO),2026,Occupational therapy,$35,CMS,,,
H9700-004-000,Devoted,DEVOTED CHOICE GIVEBACK 004 NC (PPO),2026,Cardiac rehab,$30,CMS,,,
H9700-004-000,Devoted,DEVOTED CHOICE GIVEBACK 004 NC (PPO),2026,Pulmonary rehab,$25,CMS,,,
H9700-004-000,Devoted,DEVOTED CHOICE GIVEBACK 004 NC (PPO),2026,Mental health (individual),$45,CMS,,,
H9700-004-000,Devoted,DEVOTED CHOICE GIVEBACK 004 NC (PPO),2026,Mental health (group),$45,CMS,,,
H9700-004-000,Devoted,DEVOTED CHOICE GIVEBACK 004 NC (PPO),2026,Substance abuse (individual),$45,CMS,,,
H9700-004-000,Devoted,DEVOTED CHOICE GIVEBACK 004 NC (PPO),2026,Partial hospitalization,$45,CMS,,,
H9700-004-000,Devoted,DEVOTED CHOICE GIVEBACK 004 NC (PPO),2026,Rx deductible,"$605 (tiers 1,2 exempt)",CMS,,,
H9700-004-000,Devoted,DEVOTED CHOICE GIVEBACK 004 NC (PPO),2026,Dental - allowance,$250 per year,CMS,,,
H9700-004-000,Devoted,DEVOTED CHOICE GIVEBACK 004 NC (PPO),2026,Dental - preventive,$45,CMS,,,
H9700-004-000,Devoted,DEVOTED CHOICE GIVEBACK 004 NC (PPO),2026,Hearing aids,$599 - $899 (2 per year),CMS,,,
H9700-004-000,Devoted,DEVOTED CHOICE GIVEBACK 004 NC (PPO),2026,OTC allowance,$50 per visit,CMS,,,
H9700-004-000,Devoted,DEVOTED CHOICE GIVEBACK 004 NC (PPO),2027,Service area,"Alamance, Caswell, Guilford, Person, Randolph, Rockingham",FL,,,
H9700-004-000,Devoted,DEVOTED CHOICE GIVEBACK 004 NC (PPO),2027,Key notes,"Higher giveback amount, less supplemental coverage. The Part B premium buydown benefit is designed for members who pay their own Medicare Part B premium. Members whose premium is paid by Medicaid or another assistance program will not benefit from the premium reduction. Processing through Social Security may take several months.",FL,,,
H9700-005-000,Devoted,DEVOTED CHOICE 005 NC (PPO),2026,Premium,$0.00,CMS,,,
H9700-005-000,Devoted,DEVOTED CHOICE 005 NC (PPO),2026,Max out-of-pocket,"$5,300.00",CMS,,,
H9700-005-000,Devoted,DEVOTED CHOICE 005 NC (PPO),2026,Specialist,$30,CMS,,,
H9700-005-000,Devoted,DEVOTED CHOICE 005 NC (PPO),2026,Telehealth,$0 - $45,CMS,,,
H9700-005-000,Devoted,DEVOTED CHOICE 005 NC (PPO),2026,Chiropractic,$15,CMS,,,
H9700-005-000,Devoted,DEVOTED CHOICE 005 NC (PPO),2026,Podiatry,$30 - $50,CMS,,,
H9700-005-000,Devoted,DEVOTED CHOICE 005 NC (PPO),2026,Other professional,$30,CMS,,,
H9700-005-000,Devoted,DEVOTED CHOICE 005 NC (PPO),2026,Inpatient hospital,$395 days 1-5 / $0 days 6-90,CMS,,,
H9700-005-000,Devoted,DEVOTED CHOICE 005 NC (PPO),2026,Inpatient psychiatric,$395 days 1-5 / $0 days 6-90,CMS,,,
H9700-005-000,Devoted,DEVOTED CHOICE 005 NC (PPO),2026,Skilled nursing facility,$0 days 1-20 / $218 days 21-100,CMS,,,
H9700-005-000,Devoted,DEVOTED CHOICE 005 NC (PPO),2026,Home health,$60,CMS,,,
H9700-005-000,Devoted,DEVOTED CHOICE 005 NC (PPO),2026,Outpatient hospital,$0 - $95,CMS,,,
H9700-005-000,Devoted,DEVOTED CHOICE 005 NC (PPO),2026,Outpatient surgery (ASC),$0 - $300,CMS,,,
H9700-005-000,Devoted,DEVOTED CHOICE 005 NC (PPO),2026,Outpatient surgery (hospital),20%,CMS,,,
H9700-005-000,Devoted,DEVOTED CHOICE 005 NC (PPO),2026,Observation services,$0 - $20,CMS,,,
H9700-005-000,Devoted,DEVOTED CHOICE 005 NC (PPO),2026,Emergency room,$130,CMS,,,
H9700-005-000,Devoted,DEVOTED CHOICE 005 NC (PPO),2026,Urgent care,$0 - $45,CMS,,,
H9700-005-000,Devoted,DEVOTED CHOICE 005 NC (PPO),2026,Ambulance (ground),$0 - $495,CMS,,,
H9700-005-000,Devoted,DEVOTED CHOICE 005 NC (PPO),2026,Ambulance (air),$395,CMS,,,
H9700-005-000,Devoted,DEVOTED CHOICE 005 NC (PPO),2026,Transportation,$0 - $395,CMS,,,
H9700-005-000,Devoted,DEVOTED CHOICE 005 NC (PPO),2026,Lab services,$0 - $325,CMS,,,
H9700-005-000,Devoted,DEVOTED CHOICE 005 NC (PPO),2026,Diagnostic radiology,20%,CMS,,,
H9700-005-000,Devoted,DEVOTED CHOICE 005 NC (PPO),2026,Renal dialysis,20%,CMS,,,
H9700-005-000,Devoted,DEVOTED CHOICE 005 NC (PPO),2026,Durable medical equipment,20%,CMS,,,
H9700-005-000,Devoted,DEVOTED CHOICE 005 NC (PPO),2026,Prosthetics,0% - 20%,CMS,,,
H9700-005-000,Devoted,DEVOTED CHOICE 005 NC (PPO),2026,Diabetic supplies,0% - 20%,CMS,,,
H9700-005-000,Devoted,DEVOTED CHOICE 005 NC (PPO),2026,Physical therapy,$0 - $30,CMS,,,
H9700-005-000,Devoted,DEVOTED CHOICE 005 NC (PPO),2026,Occupational therapy,$30 - $50,CMS,,,
H9700-005-000,Devoted,DEVOTED CHOICE 005 NC (PPO),2026,Cardiac rehab,$30,CMS,,,
H9700-005-000,Devoted,DEVOTED CHOICE 005 NC (PPO),2026,Pulmonary rehab,$30,CMS,,,
H9700-005-000,Devoted,DEVOTED CHOICE 005 NC (PPO),2026,Mental health (individual),$30,CMS,,,
H9700-005-000,Devoted,DEVOTED CHOICE 005 NC (PPO),2026,Mental health (group),$30,CMS,,,
H9700-005-000,Devoted,DEVOTED CHOICE 005 NC (PPO),2026,Substance abuse (individual),$30,CMS,,,
H9700-005-000,Devoted,DEVOTED CHOICE 005 NC (PPO),2026,Partial hospitalization,$30,CMS,,,
H9700-005-000,Devoted,DEVOTED CHOICE 005 NC (PPO),2026,Rx deductible,"$370 (tiers 1,2 exempt)",CMS,,,
H9700-005-000,Devoted,DEVOTED CHOICE 005 NC (PPO),2026,Dental - allowance,"$2,500 per year",CMS,,,
H9700-005-000,Devoted,DEVOTED CHOICE 005 NC (PPO),2026,Dental - preventive,$30,CMS,,,
H9700-005-000,Devoted,DEVOTED CHOICE 005 NC (PPO),2026,Dental - restorative,0% - 50%,CMS,,,
H9700-005-000,Devoted,DEVOTED CHOICE 005 NC (PPO),2026,Dental - endodontics,0% - 50%,CMS,,,
H9700-005-000,Devoted,DEVOTED CHOICE 005 NC (PPO),2026,Dental - extractions,0% - 50%,CMS,,,
H9700-005-000,Devoted,DEVOTED CHOICE 005 NC (PPO),2026,Hearing aids,$399 - $699 (2 per year),CMS,,,
H9700-005-000,Devoted,DEVOTED CHOICE 005 NC (PPO),2026,OTC allowance,$50 per visit,CMS,,,
H9700-005-000,Devoted,DEVOTED CHOICE 005 NC (PPO),2027,Service area,"Avery, Buncombe, Burke, Cherokee, Clay, Graham, Haywood, Henderson, Jackson, Madison, McDowell, Mitchell, Polk, Rutherford, Swain, Transylvania, Yancey",FL,,,
H9700-005-000,Devoted,DEVOTED CHOICE 005 NC (PPO),2027,Key notes,The Food & Home Card is only for chronically ill members who meet specific health criteria (see SB/EOC for details). We proactively review health records to check eligibility. Completing an HRA can help speed up this process.,FL,,,
H9700-006-000,Devoted,DEVOTED CHOICE GIVEBACK 006 NC (PPO),2026,Premium,$0.00,CMS,,,
H9700-006-000,Devoted,DEVOTED CHOICE GIVEBACK 006 NC (PPO),2026,Max out-of-pocket,"$8,000.00",CMS,,,
H9700-006-000,Devoted,DEVOTED CHOICE GIVEBACK 006 NC (PPO),2026,Specialist,$45,CMS,,,
H9700-006-000,Devoted,DEVOTED CHOICE GIVEBACK 006 NC (PPO),2026,Telehealth,$0 - $45,CMS,,,
H9700-006-000,Devoted,DEVOTED CHOICE GIVEBACK 006 NC (PPO),2026,Chiropractic,$15,CMS,,,
H9700-006-000,Devoted,DEVOTED CHOICE GIVEBACK 006 NC (PPO),2026,Podiatry,$45 - $50,CMS,,,
H9700-006-000,Devoted,DEVOTED CHOICE GIVEBACK 006 NC (PPO),2026,Other professional,$45,CMS,,,
H9700-006-000,Devoted,DEVOTED CHOICE GIVEBACK 006 NC (PPO),2026,Inpatient hospital,$440 days 1-5 / $0 days 6-90,CMS,,,
H9700-006-000,Devoted,DEVOTED CHOICE GIVEBACK 006 NC (PPO),2026,Inpatient psychiatric,$440 days 1-4 / $0 days 5-90,CMS,,,
H9700-006-000,Devoted,DEVOTED CHOICE GIVEBACK 006 NC (PPO),2026,Skilled nursing facility,$0 days 1-20 / $218 days 21-100,CMS,,,
H9700-006-000,Devoted,DEVOTED CHOICE GIVEBACK 006 NC (PPO),2026,Home health,$70,CMS,,,
H9700-006-000,Devoted,DEVOTED CHOICE GIVEBACK 006 NC (PPO),2026,Outpatient hospital,$0 - $95,CMS,,,
H9700-006-000,Devoted,DEVOTED CHOICE GIVEBACK 006 NC (PPO),2026,Outpatient surgery (ASC),$0 - $300,CMS,,,
H9700-006-000,Devoted,DEVOTED CHOICE GIVEBACK 006 NC (PPO),2026,Outpatient surgery (hospital),20%,CMS,,,
H9700-006-000,Devoted,DEVOTED CHOICE GIVEBACK 006 NC (PPO),2026,Observation services,$0 - $40,CMS,,,
H9700-006-000,Devoted,DEVOTED CHOICE GIVEBACK 006 NC (PPO),2026,Emergency room,$115,CMS,,,
H9700-006-000,Devoted,DEVOTED CHOICE GIVEBACK 006 NC (PPO),2026,Urgent care,$0 - $40,CMS,,,
H9700-006-000,Devoted,DEVOTED CHOICE GIVEBACK 006 NC (PPO),2026,Ambulance (ground),$0 - $540,CMS,,,
H9700-006-000,Devoted,DEVOTED CHOICE GIVEBACK 006 NC (PPO),2026,Ambulance (air),$440,CMS,,,
H9700-006-000,Devoted,DEVOTED CHOICE GIVEBACK 006 NC (PPO),2026,Transportation,$0 - $440,CMS,,,
H9700-006-000,Devoted,DEVOTED CHOICE GIVEBACK 006 NC (PPO),2026,Lab services,$0 - $350,CMS,,,
H9700-006-000,Devoted,DEVOTED CHOICE GIVEBACK 006 NC (PPO),2026,Diagnostic radiology,20%,CMS,,,
H9700-006-000,Devoted,DEVOTED CHOICE GIVEBACK 006 NC (PPO),2026,Renal dialysis,20%,CMS,,,
H9700-006-000,Devoted,DEVOTED CHOICE GIVEBACK 006 NC (PPO),2026,Durable medical equipment,20%,CMS,,,
H9700-006-000,Devoted,DEVOTED CHOICE GIVEBACK 006 NC (PPO),2026,Prosthetics,0% - 20%,CMS,,,
H9700-006-000,Devoted,DEVOTED CHOICE GIVEBACK 006 NC (PPO),2026,Diabetic supplies,0% - 20%,CMS,,,
H9700-006-000,Devoted,DEVOTED CHOICE GIVEBACK 006 NC (PPO),2026,Physical therapy,$0 - $45,CMS,,,
H9700-006-000,Devoted,DEVOTED CHOICE GIVEBACK 006 NC (PPO),2026,Occupational therapy,$35,CMS,,,
H9700-006-000,Devoted,DEVOTED CHOICE GIVEBACK 006 NC (PPO),2026,Cardiac rehab,$30,CMS,,,
H9700-006-000,Devoted,DEVOTED CHOICE GIVEBACK 006 NC (PPO),2026,Pulmonary rehab,$25,CMS,,,
H9700-006-000,Devoted,DEVOTED CHOICE GIVEBACK 006 NC (PPO),2026,Mental health (individual),$45,CMS,,,
H9700-006-000,Devoted,DEVOTED CHOICE GIVEBACK 006 NC (PPO),2026,Mental health (group),$45,CMS,,,
H9700-006-000,Devoted,DEVOTED CHOICE GIVEBACK 006 NC (PPO),2026,Substance abuse (individual),$45,CMS,,,
H9700-006-000,Devoted,DEVOTED CHOICE GIVEBACK 006 NC (PPO),2026,Partial hospitalization,$45,CMS,,,
H9700-006-000,Devoted,DEVOTED CHOICE GIVEBACK 006 NC (PPO),2026,Rx deductible,"$605 (tiers 1,2 exempt)",CMS,,,
H9700-006-000,Devoted,DEVOTED CHOICE GIVEBACK 006 NC (PPO),2026,Dental - allowance,$250 per year,CMS,,,
H9700-006-000,Devoted,DEVOTED CHOICE GIVEBACK 006 NC (PPO),2026,Dental - preventive,$45,CMS,,,
H9700-006-000,Devoted,DEVOTED CHOICE GIVEBACK 006 NC (PPO),2026,Hearing aids,$599 - $899 (2 per year),CMS,,,
H9700-006-000,Devoted,DEVOTED CHOICE GIVEBACK 006 NC (PPO),2027,Service area,"Avery, Buncombe, Burke, Cherokee, Clay, Graham, Haywood, Henderson, Jackson, Madison, McDowell, Mitchell, Polk, Rutherford, Swain, Transylvania, Yancey",FL,,,
H9700-006-000,Devoted,DEVOTED CHOICE GIVEBACK 006 NC (PPO),2027,Key notes,"Higher giveback amount, less supplemental coverage. The Part B premium buydown benefit is designed for members who pay their own Medicare Part B premium. Members whose premium is paid by Medicaid or another assistance program will not benefit from the premium reduction. Processing through Social Security may take several months.",FL,,,
H9700-007-000,Devoted,DEVOTED CHOICE MA ONLY 007 NC (PPO),2026,Premium,Not Applicable,CMS,,,
H9700-007-000,Devoted,DEVOTED CHOICE MA ONLY 007 NC (PPO),2027,Premium,$0.00,FL,,,
H9700-007-000,Devoted,DEVOTED CHOICE MA ONLY 007 NC (PPO),2027,Medical deductible,$0,FL,,,
H9700-007-000,Devoted,DEVOTED CHOICE MA ONLY 007 NC (PPO),2026,Max out-of-pocket,"$9,250.00",CMS,,,
H9700-007-000,Devoted,DEVOTED CHOICE MA ONLY 007 NC (PPO),2027,Max out-of-pocket,"$9,250 INN / $13,900 combined INN and OON",FL,,,
H9700-007-000,Devoted,DEVOTED CHOICE MA ONLY 007 NC (PPO),2027,PCP,$0 copay INN / $15 copay OON,FL,,,
H9700-007-000,Devoted,DEVOTED CHOICE MA ONLY 007 NC (PPO),2026,Specialist,$45,CMS,,,
H9700-007-000,Devoted,DEVOTED CHOICE MA ONLY 007 NC (PPO),2027,Specialist,$45 copay INN / $55 copay OON,FL,,,
H9700-007-000,Devoted,DEVOTED CHOICE MA ONLY 007 NC (PPO),2027,Referrals,No,FL,,,
H9700-007-000,Devoted,DEVOTED CHOICE MA ONLY 007 NC (PPO),2026,Telehealth,$0 - $45,CMS,,,
H9700-007-000,Devoted,DEVOTED CHOICE MA ONLY 007 NC (PPO),2026,Podiatry,$45 - $50,CMS,,,
H9700-007-000,Devoted,DEVOTED CHOICE MA ONLY 007 NC (PPO),2026,Other professional,$45,CMS,,,
H9700-007-000,Devoted,DEVOTED CHOICE MA ONLY 007 NC (PPO),2026,Inpatient hospital,$425 days 1-4 / $0 days 5-90,CMS,,,
H9700-007-000,Devoted,DEVOTED CHOICE MA ONLY 007 NC (PPO),2027,Inpatient hospital,"$425 per day for days 1-4, $0 days 5+ INN / $425 per day for days 1-4, $0",FL,,,
H9700-007-000,Devoted,DEVOTED CHOICE MA ONLY 007 NC (PPO),2026,Inpatient psychiatric,$425 days 1-4 / $0 days 5-90,CMS,,,
H9700-007-000,Devoted,DEVOTED CHOICE MA ONLY 007 NC (PPO),2026,Skilled nursing facility,$0 days 1-20 / $218 days 21-100,CMS,,,
H9700-007-000,Devoted,DEVOTED CHOICE MA ONLY 007 NC (PPO),2026,Home health,$70,CMS,,,
H9700-007-000,Devoted,DEVOTED CHOICE MA ONLY 007 NC (PPO),2026,Outpatient hospital,$0 - $95,CMS,,,
H9700-007-000,Devoted,DEVOTED CHOICE MA ONLY 007 NC (PPO),2026,Outpatient surgery (ASC),$0 - $300,CMS,,,
H9700-007-000,Devoted,DEVOTED CHOICE MA ONLY 007 NC (PPO),2027,Outpatient surgery (ASC),$425-$525 copay INN / $525 copay - 40% coinsurance OON,FL,,,
H9700-007-000,Devoted,DEVOTED CHOICE MA ONLY 007 NC (PPO),2026,Outpatient surgery (hospital),20%,CMS,,,
H9700-007-000,Devoted,DEVOTED CHOICE MA ONLY 007 NC (PPO),2026,Observation services,$0 - $40,CMS,,,
H9700-007-000,Devoted,DEVOTED CHOICE MA ONLY 007 NC (PPO),2026,Emergency room,$115,CMS,,,
H9700-007-000,Devoted,DEVOTED CHOICE MA ONLY 007 NC (PPO),2027,Emergency room,$115 copay INN / $115 copay OON,FL,,,
H9700-007-000,Devoted,DEVOTED CHOICE MA ONLY 007 NC (PPO),2026,Urgent care,$0 - $40,CMS,,,
H9700-007-000,Devoted,DEVOTED CHOICE MA ONLY 007 NC (PPO),2026,Ambulance (ground),$0 - $525,CMS,,,
H9700-007-000,Devoted,DEVOTED CHOICE MA ONLY 007 NC (PPO),2026,Ambulance (air),$425,CMS,,,
H9700-007-000,Devoted,DEVOTED CHOICE MA ONLY 007 NC (PPO),2026,Transportation,$0 - $425,CMS,,,
H9700-007-000,Devoted,DEVOTED CHOICE MA ONLY 007 NC (PPO),2026,Lab services,$0 - $350,CMS,,,
H9700-007-000,Devoted,DEVOTED CHOICE MA ONLY 007 NC (PPO),2027,Lab services,$0 copay INN / $10 copay OON,FL,,,
H9700-007-000,Devoted,DEVOTED CHOICE MA ONLY 007 NC (PPO),2026,Diagnostic radiology,20%,CMS,,,
H9700-007-000,Devoted,DEVOTED CHOICE MA ONLY 007 NC (PPO),2026,Renal dialysis,20%,CMS,,,
H9700-007-000,Devoted,DEVOTED CHOICE MA ONLY 007 NC (PPO),2026,Durable medical equipment,20%,CMS,,,
H9700-007-000,Devoted,DEVOTED CHOICE MA ONLY 007 NC (PPO),2026,Prosthetics,0% - 20%,CMS,,,
H9700-007-000,Devoted,DEVOTED CHOICE MA ONLY 007 NC (PPO),2026,Diabetic supplies,0% - 20%,CMS,,,
H9700-007-000,Devoted,DEVOTED CHOICE MA ONLY 007 NC (PPO),2026,Physical therapy,$0 - $45,CMS,,,
H9700-007-000,Devoted,DEVOTED CHOICE MA ONLY 007 NC (PPO),2026,Occupational therapy,$35,CMS,,,
H9700-007-000,Devoted,DEVOTED CHOICE MA ONLY 007 NC (PPO),2026,Cardiac rehab,$30,CMS,,,
H9700-007-000,Devoted,DEVOTED CHOICE MA ONLY 007 NC (PPO),2026,Pulmonary rehab,$25,CMS,,,
H9700-007-000,Devoted,DEVOTED CHOICE MA ONLY 007 NC (PPO),2026,Mental health (individual),$45,CMS,,,
H9700-007-000,Devoted,DEVOTED CHOICE MA ONLY 007 NC (PPO),2026,Mental health (group),$45,CMS,,,
H9700-007-000,Devoted,DEVOTED CHOICE MA ONLY 007 NC (PPO),2026,Substance abuse (individual),$45,CMS,,,
H9700-007-000,Devoted,DEVOTED CHOICE MA ONLY 007 NC (PPO),2026,Partial hospitalization,$45,CMS,,,
H9700-007-000,Devoted,DEVOTED CHOICE MA ONLY 007 NC (PPO),2027,Wellness programs,$150 per year,FL,,,
H9700-007-000,Devoted,DEVOTED CHOICE MA ONLY 007 NC (PPO),2027,Rx deductible,Not covered,FL,,,
H9700-007-000,Devoted,DEVOTED CHOICE MA ONLY 007 NC (PPO),2027,Rx retail (30-day),Not covered,FL,,,
H9700-007-000,Devoted,DEVOTED CHOICE MA ONLY 007 NC (PPO),2026,Dental - allowance,"$1,000 per year",CMS,,,
H9700-007-000,Devoted,DEVOTED CHOICE MA ONLY 007 NC (PPO),2027,Dental - allowance,"$1,000 per year (Direct member reimbursement)",FL,,,
H9700-007-000,Devoted,DEVOTED CHOICE MA ONLY 007 NC (PPO),2026,Dental - preventive,$45,CMS,,,
H9700-007-000,Devoted,DEVOTED CHOICE MA ONLY 007 NC (PPO),2026,Dental - restorative,0% - 50%,CMS,,,
H9700-007-000,Devoted,DEVOTED CHOICE MA ONLY 007 NC (PPO),2026,Dental - endodontics,0% - 50%,CMS,,,
H9700-007-000,Devoted,DEVOTED CHOICE MA ONLY 007 NC (PPO),2026,Dental - extractions,0% - 50%,CMS,,,
H9700-007-000,Devoted,DEVOTED CHOICE MA ONLY 007 NC (PPO),2027,Vision - eyeglasses,$400 per year,FL,,,
H9700-007-000,Devoted,DEVOTED CHOICE MA ONLY 007 NC (PPO),2026,Hearing aids,$599 - $899 (2 per year),CMS,,,
H9700-007-000,Devoted,DEVOTED CHOICE MA ONLY 007 NC (PPO),2027,Hearing aids,$599-$899 copay per aid,FL,,,
H9700-007-000,Devoted,DEVOTED CHOICE MA ONLY 007 NC (PPO),2027,OTC allowance,Not covered,FL,,,
H9700-007-000,Devoted,DEVOTED CHOICE MA ONLY 007 NC (PPO),2027,Service area,"Charlotte (Alexander, Anson, Cabarrus, Caldwell, Catawba, Cleveland, Gaston, Iredell, Lincoln, Mecklenburg, Rowan, Stanly, Union); Greensboro (Alamance, Caswell, Guilford, Person, Randolph, Rockingham); Northwest North Carolina (Alleghany, Ashe, Wilkes); Western North Carolina (Avery, Buncombe, Burke, Cherokee, Clay, Graham, Haywood, Henderson, Jackson, Madison, McDowell, Mitchell, Polk, Rutherford, Swain, Transylvania, Yancey); Wilmington (Bladen, Brunswick, Columbus, New Hanover, Pender); Winston-Salem (Davidson, Davie, Forsyth, Stokes, Yadkin)",FL,,,
H9700-007-000,Devoted,DEVOTED CHOICE MA ONLY 007 NC (PPO),2027,Key notes,Does not include Part D coverage. The Part B premium buydown benefit is designed for members who pay their own Medicare Part B premium. Members whose premium is paid by Medicaid or another assistance program will not benefit from the premium reduction. Processing through Social Security may take several months.,FL,,,
H9700-008-000,Devoted,DEVOTED CHOICE 008 NC (PPO),2026,Premium,$0.00,CMS,,,
H9700-008-000,Devoted,DEVOTED CHOICE 008 NC (PPO),2026,Max out-of-pocket,"$5,900.00",CMS,,,
H9700-008-000,Devoted,DEVOTED CHOICE 008 NC (PPO),2026,Specialist,$30,CMS,,,
H9700-008-000,Devoted,DEVOTED CHOICE 008 NC (PPO),2026,Telehealth,$0 - $45,CMS,,,
H9700-008-000,Devoted,DEVOTED CHOICE 008 NC (PPO),2026,Chiropractic,$15,CMS,,,
H9700-008-000,Devoted,DEVOTED CHOICE 008 NC (PPO),2026,Podiatry,$30 - $50,CMS,,,
H9700-008-000,Devoted,DEVOTED CHOICE 008 NC (PPO),2026,Other professional,$30,CMS,,,
H9700-008-000,Devoted,DEVOTED CHOICE 008 NC (PPO),2026,Inpatient hospital,$325 days 1-6 / $0 days 7-90,CMS,,,
H9700-008-000,Devoted,DEVOTED CHOICE 008 NC (PPO),2026,Inpatient psychiatric,$325 days 1-6 / $0 days 7-90,CMS,,,
H9700-008-000,Devoted,DEVOTED CHOICE 008 NC (PPO),2026,Skilled nursing facility,$0 days 1-20 / $218 days 21-100,CMS,,,
H9700-008-000,Devoted,DEVOTED CHOICE 008 NC (PPO),2026,Home health,$60,CMS,,,
H9700-008-000,Devoted,DEVOTED CHOICE 008 NC (PPO),2026,Outpatient hospital,$0 - $95,CMS,,,
H9700-008-000,Devoted,DEVOTED CHOICE 008 NC (PPO),2026,Outpatient surgery (ASC),$0 - $300,CMS,,,
H9700-008-000,Devoted,DEVOTED CHOICE 008 NC (PPO),2026,Outpatient surgery (hospital),20%,CMS,,,
H9700-008-000,Devoted,DEVOTED CHOICE 008 NC (PPO),2026,Observation services,$0 - $20,CMS,,,
H9700-008-000,Devoted,DEVOTED CHOICE 008 NC (PPO),2026,Emergency room,$130,CMS,,,
H9700-008-000,Devoted,DEVOTED CHOICE 008 NC (PPO),2026,Urgent care,$0 - $45,CMS,,,
H9700-008-000,Devoted,DEVOTED CHOICE 008 NC (PPO),2026,Ambulance (ground),$0 - $425,CMS,,,
H9700-008-000,Devoted,DEVOTED CHOICE 008 NC (PPO),2026,Ambulance (air),$325,CMS,,,
H9700-008-000,Devoted,DEVOTED CHOICE 008 NC (PPO),2026,Transportation,$0 - $325,CMS,,,
H9700-008-000,Devoted,DEVOTED CHOICE 008 NC (PPO),2026,Lab services,$0 - $325,CMS,,,
H9700-008-000,Devoted,DEVOTED CHOICE 008 NC (PPO),2026,Diagnostic radiology,20%,CMS,,,
H9700-008-000,Devoted,DEVOTED CHOICE 008 NC (PPO),2026,Renal dialysis,20%,CMS,,,
H9700-008-000,Devoted,DEVOTED CHOICE 008 NC (PPO),2026,Durable medical equipment,20%,CMS,,,
H9700-008-000,Devoted,DEVOTED CHOICE 008 NC (PPO),2026,Prosthetics,0% - 20%,CMS,,,
H9700-008-000,Devoted,DEVOTED CHOICE 008 NC (PPO),2026,Diabetic supplies,0% - 20%,CMS,,,
H9700-008-000,Devoted,DEVOTED CHOICE 008 NC (PPO),2026,Physical therapy,$0 - $30,CMS,,,
H9700-008-000,Devoted,DEVOTED CHOICE 008 NC (PPO),2026,Occupational therapy,$30 - $50,CMS,,,
H9700-008-000,Devoted,DEVOTED CHOICE 008 NC (PPO),2026,Cardiac rehab,$30,CMS,,,
H9700-008-000,Devoted,DEVOTED CHOICE 008 NC (PPO),2026,Pulmonary rehab,$30,CMS,,,
H9700-008-000,Devoted,DEVOTED CHOICE 008 NC (PPO),2026,Mental health (individual),$30,CMS,,,
H9700-008-000,Devoted,DEVOTED CHOICE 008 NC (PPO),2026,Mental health (group),$30,CMS,,,
H9700-008-000,Devoted,DEVOTED CHOICE 008 NC (PPO),2026,Substance abuse (individual),$30,CMS,,,
H9700-008-000,Devoted,DEVOTED CHOICE 008 NC (PPO),2026,Partial hospitalization,$30,CMS,,,
H9700-008-000,Devoted,DEVOTED CHOICE 008 NC (PPO),2026,Rx deductible,"$270 (tiers 1,2 exempt)",CMS,,,
H9700-008-000,Devoted,DEVOTED CHOICE 008 NC (PPO),2026,Dental - allowance,"$2,500 per year",CMS,,,
H9700-008-000,Devoted,DEVOTED CHOICE 008 NC (PPO),2026,Dental - preventive,$30,CMS,,,
H9700-008-000,Devoted,DEVOTED CHOICE 008 NC (PPO),2026,Dental - restorative,0% - 50%,CMS,,,
H9700-008-000,Devoted,DEVOTED CHOICE 008 NC (PPO),2026,Dental - endodontics,0% - 50%,CMS,,,
H9700-008-000,Devoted,DEVOTED CHOICE 008 NC (PPO),2026,Dental - extractions,0% - 50%,CMS,,,
H9700-008-000,Devoted,DEVOTED CHOICE 008 NC (PPO),2026,Hearing aids,$399 - $699 (2 per year),CMS,,,
H9700-008-000,Devoted,DEVOTED CHOICE 008 NC (PPO),2026,OTC allowance,$100 per visit,CMS,,,
H9700-008-000,Devoted,DEVOTED CHOICE 008 NC (PPO),2027,Service area,"Alleghany, Ashe, Wilkes",FL,,,
H9700-008-000,Devoted,DEVOTED CHOICE 008 NC (PPO),2027,Key notes,-,FL,,,
H9700-009-000,Devoted,DEVOTED CHOICE GIVEBACK 009 NC (PPO),2026,Premium,$0.00,CMS,,,
H9700-009-000,Devoted,DEVOTED CHOICE GIVEBACK 009 NC (PPO),2026,Max out-of-pocket,"$9,250.00",CMS,,,
H9700-009-000,Devoted,DEVOTED CHOICE GIVEBACK 009 NC (PPO),2026,Specialist,$55,CMS,,,
H9700-009-000,Devoted,DEVOTED CHOICE GIVEBACK 009 NC (PPO),2026,Telehealth,$0 - $55,CMS,,,
H9700-009-000,Devoted,DEVOTED CHOICE GIVEBACK 009 NC (PPO),2026,Chiropractic,$15,CMS,,,
H9700-009-000,Devoted,DEVOTED CHOICE GIVEBACK 009 NC (PPO),2026,Podiatry,$55,CMS,,,
H9700-009-000,Devoted,DEVOTED CHOICE GIVEBACK 009 NC (PPO),2026,Other professional,$50,CMS,,,
H9700-009-000,Devoted,DEVOTED CHOICE GIVEBACK 009 NC (PPO),2026,Inpatient hospital,$475 days 1-4 / $0 days 5-90,CMS,,,
H9700-009-000,Devoted,DEVOTED CHOICE GIVEBACK 009 NC (PPO),2026,Inpatient psychiatric,$475 days 1-4 / $0 days 5-90,CMS,,,
H9700-009-000,Devoted,DEVOTED CHOICE GIVEBACK 009 NC (PPO),2026,Skilled nursing facility,$0 days 1-20 / $218 days 21-100,CMS,,,
H9700-009-000,Devoted,DEVOTED CHOICE GIVEBACK 009 NC (PPO),2026,Home health,$70,CMS,,,
H9700-009-000,Devoted,DEVOTED CHOICE GIVEBACK 009 NC (PPO),2026,Outpatient hospital,$0 - $95,CMS,,,
H9700-009-000,Devoted,DEVOTED CHOICE GIVEBACK 009 NC (PPO),2026,Outpatient surgery (ASC),$0 - $280,CMS,,,
H9700-009-000,Devoted,DEVOTED CHOICE GIVEBACK 009 NC (PPO),2026,Outpatient surgery (hospital),20%,CMS,,,
H9700-009-000,Devoted,DEVOTED CHOICE GIVEBACK 009 NC (PPO),2026,Observation services,$0 - $40,CMS,,,
H9700-009-000,Devoted,DEVOTED CHOICE GIVEBACK 009 NC (PPO),2026,Emergency room,$115,CMS,,,
H9700-009-000,Devoted,DEVOTED CHOICE GIVEBACK 009 NC (PPO),2026,Urgent care,$0 - $40,CMS,,,
H9700-009-000,Devoted,DEVOTED CHOICE GIVEBACK 009 NC (PPO),2026,Ambulance (ground),$0 - $475,CMS,,,
H9700-009-000,Devoted,DEVOTED CHOICE GIVEBACK 009 NC (PPO),2026,Ambulance (air),$475,CMS,,,
H9700-009-000,Devoted,DEVOTED CHOICE GIVEBACK 009 NC (PPO),2026,Transportation,$0 - $475,CMS,,,
H9700-009-000,Devoted,DEVOTED CHOICE GIVEBACK 009 NC (PPO),2026,Lab services,$0 - $315,CMS,,,
H9700-009-000,Devoted,DEVOTED CHOICE GIVEBACK 009 NC (PPO),2026,Diagnostic radiology,20%,CMS,,,
H9700-009-000,Devoted,DEVOTED CHOICE GIVEBACK 009 NC (PPO),2026,Renal dialysis,20%,CMS,,,
H9700-009-000,Devoted,DEVOTED CHOICE GIVEBACK 009 NC (PPO),2026,Durable medical equipment,16%,CMS,,,
H9700-009-000,Devoted,DEVOTED CHOICE GIVEBACK 009 NC (PPO),2026,Prosthetics,0% - 20%,CMS,,,
H9700-009-000,Devoted,DEVOTED CHOICE GIVEBACK 009 NC (PPO),2026,Diabetic supplies,0% - 16%,CMS,,,
H9700-009-000,Devoted,DEVOTED CHOICE GIVEBACK 009 NC (PPO),2026,Physical therapy,$0 - $55,CMS,,,
H9700-009-000,Devoted,DEVOTED CHOICE GIVEBACK 009 NC (PPO),2026,Occupational therapy,$35,CMS,,,
H9700-009-000,Devoted,DEVOTED CHOICE GIVEBACK 009 NC (PPO),2026,Cardiac rehab,$30,CMS,,,
H9700-009-000,Devoted,DEVOTED CHOICE GIVEBACK 009 NC (PPO),2026,Pulmonary rehab,$25,CMS,,,
H9700-009-000,Devoted,DEVOTED CHOICE GIVEBACK 009 NC (PPO),2026,Mental health (individual),$50,CMS,,,
H9700-009-000,Devoted,DEVOTED CHOICE GIVEBACK 009 NC (PPO),2026,Mental health (group),$50,CMS,,,
H9700-009-000,Devoted,DEVOTED CHOICE GIVEBACK 009 NC (PPO),2026,Substance abuse (individual),$50,CMS,,,
H9700-009-000,Devoted,DEVOTED CHOICE GIVEBACK 009 NC (PPO),2026,Partial hospitalization,$50,CMS,,,
H9700-009-000,Devoted,DEVOTED CHOICE GIVEBACK 009 NC (PPO),2026,Rx deductible,"$605 (tiers 1,2 exempt)",CMS,,,
H9700-009-000,Devoted,DEVOTED CHOICE GIVEBACK 009 NC (PPO),2026,Dental - allowance,$250 per year,CMS,,,
H9700-009-000,Devoted,DEVOTED CHOICE GIVEBACK 009 NC (PPO),2026,Dental - preventive,$55,CMS,,,
H9700-009-000,Devoted,DEVOTED CHOICE GIVEBACK 009 NC (PPO),2026,Hearing aids,$599 - $899 (2 per year),CMS,,,
H9700-009-000,Devoted,DEVOTED CHOICE GIVEBACK 009 NC (PPO),2027,Service area,"Alleghany, Ashe, Wilkes",FL,,,
H9700-009-000,Devoted,DEVOTED CHOICE GIVEBACK 009 NC (PPO),2027,Key notes,"Higher giveback amount, less supplemental coverage. The Part B premium buydown benefit is designed for members who pay their own Medicare Part B premium. Members whose premium is paid by Medicaid or another assistance program will not benefit from the premium reduction. Processing through Social Security may take several months.",FL,,,
