CMS Code,Plan Name,Year,Benefit,Value,Source,Verified By,Verified Date,Notes
H3146-001,Aetna Medicare Signature (HMO),2027,Ambulance (air),20% coinsurance,CMS,Aetna 2027 Plan Guide (CMS-approved),2026-09-03,"Aetna 2027 Plan Guide (PG27-NC01/NC02/NCC01/NCS01), CMS-approved material ID Y0001_8915303_2027_M NC01, dated 20260818. Not for distribution prior to 10/01."
H3146-001,Aetna Medicare Signature (HMO),2027,Ambulance (ground),$310 copay,CMS,Aetna 2027 Plan Guide (CMS-approved),2026-09-03,"Aetna 2027 Plan Guide (PG27-NC01/NC02/NCC01/NCS01), CMS-approved material ID Y0001_8915303_2027_M NC01, dated 20260818. Not for distribution prior to 10/01."
H3146-001,Aetna Medicare Signature (HMO),2027,Annual physical exam,$0 copay for an annual routine physical exam.,CMS,Aetna 2027 Plan Guide (CMS-approved),2026-09-03,"Aetna 2027 Plan Guide (PG27-NC01/NC02/NCC01/NCS01), CMS-approved material ID Y0001_8915303_2027_M NC01, dated 20260818. Not for distribution prior to 10/01."
H3146-001,Aetna Medicare Signature (HMO),2027,Dental - allowance,"$0 - 50% cost share. Our plan pays for preventive dental services and $1,500 every year for comprehensive dental services. You must use the Aetna Dental PPO Network.",CMS,Aetna 2027 Plan Guide (CMS-approved),2026-09-03,"Aetna 2027 Plan Guide (PG27-NC01/NC02/NCC01/NCS01), CMS-approved material ID Y0001_8915303_2027_M NC01, dated 20260818. Not for distribution prior to 10/01."
H3146-001,Aetna Medicare Signature (HMO),2027,Durable medical equipment,20% coinsurance,CMS,Aetna 2027 Plan Guide (CMS-approved),2026-09-03,"Aetna 2027 Plan Guide (PG27-NC01/NC02/NCC01/NCS01), CMS-approved material ID Y0001_8915303_2027_M NC01, dated 20260818. Not for distribution prior to 10/01."
H3146-001,Aetna Medicare Signature (HMO),2027,Emergency room,$130 copay,CMS,Aetna 2027 Plan Guide (CMS-approved),2026-09-03,"Aetna 2027 Plan Guide (PG27-NC01/NC02/NCC01/NCS01), CMS-approved material ID Y0001_8915303_2027_M NC01, dated 20260818. Not for distribution prior to 10/01."
H3146-001,Aetna Medicare Signature (HMO),2027,Fitness,Physical fitness program: Basic SilverSneakers® membership.,CMS,Aetna 2027 Plan Guide (CMS-approved),2026-09-03,"Aetna 2027 Plan Guide (PG27-NC01/NC02/NCC01/NCS01), CMS-approved material ID Y0001_8915303_2027_M NC01, dated 20260818. Not for distribution prior to 10/01."
H3146-001,Aetna Medicare Signature (HMO),2027,Hearing - routine exam,$0 copay (one exam every year) Appointments must be scheduled through NationsHearing®.,CMS,Aetna 2027 Plan Guide (CMS-approved),2026-09-03,"Aetna 2027 Plan Guide (PG27-NC01/NC02/NCC01/NCS01), CMS-approved material ID Y0001_8915303_2027_M NC01, dated 20260818. Not for distribution prior to 10/01."
H3146-001,Aetna Medicare Signature (HMO),2027,Hearing aids,"Our plan pays $1,250 per ear every year for hearing aids. Hearing aids must be purchased through NationsHearing®. $35 copay",CMS,Aetna 2027 Plan Guide (CMS-approved),2026-09-03,"Aetna 2027 Plan Guide (PG27-NC01/NC02/NCC01/NCS01), CMS-approved material ID Y0001_8915303_2027_M NC01, dated 20260818. Not for distribution prior to 10/01."
H3146-001,Aetna Medicare Signature (HMO),2027,Inpatient hospital,"$408 per day, days 1-6; $0 per day, days 7-90; $0 for additional days. Our plan covers unlimited hospital days.",CMS,Aetna 2027 Plan Guide (CMS-approved),2026-09-03,"Aetna 2027 Plan Guide (PG27-NC01/NC02/NCC01/NCS01), CMS-approved material ID Y0001_8915303_2027_M NC01, dated 20260818. Not for distribution prior to 10/01."
H3146-001,Aetna Medicare Signature (HMO),2027,Lab services,$0 - $35 copay Lower cost sharing is for services provided by your primary care provider in their office. $0 copay for certain lab services,CMS,Aetna 2027 Plan Guide (CMS-approved),2026-09-03,"Aetna 2027 Plan Guide (PG27-NC01/NC02/NCC01/NCS01), CMS-approved material ID Y0001_8915303_2027_M NC01, dated 20260818. Not for distribution prior to 10/01."
H3146-001,Aetna Medicare Signature (HMO),2027,Max out-of-pocket,"$5,500",CMS,Aetna 2027 Plan Guide (CMS-approved),2026-09-03,"Aetna 2027 Plan Guide (PG27-NC01/NC02/NCC01/NCS01), CMS-approved material ID Y0001_8915303_2027_M NC01, dated 20260818. Not for distribution prior to 10/01."
H3146-001,Aetna Medicare Signature (HMO),2027,Medical deductible,$0,CMS,Aetna 2027 Plan Guide (CMS-approved),2026-09-03,"Aetna 2027 Plan Guide (PG27-NC01/NC02/NCC01/NCS01), CMS-approved material ID Y0001_8915303_2027_M NC01, dated 20260818. Not for distribution prior to 10/01."
H3146-001,Aetna Medicare Signature (HMO),2027,Mental health (individual),$40 copay,CMS,Aetna 2027 Plan Guide (CMS-approved),2026-09-03,"Aetna 2027 Plan Guide (PG27-NC01/NC02/NCC01/NCS01), CMS-approved material ID Y0001_8915303_2027_M NC01, dated 20260818. Not for distribution prior to 10/01."
H3146-001,Aetna Medicare Signature (HMO),2027,OTC allowance,CVS Over-the-counter,CMS,Aetna 2027 Plan Guide (CMS-approved),2026-09-03,"Aetna 2027 Plan Guide (PG27-NC01/NC02/NCC01/NCS01), CMS-approved material ID Y0001_8915303_2027_M NC01, dated 20260818. Not for distribution prior to 10/01."
H3146-001,Aetna Medicare Signature (HMO),2027,Occupational therapy,$35 copay,CMS,Aetna 2027 Plan Guide (CMS-approved),2026-09-03,"Aetna 2027 Plan Guide (PG27-NC01/NC02/NCC01/NCS01), CMS-approved material ID Y0001_8915303_2027_M NC01, dated 20260818. Not for distribution prior to 10/01."
H3146-001,Aetna Medicare Signature (HMO),2027,Outpatient hospital,$30 - $408 copay $30 copay for outpatient hospital services other than surgery $408 copay for each outpatient hospital surgery,CMS,Aetna 2027 Plan Guide (CMS-approved),2026-09-03,"Aetna 2027 Plan Guide (PG27-NC01/NC02/NCC01/NCS01), CMS-approved material ID Y0001_8915303_2027_M NC01, dated 20260818. Not for distribution prior to 10/01."
H3146-001,Aetna Medicare Signature (HMO),2027,Outpatient surgery (ASC),$358 copay,CMS,Aetna 2027 Plan Guide (CMS-approved),2026-09-03,"Aetna 2027 Plan Guide (PG27-NC01/NC02/NCC01/NCS01), CMS-approved material ID Y0001_8915303_2027_M NC01, dated 20260818. Not for distribution prior to 10/01."
H3146-001,Aetna Medicare Signature (HMO),2027,PCP,$0 copay In-network PCP selection is required.,CMS,Aetna 2027 Plan Guide (CMS-approved),2026-09-03,"Aetna 2027 Plan Guide (PG27-NC01/NC02/NCC01/NCS01), CMS-approved material ID Y0001_8915303_2027_M NC01, dated 20260818. Not for distribution prior to 10/01."
H3146-001,Aetna Medicare Signature (HMO),2027,Part B giveback,$0,CMS,Aetna 2027 Plan Guide (CMS-approved),2026-09-03,"Aetna 2027 Plan Guide (PG27-NC01/NC02/NCC01/NCS01), CMS-approved material ID Y0001_8915303_2027_M NC01, dated 20260818. Not for distribution prior to 10/01."
H3146-001,Aetna Medicare Signature (HMO),2027,Premium,$0,CMS,Aetna 2027 Plan Guide (CMS-approved),2026-09-03,"Aetna 2027 Plan Guide (PG27-NC01/NC02/NCC01/NCS01), CMS-approved material ID Y0001_8915303_2027_M NC01, dated 20260818. Not for distribution prior to 10/01."
H3146-001,Aetna Medicare Signature (HMO),2027,Referrals,This plan doesn’t require a referral to see a specialist.,CMS,Aetna 2027 Plan Guide (CMS-approved),2026-09-03,"Aetna 2027 Plan Guide (PG27-NC01/NC02/NCC01/NCS01), CMS-approved material ID Y0001_8915303_2027_M NC01, dated 20260818. Not for distribution prior to 10/01."
H3146-001,Aetna Medicare Signature (HMO),2027,Skilled nursing facility,"$10 per day, days 1-20; $221 per day, days 21-100 Our plan covers up to 100 days per benefit period.",CMS,Aetna 2027 Plan Guide (CMS-approved),2026-09-03,"Aetna 2027 Plan Guide (PG27-NC01/NC02/NCC01/NCS01), CMS-approved material ID Y0001_8915303_2027_M NC01, dated 20260818. Not for distribution prior to 10/01."
H3146-001,Aetna Medicare Signature (HMO),2027,Specialist,$30 copay,CMS,Aetna 2027 Plan Guide (CMS-approved),2026-09-03,"Aetna 2027 Plan Guide (PG27-NC01/NC02/NCC01/NCS01), CMS-approved material ID Y0001_8915303_2027_M NC01, dated 20260818. Not for distribution prior to 10/01."
H3146-001,Aetna Medicare Signature (HMO),2027,Urgent care,$50 copay,CMS,Aetna 2027 Plan Guide (CMS-approved),2026-09-03,"Aetna 2027 Plan Guide (PG27-NC01/NC02/NCC01/NCS01), CMS-approved material ID Y0001_8915303_2027_M NC01, dated 20260818. Not for distribution prior to 10/01."
H3146-001,Aetna Medicare Signature (HMO),2027,Vision - eyeglasses,Our plan pays $100 every year for prescription eyewear. You must use the EyeMed network.,CMS,Aetna 2027 Plan Guide (CMS-approved),2026-09-03,"Aetna 2027 Plan Guide (PG27-NC01/NC02/NCC01/NCS01), CMS-approved material ID Y0001_8915303_2027_M NC01, dated 20260818. Not for distribution prior to 10/01."
H3146-001,Aetna Medicare Signature (HMO),2027,Vision - routine eye exam,$0 copay with an EyeMed provider (one exam every year),CMS,Aetna 2027 Plan Guide (CMS-approved),2026-09-03,"Aetna 2027 Plan Guide (PG27-NC01/NC02/NCC01/NCS01), CMS-approved material ID Y0001_8915303_2027_M NC01, dated 20260818. Not for distribution prior to 10/01."
H3146-001,Aetna Medicare Signature (HMO),2027,X-ray,X-rays: $50 copay Diagnostic radiology: $0 - $300 copay Lower cost sharing is for services provided by your primary care provider in their office.,CMS,Aetna 2027 Plan Guide (CMS-approved),2026-09-03,"Aetna 2027 Plan Guide (PG27-NC01/NC02/NCC01/NCS01), CMS-approved material ID Y0001_8915303_2027_M NC01, dated 20260818. Not for distribution prior to 10/01."
H3146-002,Aetna Medicare Full Dual (HMO D-SNP),2027,Ambulance (air),$0 copay,CMS,Aetna 2027 Plan Guide (CMS-approved),2026-09-03,"Aetna 2027 Plan Guide (PG27-NC01/NC02/NCC01/NCS01), CMS-approved material ID Y0001_8915303_2027_M NC01, dated 20260818. Not for distribution prior to 10/01."
H3146-002,Aetna Medicare Full Dual (HMO D-SNP),2027,Ambulance (ground),$0 copay,CMS,Aetna 2027 Plan Guide (CMS-approved),2026-09-03,"Aetna 2027 Plan Guide (PG27-NC01/NC02/NCC01/NCS01), CMS-approved material ID Y0001_8915303_2027_M NC01, dated 20260818. Not for distribution prior to 10/01."
H3146-002,Aetna Medicare Full Dual (HMO D-SNP),2027,Annual physical exam,$0 copay for an annual routine physical exam.,CMS,Aetna 2027 Plan Guide (CMS-approved),2026-09-03,"Aetna 2027 Plan Guide (PG27-NC01/NC02/NCC01/NCS01), CMS-approved material ID Y0001_8915303_2027_M NC01, dated 20260818. Not for distribution prior to 10/01."
H3146-002,Aetna Medicare Full Dual (HMO D-SNP),2027,Dental - allowance,"Our plan pays $2,000 every year for in-network preventive and comprehensive dental services combined. You must use the Aetna Dental PPO Network.",CMS,Aetna 2027 Plan Guide (CMS-approved),2026-09-03,"Aetna 2027 Plan Guide (PG27-NC01/NC02/NCC01/NCS01), CMS-approved material ID Y0001_8915303_2027_M NC01, dated 20260818. Not for distribution prior to 10/01."
H3146-002,Aetna Medicare Full Dual (HMO D-SNP),2027,Durable medical equipment,$0 copay,CMS,Aetna 2027 Plan Guide (CMS-approved),2026-09-03,"Aetna 2027 Plan Guide (PG27-NC01/NC02/NCC01/NCS01), CMS-approved material ID Y0001_8915303_2027_M NC01, dated 20260818. Not for distribution prior to 10/01."
H3146-002,Aetna Medicare Full Dual (HMO D-SNP),2027,Emergency room,$0 copay,CMS,Aetna 2027 Plan Guide (CMS-approved),2026-09-03,"Aetna 2027 Plan Guide (PG27-NC01/NC02/NCC01/NCS01), CMS-approved material ID Y0001_8915303_2027_M NC01, dated 20260818. Not for distribution prior to 10/01."
H3146-002,Aetna Medicare Full Dual (HMO D-SNP),2027,Fitness,Physical fitness program: Basic SilverSneakers® membership.,CMS,Aetna 2027 Plan Guide (CMS-approved),2026-09-03,"Aetna 2027 Plan Guide (PG27-NC01/NC02/NCC01/NCS01), CMS-approved material ID Y0001_8915303_2027_M NC01, dated 20260818. Not for distribution prior to 10/01."
H3146-002,Aetna Medicare Full Dual (HMO D-SNP),2027,Hearing - routine exam,$0 copay (one exam every year) Appointments must be scheduled through NationsHearing®.,CMS,Aetna 2027 Plan Guide (CMS-approved),2026-09-03,"Aetna 2027 Plan Guide (PG27-NC01/NC02/NCC01/NCS01), CMS-approved material ID Y0001_8915303_2027_M NC01, dated 20260818. Not for distribution prior to 10/01."
H3146-002,Aetna Medicare Full Dual (HMO D-SNP),2027,Hearing aids,"Our plan pays $1,250 per ear every year for hearing aids. Hearing aids must be purchased through NationsHearing®. $0 copay",CMS,Aetna 2027 Plan Guide (CMS-approved),2026-09-03,"Aetna 2027 Plan Guide (PG27-NC01/NC02/NCC01/NCS01), CMS-approved material ID Y0001_8915303_2027_M NC01, dated 20260818. Not for distribution prior to 10/01."
H3146-002,Aetna Medicare Full Dual (HMO D-SNP),2027,Inpatient hospital,$0 copay,CMS,Aetna 2027 Plan Guide (CMS-approved),2026-09-03,"Aetna 2027 Plan Guide (PG27-NC01/NC02/NCC01/NCS01), CMS-approved material ID Y0001_8915303_2027_M NC01, dated 20260818. Not for distribution prior to 10/01."
H3146-002,Aetna Medicare Full Dual (HMO D-SNP),2027,Lab services,$0 copay,CMS,Aetna 2027 Plan Guide (CMS-approved),2026-09-03,"Aetna 2027 Plan Guide (PG27-NC01/NC02/NCC01/NCS01), CMS-approved material ID Y0001_8915303_2027_M NC01, dated 20260818. Not for distribution prior to 10/01."
H3146-002,Aetna Medicare Full Dual (HMO D-SNP),2027,Max out-of-pocket,"$9,850 So long as Medicaid continues to pay your Medicare deductible, coinsurance, and copayments, you will not have a maximum out-of-pocket responsibility.",CMS,Aetna 2027 Plan Guide (CMS-approved),2026-09-03,"Aetna 2027 Plan Guide (PG27-NC01/NC02/NCC01/NCS01), CMS-approved material ID Y0001_8915303_2027_M NC01, dated 20260818. Not for distribution prior to 10/01."
H3146-002,Aetna Medicare Full Dual (HMO D-SNP),2027,Meals,"Up to 14 home-delivered meals over a 7-day period after being discharged from an Inpatient Acute Hospital, Inpatient Psychiatric Hospital or Skilled Nursing Facility.",CMS,Aetna 2027 Plan Guide (CMS-approved),2026-09-03,"Aetna 2027 Plan Guide (PG27-NC01/NC02/NCC01/NCS01), CMS-approved material ID Y0001_8915303_2027_M NC01, dated 20260818. Not for distribution prior to 10/01."
H3146-002,Aetna Medicare Full Dual (HMO D-SNP),2027,Medical deductible,$0,CMS,Aetna 2027 Plan Guide (CMS-approved),2026-09-03,"Aetna 2027 Plan Guide (PG27-NC01/NC02/NCC01/NCS01), CMS-approved material ID Y0001_8915303_2027_M NC01, dated 20260818. Not for distribution prior to 10/01."
H3146-002,Aetna Medicare Full Dual (HMO D-SNP),2027,Mental health (individual),$0 copay,CMS,Aetna 2027 Plan Guide (CMS-approved),2026-09-03,"Aetna 2027 Plan Guide (PG27-NC01/NC02/NCC01/NCS01), CMS-approved material ID Y0001_8915303_2027_M NC01, dated 20260818. Not for distribution prior to 10/01."
H3146-002,Aetna Medicare Full Dual (HMO D-SNP),2027,OTC allowance,Over-the-Counter (OTC) Wallet $248 benefit amount (allowance) monthly on the Aetna Medicare Extra Benefits Card to help pay for certain OTC health and wellness products.,CMS,Aetna 2027 Plan Guide (CMS-approved),2026-09-03,"Aetna 2027 Plan Guide (PG27-NC01/NC02/NCC01/NCS01), CMS-approved material ID Y0001_8915303_2027_M NC01, dated 20260818. Not for distribution prior to 10/01."
H3146-002,Aetna Medicare Full Dual (HMO D-SNP),2027,Occupational therapy,$0 copay,CMS,Aetna 2027 Plan Guide (CMS-approved),2026-09-03,"Aetna 2027 Plan Guide (PG27-NC01/NC02/NCC01/NCS01), CMS-approved material ID Y0001_8915303_2027_M NC01, dated 20260818. Not for distribution prior to 10/01."
H3146-002,Aetna Medicare Full Dual (HMO D-SNP),2027,Outpatient hospital,$0 copay,CMS,Aetna 2027 Plan Guide (CMS-approved),2026-09-03,"Aetna 2027 Plan Guide (PG27-NC01/NC02/NCC01/NCS01), CMS-approved material ID Y0001_8915303_2027_M NC01, dated 20260818. Not for distribution prior to 10/01."
H3146-002,Aetna Medicare Full Dual (HMO D-SNP),2027,Outpatient surgery (ASC),$0 copay,CMS,Aetna 2027 Plan Guide (CMS-approved),2026-09-03,"Aetna 2027 Plan Guide (PG27-NC01/NC02/NCC01/NCS01), CMS-approved material ID Y0001_8915303_2027_M NC01, dated 20260818. Not for distribution prior to 10/01."
H3146-002,Aetna Medicare Full Dual (HMO D-SNP),2027,PCP,$0 copay In-network PCP selection is required.,CMS,Aetna 2027 Plan Guide (CMS-approved),2026-09-03,"Aetna 2027 Plan Guide (PG27-NC01/NC02/NCC01/NCS01), CMS-approved material ID Y0001_8915303_2027_M NC01, dated 20260818. Not for distribution prior to 10/01."
H3146-002,Aetna Medicare Full Dual (HMO D-SNP),2027,Premium,$0,CMS,Aetna 2027 Plan Guide (CMS-approved),2026-09-03,"Aetna 2027 Plan Guide (PG27-NC01/NC02/NCC01/NCS01), CMS-approved material ID Y0001_8915303_2027_M NC01, dated 20260818. Not for distribution prior to 10/01."
H3146-002,Aetna Medicare Full Dual (HMO D-SNP),2027,Referrals,This plan doesn’t require a referral to see a specialist.,CMS,Aetna 2027 Plan Guide (CMS-approved),2026-09-03,"Aetna 2027 Plan Guide (PG27-NC01/NC02/NCC01/NCS01), CMS-approved material ID Y0001_8915303_2027_M NC01, dated 20260818. Not for distribution prior to 10/01."
H3146-002,Aetna Medicare Full Dual (HMO D-SNP),2027,Skilled nursing facility,$0 per stay Our plan covers up to 100 days per benefit period.,CMS,Aetna 2027 Plan Guide (CMS-approved),2026-09-03,"Aetna 2027 Plan Guide (PG27-NC01/NC02/NCC01/NCS01), CMS-approved material ID Y0001_8915303_2027_M NC01, dated 20260818. Not for distribution prior to 10/01."
H3146-002,Aetna Medicare Full Dual (HMO D-SNP),2027,Specialist,$0 copay,CMS,Aetna 2027 Plan Guide (CMS-approved),2026-09-03,"Aetna 2027 Plan Guide (PG27-NC01/NC02/NCC01/NCS01), CMS-approved material ID Y0001_8915303_2027_M NC01, dated 20260818. Not for distribution prior to 10/01."
H3146-002,Aetna Medicare Full Dual (HMO D-SNP),2027,Urgent care,$0 copay,CMS,Aetna 2027 Plan Guide (CMS-approved),2026-09-03,"Aetna 2027 Plan Guide (PG27-NC01/NC02/NCC01/NCS01), CMS-approved material ID Y0001_8915303_2027_M NC01, dated 20260818. Not for distribution prior to 10/01."
H3146-002,Aetna Medicare Full Dual (HMO D-SNP),2027,Vision - eyeglasses,Our plan pays $100 every year for prescription eyewear. You must use the EyeMed network.,CMS,Aetna 2027 Plan Guide (CMS-approved),2026-09-03,"Aetna 2027 Plan Guide (PG27-NC01/NC02/NCC01/NCS01), CMS-approved material ID Y0001_8915303_2027_M NC01, dated 20260818. Not for distribution prior to 10/01."
H3146-002,Aetna Medicare Full Dual (HMO D-SNP),2027,Vision - routine eye exam,$0 copay with an EyeMed provider (one exam every year),CMS,Aetna 2027 Plan Guide (CMS-approved),2026-09-03,"Aetna 2027 Plan Guide (PG27-NC01/NC02/NCC01/NCS01), CMS-approved material ID Y0001_8915303_2027_M NC01, dated 20260818. Not for distribution prior to 10/01."
H3146-002,Aetna Medicare Full Dual (HMO D-SNP),2027,X-ray,$0 copay,CMS,Aetna 2027 Plan Guide (CMS-approved),2026-09-03,"Aetna 2027 Plan Guide (PG27-NC01/NC02/NCC01/NCS01), CMS-approved material ID Y0001_8915303_2027_M NC01, dated 20260818. Not for distribution prior to 10/01."
H3146-004,Aetna Medicare Signature (HMO),2027,Ambulance (air),20% coinsurance,CMS,Aetna 2027 Plan Guide (CMS-approved),2026-09-03,"Aetna 2027 Plan Guide (PG27-NC01/NC02/NCC01/NCS01), CMS-approved material ID Y0001_8915303_2027_M NC01, dated 20260818. Not for distribution prior to 10/01."
H3146-004,Aetna Medicare Signature (HMO),2027,Ambulance (ground),$310 copay,CMS,Aetna 2027 Plan Guide (CMS-approved),2026-09-03,"Aetna 2027 Plan Guide (PG27-NC01/NC02/NCC01/NCS01), CMS-approved material ID Y0001_8915303_2027_M NC01, dated 20260818. Not for distribution prior to 10/01."
H3146-004,Aetna Medicare Signature (HMO),2027,Annual physical exam,$0 copay for an annual routine physical exam.,CMS,Aetna 2027 Plan Guide (CMS-approved),2026-09-03,"Aetna 2027 Plan Guide (PG27-NC01/NC02/NCC01/NCS01), CMS-approved material ID Y0001_8915303_2027_M NC01, dated 20260818. Not for distribution prior to 10/01."
H3146-004,Aetna Medicare Signature (HMO),2027,Dental - allowance,"$0 - 50% cost share. Our plan pays for preventive dental services and $1,000 every year for comprehensive dental services. You must use the Aetna Dental PPO Network.",CMS,Aetna 2027 Plan Guide (CMS-approved),2026-09-03,"Aetna 2027 Plan Guide (PG27-NC01/NC02/NCC01/NCS01), CMS-approved material ID Y0001_8915303_2027_M NC01, dated 20260818. Not for distribution prior to 10/01."
H3146-004,Aetna Medicare Signature (HMO),2027,Durable medical equipment,20% coinsurance,CMS,Aetna 2027 Plan Guide (CMS-approved),2026-09-03,"Aetna 2027 Plan Guide (PG27-NC01/NC02/NCC01/NCS01), CMS-approved material ID Y0001_8915303_2027_M NC01, dated 20260818. Not for distribution prior to 10/01."
H3146-004,Aetna Medicare Signature (HMO),2027,Emergency room,$130 copay,CMS,Aetna 2027 Plan Guide (CMS-approved),2026-09-03,"Aetna 2027 Plan Guide (PG27-NC01/NC02/NCC01/NCS01), CMS-approved material ID Y0001_8915303_2027_M NC01, dated 20260818. Not for distribution prior to 10/01."
H3146-004,Aetna Medicare Signature (HMO),2027,Fitness,Physical fitness program: Basic SilverSneakers® membership.,CMS,Aetna 2027 Plan Guide (CMS-approved),2026-09-03,"Aetna 2027 Plan Guide (PG27-NC01/NC02/NCC01/NCS01), CMS-approved material ID Y0001_8915303_2027_M NC01, dated 20260818. Not for distribution prior to 10/01."
H3146-004,Aetna Medicare Signature (HMO),2027,Hearing - routine exam,$0 copay (one exam every year) Appointments must be scheduled through NationsHearing®.,CMS,Aetna 2027 Plan Guide (CMS-approved),2026-09-03,"Aetna 2027 Plan Guide (PG27-NC01/NC02/NCC01/NCS01), CMS-approved material ID Y0001_8915303_2027_M NC01, dated 20260818. Not for distribution prior to 10/01."
H3146-004,Aetna Medicare Signature (HMO),2027,Hearing aids,"Our plan pays $1,250 per ear every year for hearing aids. Hearing aids must be purchased through NationsHearing®. $35 copay",CMS,Aetna 2027 Plan Guide (CMS-approved),2026-09-03,"Aetna 2027 Plan Guide (PG27-NC01/NC02/NCC01/NCS01), CMS-approved material ID Y0001_8915303_2027_M NC01, dated 20260818. Not for distribution prior to 10/01."
H3146-004,Aetna Medicare Signature (HMO),2027,Inpatient hospital,"$408 per day, days 1-6; $0 per day, days 7-90; $0 for additional days. Our plan covers unlimited hospital days.",CMS,Aetna 2027 Plan Guide (CMS-approved),2026-09-03,"Aetna 2027 Plan Guide (PG27-NC01/NC02/NCC01/NCS01), CMS-approved material ID Y0001_8915303_2027_M NC01, dated 20260818. Not for distribution prior to 10/01."
H3146-004,Aetna Medicare Signature (HMO),2027,Lab services,$0 - $35 copay Lower cost sharing is for services provided by your primary care provider in their office. $0 copay for certain lab services,CMS,Aetna 2027 Plan Guide (CMS-approved),2026-09-03,"Aetna 2027 Plan Guide (PG27-NC01/NC02/NCC01/NCS01), CMS-approved material ID Y0001_8915303_2027_M NC01, dated 20260818. Not for distribution prior to 10/01."
H3146-004,Aetna Medicare Signature (HMO),2027,Max out-of-pocket,"$6,750",CMS,Aetna 2027 Plan Guide (CMS-approved),2026-09-03,"Aetna 2027 Plan Guide (PG27-NC01/NC02/NCC01/NCS01), CMS-approved material ID Y0001_8915303_2027_M NC01, dated 20260818. Not for distribution prior to 10/01."
H3146-004,Aetna Medicare Signature (HMO),2027,Medical deductible,$0,CMS,Aetna 2027 Plan Guide (CMS-approved),2026-09-03,"Aetna 2027 Plan Guide (PG27-NC01/NC02/NCC01/NCS01), CMS-approved material ID Y0001_8915303_2027_M NC01, dated 20260818. Not for distribution prior to 10/01."
H3146-004,Aetna Medicare Signature (HMO),2027,Mental health (individual),$40 copay,CMS,Aetna 2027 Plan Guide (CMS-approved),2026-09-03,"Aetna 2027 Plan Guide (PG27-NC01/NC02/NCC01/NCS01), CMS-approved material ID Y0001_8915303_2027_M NC01, dated 20260818. Not for distribution prior to 10/01."
H3146-004,Aetna Medicare Signature (HMO),2027,OTC allowance,CVS Over-the-counter,CMS,Aetna 2027 Plan Guide (CMS-approved),2026-09-03,"Aetna 2027 Plan Guide (PG27-NC01/NC02/NCC01/NCS01), CMS-approved material ID Y0001_8915303_2027_M NC01, dated 20260818. Not for distribution prior to 10/01."
H3146-004,Aetna Medicare Signature (HMO),2027,Occupational therapy,$35 copay,CMS,Aetna 2027 Plan Guide (CMS-approved),2026-09-03,"Aetna 2027 Plan Guide (PG27-NC01/NC02/NCC01/NCS01), CMS-approved material ID Y0001_8915303_2027_M NC01, dated 20260818. Not for distribution prior to 10/01."
H3146-004,Aetna Medicare Signature (HMO),2027,Outpatient hospital,$45 - $408 copay $45 copay for outpatient hospital services other than surgery $408 copay for each outpatient hospital surgery,CMS,Aetna 2027 Plan Guide (CMS-approved),2026-09-03,"Aetna 2027 Plan Guide (PG27-NC01/NC02/NCC01/NCS01), CMS-approved material ID Y0001_8915303_2027_M NC01, dated 20260818. Not for distribution prior to 10/01."
H3146-004,Aetna Medicare Signature (HMO),2027,Outpatient surgery (ASC),$358 copay,CMS,Aetna 2027 Plan Guide (CMS-approved),2026-09-03,"Aetna 2027 Plan Guide (PG27-NC01/NC02/NCC01/NCS01), CMS-approved material ID Y0001_8915303_2027_M NC01, dated 20260818. Not for distribution prior to 10/01."
H3146-004,Aetna Medicare Signature (HMO),2027,PCP,$0 copay In-network PCP selection is required.,CMS,Aetna 2027 Plan Guide (CMS-approved),2026-09-03,"Aetna 2027 Plan Guide (PG27-NC01/NC02/NCC01/NCS01), CMS-approved material ID Y0001_8915303_2027_M NC01, dated 20260818. Not for distribution prior to 10/01."
H3146-004,Aetna Medicare Signature (HMO),2027,Part B giveback,$0,CMS,Aetna 2027 Plan Guide (CMS-approved),2026-09-03,"Aetna 2027 Plan Guide (PG27-NC01/NC02/NCC01/NCS01), CMS-approved material ID Y0001_8915303_2027_M NC01, dated 20260818. Not for distribution prior to 10/01."
H3146-004,Aetna Medicare Signature (HMO),2027,Premium,$0,CMS,Aetna 2027 Plan Guide (CMS-approved),2026-09-03,"Aetna 2027 Plan Guide (PG27-NC01/NC02/NCC01/NCS01), CMS-approved material ID Y0001_8915303_2027_M NC01, dated 20260818. Not for distribution prior to 10/01."
H3146-004,Aetna Medicare Signature (HMO),2027,Referrals,This plan doesn’t require a referral to see a specialist.,CMS,Aetna 2027 Plan Guide (CMS-approved),2026-09-03,"Aetna 2027 Plan Guide (PG27-NC01/NC02/NCC01/NCS01), CMS-approved material ID Y0001_8915303_2027_M NC01, dated 20260818. Not for distribution prior to 10/01."
H3146-004,Aetna Medicare Signature (HMO),2027,Skilled nursing facility,"$10 per day, days 1-20; $221 per day, days 21-100 Our plan covers up to 100 days per benefit period.",CMS,Aetna 2027 Plan Guide (CMS-approved),2026-09-03,"Aetna 2027 Plan Guide (PG27-NC01/NC02/NCC01/NCS01), CMS-approved material ID Y0001_8915303_2027_M NC01, dated 20260818. Not for distribution prior to 10/01."
H3146-004,Aetna Medicare Signature (HMO),2027,Specialist,$45 copay,CMS,Aetna 2027 Plan Guide (CMS-approved),2026-09-03,"Aetna 2027 Plan Guide (PG27-NC01/NC02/NCC01/NCS01), CMS-approved material ID Y0001_8915303_2027_M NC01, dated 20260818. Not for distribution prior to 10/01."
H3146-004,Aetna Medicare Signature (HMO),2027,Urgent care,$50 copay,CMS,Aetna 2027 Plan Guide (CMS-approved),2026-09-03,"Aetna 2027 Plan Guide (PG27-NC01/NC02/NCC01/NCS01), CMS-approved material ID Y0001_8915303_2027_M NC01, dated 20260818. Not for distribution prior to 10/01."
H3146-004,Aetna Medicare Signature (HMO),2027,Vision - eyeglasses,Our plan pays $100 every year for prescription eyewear. You must use the EyeMed network.,CMS,Aetna 2027 Plan Guide (CMS-approved),2026-09-03,"Aetna 2027 Plan Guide (PG27-NC01/NC02/NCC01/NCS01), CMS-approved material ID Y0001_8915303_2027_M NC01, dated 20260818. Not for distribution prior to 10/01."
H3146-004,Aetna Medicare Signature (HMO),2027,Vision - routine eye exam,$0 copay with an EyeMed provider (one exam every year),CMS,Aetna 2027 Plan Guide (CMS-approved),2026-09-03,"Aetna 2027 Plan Guide (PG27-NC01/NC02/NCC01/NCS01), CMS-approved material ID Y0001_8915303_2027_M NC01, dated 20260818. Not for distribution prior to 10/01."
H3146-004,Aetna Medicare Signature (HMO),2027,X-ray,X-rays: $50 copay Diagnostic radiology: $0 - $300 copay Lower cost sharing is for services provided by your primary care provider in their office.,CMS,Aetna 2027 Plan Guide (CMS-approved),2026-09-03,"Aetna 2027 Plan Guide (PG27-NC01/NC02/NCC01/NCS01), CMS-approved material ID Y0001_8915303_2027_M NC01, dated 20260818. Not for distribution prior to 10/01."
H3146-007,Aetna Medicare Prime (HMO),2027,Ambulance (air),20% coinsurance,CMS,Aetna 2027 Plan Guide (CMS-approved),2026-09-03,"Aetna 2027 Plan Guide (PG27-NC01/NC02/NCC01/NCS01), CMS-approved material ID Y0001_8915303_2027_M NC01, dated 20260818. Not for distribution prior to 10/01."
H3146-007,Aetna Medicare Prime (HMO),2027,Ambulance (ground),$315 copay,CMS,Aetna 2027 Plan Guide (CMS-approved),2026-09-03,"Aetna 2027 Plan Guide (PG27-NC01/NC02/NCC01/NCS01), CMS-approved material ID Y0001_8915303_2027_M NC01, dated 20260818. Not for distribution prior to 10/01."
H3146-007,Aetna Medicare Prime (HMO),2027,Annual physical exam,$0 copay for an annual routine physical exam.,CMS,Aetna 2027 Plan Guide (CMS-approved),2026-09-03,"Aetna 2027 Plan Guide (PG27-NC01/NC02/NCC01/NCS01), CMS-approved material ID Y0001_8915303_2027_M NC01, dated 20260818. Not for distribution prior to 10/01."
H3146-007,Aetna Medicare Prime (HMO),2027,Dental - allowance,"$0 - 50% cost share. Our plan pays for preventive dental services and $1,500 every year for comprehensive dental services. You must use the Aetna Dental PPO Network.",CMS,Aetna 2027 Plan Guide (CMS-approved),2026-09-03,"Aetna 2027 Plan Guide (PG27-NC01/NC02/NCC01/NCS01), CMS-approved material ID Y0001_8915303_2027_M NC01, dated 20260818. Not for distribution prior to 10/01."
H3146-007,Aetna Medicare Prime (HMO),2027,Durable medical equipment,20% coinsurance,CMS,Aetna 2027 Plan Guide (CMS-approved),2026-09-03,"Aetna 2027 Plan Guide (PG27-NC01/NC02/NCC01/NCS01), CMS-approved material ID Y0001_8915303_2027_M NC01, dated 20260818. Not for distribution prior to 10/01."
H3146-007,Aetna Medicare Prime (HMO),2027,Emergency room,$130 copay,CMS,Aetna 2027 Plan Guide (CMS-approved),2026-09-03,"Aetna 2027 Plan Guide (PG27-NC01/NC02/NCC01/NCS01), CMS-approved material ID Y0001_8915303_2027_M NC01, dated 20260818. Not for distribution prior to 10/01."
H3146-007,Aetna Medicare Prime (HMO),2027,Fitness,Physical fitness program: Basic SilverSneakers® membership.,CMS,Aetna 2027 Plan Guide (CMS-approved),2026-09-03,"Aetna 2027 Plan Guide (PG27-NC01/NC02/NCC01/NCS01), CMS-approved material ID Y0001_8915303_2027_M NC01, dated 20260818. Not for distribution prior to 10/01."
H3146-007,Aetna Medicare Prime (HMO),2027,Hearing - routine exam,$0 copay (one exam every year) Appointments must be scheduled through NationsHearing®.,CMS,Aetna 2027 Plan Guide (CMS-approved),2026-09-03,"Aetna 2027 Plan Guide (PG27-NC01/NC02/NCC01/NCS01), CMS-approved material ID Y0001_8915303_2027_M NC01, dated 20260818. Not for distribution prior to 10/01."
H3146-007,Aetna Medicare Prime (HMO),2027,Hearing aids,"Our plan pays $1,250 per ear every year for hearing aids. Hearing aids must be purchased through NationsHearing®. $35 copay",CMS,Aetna 2027 Plan Guide (CMS-approved),2026-09-03,"Aetna 2027 Plan Guide (PG27-NC01/NC02/NCC01/NCS01), CMS-approved material ID Y0001_8915303_2027_M NC01, dated 20260818. Not for distribution prior to 10/01."
H3146-007,Aetna Medicare Prime (HMO),2027,Inpatient hospital,"$408 per day, days 1-6; $0 per day, days 7-90; $0 for additional days. Our plan covers unlimited hospital days.",CMS,Aetna 2027 Plan Guide (CMS-approved),2026-09-03,"Aetna 2027 Plan Guide (PG27-NC01/NC02/NCC01/NCS01), CMS-approved material ID Y0001_8915303_2027_M NC01, dated 20260818. Not for distribution prior to 10/01."
H3146-007,Aetna Medicare Prime (HMO),2027,Lab services,$0 - $35 copay Lower cost sharing is for services provided by your primary care provider in their office. $0 copay for certain lab services,CMS,Aetna 2027 Plan Guide (CMS-approved),2026-09-03,"Aetna 2027 Plan Guide (PG27-NC01/NC02/NCC01/NCS01), CMS-approved material ID Y0001_8915303_2027_M NC01, dated 20260818. Not for distribution prior to 10/01."
H3146-007,Aetna Medicare Prime (HMO),2027,Max out-of-pocket,"$5,200",CMS,Aetna 2027 Plan Guide (CMS-approved),2026-09-03,"Aetna 2027 Plan Guide (PG27-NC01/NC02/NCC01/NCS01), CMS-approved material ID Y0001_8915303_2027_M NC01, dated 20260818. Not for distribution prior to 10/01."
H3146-007,Aetna Medicare Prime (HMO),2027,Medical deductible,$0,CMS,Aetna 2027 Plan Guide (CMS-approved),2026-09-03,"Aetna 2027 Plan Guide (PG27-NC01/NC02/NCC01/NCS01), CMS-approved material ID Y0001_8915303_2027_M NC01, dated 20260818. Not for distribution prior to 10/01."
H3146-007,Aetna Medicare Prime (HMO),2027,Mental health (individual),$40 copay,CMS,Aetna 2027 Plan Guide (CMS-approved),2026-09-03,"Aetna 2027 Plan Guide (PG27-NC01/NC02/NCC01/NCS01), CMS-approved material ID Y0001_8915303_2027_M NC01, dated 20260818. Not for distribution prior to 10/01."
H3146-007,Aetna Medicare Prime (HMO),2027,OTC allowance,CVS Over-the-counter,CMS,Aetna 2027 Plan Guide (CMS-approved),2026-09-03,"Aetna 2027 Plan Guide (PG27-NC01/NC02/NCC01/NCS01), CMS-approved material ID Y0001_8915303_2027_M NC01, dated 20260818. Not for distribution prior to 10/01."
H3146-007,Aetna Medicare Prime (HMO),2027,Occupational therapy,$35 copay,CMS,Aetna 2027 Plan Guide (CMS-approved),2026-09-03,"Aetna 2027 Plan Guide (PG27-NC01/NC02/NCC01/NCS01), CMS-approved material ID Y0001_8915303_2027_M NC01, dated 20260818. Not for distribution prior to 10/01."
H3146-007,Aetna Medicare Prime (HMO),2027,Outpatient hospital,$20 - $408 copay $20 copay for outpatient hospital services other than surgery $408 copay for each outpatient hospital surgery,CMS,Aetna 2027 Plan Guide (CMS-approved),2026-09-03,"Aetna 2027 Plan Guide (PG27-NC01/NC02/NCC01/NCS01), CMS-approved material ID Y0001_8915303_2027_M NC01, dated 20260818. Not for distribution prior to 10/01."
H3146-007,Aetna Medicare Prime (HMO),2027,Outpatient surgery (ASC),$358 copay,CMS,Aetna 2027 Plan Guide (CMS-approved),2026-09-03,"Aetna 2027 Plan Guide (PG27-NC01/NC02/NCC01/NCS01), CMS-approved material ID Y0001_8915303_2027_M NC01, dated 20260818. Not for distribution prior to 10/01."
H3146-007,Aetna Medicare Prime (HMO),2027,PCP,$0 copay In-network PCP selection is required.,CMS,Aetna 2027 Plan Guide (CMS-approved),2026-09-03,"Aetna 2027 Plan Guide (PG27-NC01/NC02/NCC01/NCS01), CMS-approved material ID Y0001_8915303_2027_M NC01, dated 20260818. Not for distribution prior to 10/01."
H3146-007,Aetna Medicare Prime (HMO),2027,Premium,$0,CMS,Aetna 2027 Plan Guide (CMS-approved),2026-09-03,"Aetna 2027 Plan Guide (PG27-NC01/NC02/NCC01/NCS01), CMS-approved material ID Y0001_8915303_2027_M NC01, dated 20260818. Not for distribution prior to 10/01."
H3146-007,Aetna Medicare Prime (HMO),2027,Referrals,This plan doesn’t require a referral to see a specialist.,CMS,Aetna 2027 Plan Guide (CMS-approved),2026-09-03,"Aetna 2027 Plan Guide (PG27-NC01/NC02/NCC01/NCS01), CMS-approved material ID Y0001_8915303_2027_M NC01, dated 20260818. Not for distribution prior to 10/01."
H3146-007,Aetna Medicare Prime (HMO),2027,Skilled nursing facility,"$10 per day, days 1-20; $221 per day, days 21-100 Our plan covers up to 100 days per benefit period.",CMS,Aetna 2027 Plan Guide (CMS-approved),2026-09-03,"Aetna 2027 Plan Guide (PG27-NC01/NC02/NCC01/NCS01), CMS-approved material ID Y0001_8915303_2027_M NC01, dated 20260818. Not for distribution prior to 10/01."
H3146-007,Aetna Medicare Prime (HMO),2027,Specialist,$20 copay,CMS,Aetna 2027 Plan Guide (CMS-approved),2026-09-03,"Aetna 2027 Plan Guide (PG27-NC01/NC02/NCC01/NCS01), CMS-approved material ID Y0001_8915303_2027_M NC01, dated 20260818. Not for distribution prior to 10/01."
H3146-007,Aetna Medicare Prime (HMO),2027,Urgent care,$50 copay,CMS,Aetna 2027 Plan Guide (CMS-approved),2026-09-03,"Aetna 2027 Plan Guide (PG27-NC01/NC02/NCC01/NCS01), CMS-approved material ID Y0001_8915303_2027_M NC01, dated 20260818. Not for distribution prior to 10/01."
H3146-007,Aetna Medicare Prime (HMO),2027,Vision - eyeglasses,Our plan pays $100 every year for prescription eyewear. You must use the EyeMed network.,CMS,Aetna 2027 Plan Guide (CMS-approved),2026-09-03,"Aetna 2027 Plan Guide (PG27-NC01/NC02/NCC01/NCS01), CMS-approved material ID Y0001_8915303_2027_M NC01, dated 20260818. Not for distribution prior to 10/01."
H3146-007,Aetna Medicare Prime (HMO),2027,Vision - routine eye exam,$0 copay with an EyeMed provider (one exam every year),CMS,Aetna 2027 Plan Guide (CMS-approved),2026-09-03,"Aetna 2027 Plan Guide (PG27-NC01/NC02/NCC01/NCS01), CMS-approved material ID Y0001_8915303_2027_M NC01, dated 20260818. Not for distribution prior to 10/01."
H3146-007,Aetna Medicare Prime (HMO),2027,X-ray,X-rays: $50 copay,CMS,Aetna 2027 Plan Guide (CMS-approved),2026-09-03,"Aetna 2027 Plan Guide (PG27-NC01/NC02/NCC01/NCS01), CMS-approved material ID Y0001_8915303_2027_M NC01, dated 20260818. Not for distribution prior to 10/01."
H3146-022,Aetna Medicare Full Dual Care (HMO D-SNP),2027,Ambulance (air),$0 copay,CMS,Aetna 2027 Plan Guide (CMS-approved),2026-09-03,"Aetna 2027 Plan Guide (PG27-NC01/NC02/NCC01/NCS01), CMS-approved material ID Y0001_8915303_2027_M NC01, dated 20260818. Not for distribution prior to 10/01."
H3146-022,Aetna Medicare Full Dual Care (HMO D-SNP),2027,Ambulance (ground),$0 copay,CMS,Aetna 2027 Plan Guide (CMS-approved),2026-09-03,"Aetna 2027 Plan Guide (PG27-NC01/NC02/NCC01/NCS01), CMS-approved material ID Y0001_8915303_2027_M NC01, dated 20260818. Not for distribution prior to 10/01."
H3146-022,Aetna Medicare Full Dual Care (HMO D-SNP),2027,Annual physical exam,$0 copay for an annual routine physical exam.,CMS,Aetna 2027 Plan Guide (CMS-approved),2026-09-03,"Aetna 2027 Plan Guide (PG27-NC01/NC02/NCC01/NCS01), CMS-approved material ID Y0001_8915303_2027_M NC01, dated 20260818. Not for distribution prior to 10/01."
H3146-022,Aetna Medicare Full Dual Care (HMO D-SNP),2027,Dental - allowance,plan pays $500 every year for in-network preventive and comprehensive dental services combined. You must use the Aetna Dental PPO Network.,CMS,Aetna 2027 Plan Guide (CMS-approved),2026-09-03,"Aetna 2027 Plan Guide (PG27-NC01/NC02/NCC01/NCS01), CMS-approved material ID Y0001_8915303_2027_M NC01, dated 20260818. Not for distribution prior to 10/01."
H3146-022,Aetna Medicare Full Dual Care (HMO D-SNP),2027,Durable medical equipment,$0 copay,CMS,Aetna 2027 Plan Guide (CMS-approved),2026-09-03,"Aetna 2027 Plan Guide (PG27-NC01/NC02/NCC01/NCS01), CMS-approved material ID Y0001_8915303_2027_M NC01, dated 20260818. Not for distribution prior to 10/01."
H3146-022,Aetna Medicare Full Dual Care (HMO D-SNP),2027,Emergency room,$0 copay,CMS,Aetna 2027 Plan Guide (CMS-approved),2026-09-03,"Aetna 2027 Plan Guide (PG27-NC01/NC02/NCC01/NCS01), CMS-approved material ID Y0001_8915303_2027_M NC01, dated 20260818. Not for distribution prior to 10/01."
H3146-022,Aetna Medicare Full Dual Care (HMO D-SNP),2027,Fitness,Physical fitness program: Basic SilverSneakers® membership.,CMS,Aetna 2027 Plan Guide (CMS-approved),2026-09-03,"Aetna 2027 Plan Guide (PG27-NC01/NC02/NCC01/NCS01), CMS-approved material ID Y0001_8915303_2027_M NC01, dated 20260818. Not for distribution prior to 10/01."
H3146-022,Aetna Medicare Full Dual Care (HMO D-SNP),2027,Hearing - routine exam,$0 copay (one exam every year) Appointments must be scheduled through NationsHearing®.,CMS,Aetna 2027 Plan Guide (CMS-approved),2026-09-03,"Aetna 2027 Plan Guide (PG27-NC01/NC02/NCC01/NCS01), CMS-approved material ID Y0001_8915303_2027_M NC01, dated 20260818. Not for distribution prior to 10/01."
H3146-022,Aetna Medicare Full Dual Care (HMO D-SNP),2027,Hearing aids,"Our plan pays $1,250 per ear every year for hearing aids. Hearing aids must be purchased through NationsHearing®. $0 copay",CMS,Aetna 2027 Plan Guide (CMS-approved),2026-09-03,"Aetna 2027 Plan Guide (PG27-NC01/NC02/NCC01/NCS01), CMS-approved material ID Y0001_8915303_2027_M NC01, dated 20260818. Not for distribution prior to 10/01."
H3146-022,Aetna Medicare Full Dual Care (HMO D-SNP),2027,Inpatient hospital,$0 copay,CMS,Aetna 2027 Plan Guide (CMS-approved),2026-09-03,"Aetna 2027 Plan Guide (PG27-NC01/NC02/NCC01/NCS01), CMS-approved material ID Y0001_8915303_2027_M NC01, dated 20260818. Not for distribution prior to 10/01."
H3146-022,Aetna Medicare Full Dual Care (HMO D-SNP),2027,Lab services,$0 copay,CMS,Aetna 2027 Plan Guide (CMS-approved),2026-09-03,"Aetna 2027 Plan Guide (PG27-NC01/NC02/NCC01/NCS01), CMS-approved material ID Y0001_8915303_2027_M NC01, dated 20260818. Not for distribution prior to 10/01."
H3146-022,Aetna Medicare Full Dual Care (HMO D-SNP),2027,Max out-of-pocket,"$9,850 long as Medicaid continues to pay your Medicare deductible, coinsurance, and copayments, you will not have a maximum out-of-pocket responsibility.",CMS,Aetna 2027 Plan Guide (CMS-approved),2026-09-03,"Aetna 2027 Plan Guide (PG27-NC01/NC02/NCC01/NCS01), CMS-approved material ID Y0001_8915303_2027_M NC01, dated 20260818. Not for distribution prior to 10/01."
H3146-022,Aetna Medicare Full Dual Care (HMO D-SNP),2027,Meals,"to 14 home-delivered meals over a 7-day period after being discharged from an Inpatient Acute Hospital, Inpatient Psychiatric Hospital or Skilled Nursing Facility.",CMS,Aetna 2027 Plan Guide (CMS-approved),2026-09-03,"Aetna 2027 Plan Guide (PG27-NC01/NC02/NCC01/NCS01), CMS-approved material ID Y0001_8915303_2027_M NC01, dated 20260818. Not for distribution prior to 10/01."
H3146-022,Aetna Medicare Full Dual Care (HMO D-SNP),2027,Medical deductible,$0,CMS,Aetna 2027 Plan Guide (CMS-approved),2026-09-03,"Aetna 2027 Plan Guide (PG27-NC01/NC02/NCC01/NCS01), CMS-approved material ID Y0001_8915303_2027_M NC01, dated 20260818. Not for distribution prior to 10/01."
H3146-022,Aetna Medicare Full Dual Care (HMO D-SNP),2027,Mental health (individual),$0 copay,CMS,Aetna 2027 Plan Guide (CMS-approved),2026-09-03,"Aetna 2027 Plan Guide (PG27-NC01/NC02/NCC01/NCS01), CMS-approved material ID Y0001_8915303_2027_M NC01, dated 20260818. Not for distribution prior to 10/01."
H3146-022,Aetna Medicare Full Dual Care (HMO D-SNP),2027,OTC allowance,Over-the-Counter (OTC) Wallet benefit amount (allowance) monthly on the Aetna Medicare Extra Card to help pay for certain OTC health and wellness products.,CMS,Aetna 2027 Plan Guide (CMS-approved),2026-09-03,"Aetna 2027 Plan Guide (PG27-NC01/NC02/NCC01/NCS01), CMS-approved material ID Y0001_8915303_2027_M NC01, dated 20260818. Not for distribution prior to 10/01."
H3146-022,Aetna Medicare Full Dual Care (HMO D-SNP),2027,Occupational therapy,$0 copay,CMS,Aetna 2027 Plan Guide (CMS-approved),2026-09-03,"Aetna 2027 Plan Guide (PG27-NC01/NC02/NCC01/NCS01), CMS-approved material ID Y0001_8915303_2027_M NC01, dated 20260818. Not for distribution prior to 10/01."
H3146-022,Aetna Medicare Full Dual Care (HMO D-SNP),2027,Outpatient hospital,$0 copay,CMS,Aetna 2027 Plan Guide (CMS-approved),2026-09-03,"Aetna 2027 Plan Guide (PG27-NC01/NC02/NCC01/NCS01), CMS-approved material ID Y0001_8915303_2027_M NC01, dated 20260818. Not for distribution prior to 10/01."
H3146-022,Aetna Medicare Full Dual Care (HMO D-SNP),2027,Outpatient surgery (ASC),$0 copay,CMS,Aetna 2027 Plan Guide (CMS-approved),2026-09-03,"Aetna 2027 Plan Guide (PG27-NC01/NC02/NCC01/NCS01), CMS-approved material ID Y0001_8915303_2027_M NC01, dated 20260818. Not for distribution prior to 10/01."
H3146-022,Aetna Medicare Full Dual Care (HMO D-SNP),2027,PCP,$0 copay In-network PCP selection is required.,CMS,Aetna 2027 Plan Guide (CMS-approved),2026-09-03,"Aetna 2027 Plan Guide (PG27-NC01/NC02/NCC01/NCS01), CMS-approved material ID Y0001_8915303_2027_M NC01, dated 20260818. Not for distribution prior to 10/01."
H3146-022,Aetna Medicare Full Dual Care (HMO D-SNP),2027,Premium,$0,CMS,Aetna 2027 Plan Guide (CMS-approved),2026-09-03,"Aetna 2027 Plan Guide (PG27-NC01/NC02/NCC01/NCS01), CMS-approved material ID Y0001_8915303_2027_M NC01, dated 20260818. Not for distribution prior to 10/01."
H3146-022,Aetna Medicare Full Dual Care (HMO D-SNP),2027,Referrals,This plan doesn’t require a referral to see a specialist.,CMS,Aetna 2027 Plan Guide (CMS-approved),2026-09-03,"Aetna 2027 Plan Guide (PG27-NC01/NC02/NCC01/NCS01), CMS-approved material ID Y0001_8915303_2027_M NC01, dated 20260818. Not for distribution prior to 10/01."
H3146-022,Aetna Medicare Full Dual Care (HMO D-SNP),2027,Skilled nursing facility,$0 per stay Our plan covers up to 100 days per benefit period.,CMS,Aetna 2027 Plan Guide (CMS-approved),2026-09-03,"Aetna 2027 Plan Guide (PG27-NC01/NC02/NCC01/NCS01), CMS-approved material ID Y0001_8915303_2027_M NC01, dated 20260818. Not for distribution prior to 10/01."
H3146-022,Aetna Medicare Full Dual Care (HMO D-SNP),2027,Specialist,$0 copay,CMS,Aetna 2027 Plan Guide (CMS-approved),2026-09-03,"Aetna 2027 Plan Guide (PG27-NC01/NC02/NCC01/NCS01), CMS-approved material ID Y0001_8915303_2027_M NC01, dated 20260818. Not for distribution prior to 10/01."
H3146-022,Aetna Medicare Full Dual Care (HMO D-SNP),2027,Urgent care,$0 copay,CMS,Aetna 2027 Plan Guide (CMS-approved),2026-09-03,"Aetna 2027 Plan Guide (PG27-NC01/NC02/NCC01/NCS01), CMS-approved material ID Y0001_8915303_2027_M NC01, dated 20260818. Not for distribution prior to 10/01."
H3146-022,Aetna Medicare Full Dual Care (HMO D-SNP),2027,Vision - eyeglasses,Our plan pays $100 every year for prescription eyewear. You must use the EyeMed network.,CMS,Aetna 2027 Plan Guide (CMS-approved),2026-09-03,"Aetna 2027 Plan Guide (PG27-NC01/NC02/NCC01/NCS01), CMS-approved material ID Y0001_8915303_2027_M NC01, dated 20260818. Not for distribution prior to 10/01."
H3146-022,Aetna Medicare Full Dual Care (HMO D-SNP),2027,Vision - routine eye exam,$0 copay with an EyeMed provider (one exam every year),CMS,Aetna 2027 Plan Guide (CMS-approved),2026-09-03,"Aetna 2027 Plan Guide (PG27-NC01/NC02/NCC01/NCS01), CMS-approved material ID Y0001_8915303_2027_M NC01, dated 20260818. Not for distribution prior to 10/01."
H3146-022,Aetna Medicare Full Dual Care (HMO D-SNP),2027,X-ray,$0 copay,CMS,Aetna 2027 Plan Guide (CMS-approved),2026-09-03,"Aetna 2027 Plan Guide (PG27-NC01/NC02/NCC01/NCS01), CMS-approved material ID Y0001_8915303_2027_M NC01, dated 20260818. Not for distribution prior to 10/01."
H3146-037,Aetna Medicare Chronic Care (HMO C-SNP),2027,Ambulance (air),20% coinsurance,CMS,Aetna 2027 Plan Guide (CMS-approved),2026-09-03,"Aetna 2027 Plan Guide (PG27-NC01/NC02/NCC01/NCS01), CMS-approved material ID Y0001_8915303_2027_M NC01, dated 20260818. Not for distribution prior to 10/01."
H3146-037,Aetna Medicare Chronic Care (HMO C-SNP),2027,Ambulance (ground),$310 copay,CMS,Aetna 2027 Plan Guide (CMS-approved),2026-09-03,"Aetna 2027 Plan Guide (PG27-NC01/NC02/NCC01/NCS01), CMS-approved material ID Y0001_8915303_2027_M NC01, dated 20260818. Not for distribution prior to 10/01."
H3146-037,Aetna Medicare Chronic Care (HMO C-SNP),2027,Annual physical exam,$0 copay for an annual routine physical exam.,CMS,Aetna 2027 Plan Guide (CMS-approved),2026-09-03,"Aetna 2027 Plan Guide (PG27-NC01/NC02/NCC01/NCS01), CMS-approved material ID Y0001_8915303_2027_M NC01, dated 20260818. Not for distribution prior to 10/01."
H3146-037,Aetna Medicare Chronic Care (HMO C-SNP),2027,Dental - allowance,"$0 - 50% cost share. pays for preventive dental services and $1,250 every year for comprehensive dental services. You must use the Aetna Dental PPO Network.",CMS,Aetna 2027 Plan Guide (CMS-approved),2026-09-03,"Aetna 2027 Plan Guide (PG27-NC01/NC02/NCC01/NCS01), CMS-approved material ID Y0001_8915303_2027_M NC01, dated 20260818. Not for distribution prior to 10/01."
H3146-037,Aetna Medicare Chronic Care (HMO C-SNP),2027,Durable medical equipment,20% coinsurance,CMS,Aetna 2027 Plan Guide (CMS-approved),2026-09-03,"Aetna 2027 Plan Guide (PG27-NC01/NC02/NCC01/NCS01), CMS-approved material ID Y0001_8915303_2027_M NC01, dated 20260818. Not for distribution prior to 10/01."
H3146-037,Aetna Medicare Chronic Care (HMO C-SNP),2027,Emergency room,$130 copay,CMS,Aetna 2027 Plan Guide (CMS-approved),2026-09-03,"Aetna 2027 Plan Guide (PG27-NC01/NC02/NCC01/NCS01), CMS-approved material ID Y0001_8915303_2027_M NC01, dated 20260818. Not for distribution prior to 10/01."
H3146-037,Aetna Medicare Chronic Care (HMO C-SNP),2027,Fitness,Physical fitness program: Basic SilverSneakers® membership.,CMS,Aetna 2027 Plan Guide (CMS-approved),2026-09-03,"Aetna 2027 Plan Guide (PG27-NC01/NC02/NCC01/NCS01), CMS-approved material ID Y0001_8915303_2027_M NC01, dated 20260818. Not for distribution prior to 10/01."
H3146-037,Aetna Medicare Chronic Care (HMO C-SNP),2027,Hearing - routine exam,$0 copay (one exam every year) Appointments must be scheduled through NationsHearing®.,CMS,Aetna 2027 Plan Guide (CMS-approved),2026-09-03,"Aetna 2027 Plan Guide (PG27-NC01/NC02/NCC01/NCS01), CMS-approved material ID Y0001_8915303_2027_M NC01, dated 20260818. Not for distribution prior to 10/01."
H3146-037,Aetna Medicare Chronic Care (HMO C-SNP),2027,Hearing aids,Our plan pays $500 per ear every year for hearing aids. Hearing aids must be purchased through NationsHearing®. $35 copay,CMS,Aetna 2027 Plan Guide (CMS-approved),2026-09-03,"Aetna 2027 Plan Guide (PG27-NC01/NC02/NCC01/NCS01), CMS-approved material ID Y0001_8915303_2027_M NC01, dated 20260818. Not for distribution prior to 10/01."
H3146-037,Aetna Medicare Chronic Care (HMO C-SNP),2027,Inpatient hospital,"per day, days 1-5; $0 per day, days 6-90; $0 for additional days. Our plan covers unlimited hospital days.",CMS,Aetna 2027 Plan Guide (CMS-approved),2026-09-03,"Aetna 2027 Plan Guide (PG27-NC01/NC02/NCC01/NCS01), CMS-approved material ID Y0001_8915303_2027_M NC01, dated 20260818. Not for distribution prior to 10/01."
H3146-037,Aetna Medicare Chronic Care (HMO C-SNP),2027,Lab services,$0 copay,CMS,Aetna 2027 Plan Guide (CMS-approved),2026-09-03,"Aetna 2027 Plan Guide (PG27-NC01/NC02/NCC01/NCS01), CMS-approved material ID Y0001_8915303_2027_M NC01, dated 20260818. Not for distribution prior to 10/01."
H3146-037,Aetna Medicare Chronic Care (HMO C-SNP),2027,Max out-of-pocket,"$6,750",CMS,Aetna 2027 Plan Guide (CMS-approved),2026-09-03,"Aetna 2027 Plan Guide (PG27-NC01/NC02/NCC01/NCS01), CMS-approved material ID Y0001_8915303_2027_M NC01, dated 20260818. Not for distribution prior to 10/01."
H3146-037,Aetna Medicare Chronic Care (HMO C-SNP),2027,Medical deductible,$0,CMS,Aetna 2027 Plan Guide (CMS-approved),2026-09-03,"Aetna 2027 Plan Guide (PG27-NC01/NC02/NCC01/NCS01), CMS-approved material ID Y0001_8915303_2027_M NC01, dated 20260818. Not for distribution prior to 10/01."
H3146-037,Aetna Medicare Chronic Care (HMO C-SNP),2027,Mental health (individual),$25 copay,CMS,Aetna 2027 Plan Guide (CMS-approved),2026-09-03,"Aetna 2027 Plan Guide (PG27-NC01/NC02/NCC01/NCS01), CMS-approved material ID Y0001_8915303_2027_M NC01, dated 20260818. Not for distribution prior to 10/01."
H3146-037,Aetna Medicare Chronic Care (HMO C-SNP),2027,OTC allowance,Over-the-Counter (OTC) Wallet benefit amount (allowance) monthly on the Aetna Medicare Extra Card to help pay for certain OTC health and wellness products.,CMS,Aetna 2027 Plan Guide (CMS-approved),2026-09-03,"Aetna 2027 Plan Guide (PG27-NC01/NC02/NCC01/NCS01), CMS-approved material ID Y0001_8915303_2027_M NC01, dated 20260818. Not for distribution prior to 10/01."
H3146-037,Aetna Medicare Chronic Care (HMO C-SNP),2027,Occupational therapy,$35 copay,CMS,Aetna 2027 Plan Guide (CMS-approved),2026-09-03,"Aetna 2027 Plan Guide (PG27-NC01/NC02/NCC01/NCS01), CMS-approved material ID Y0001_8915303_2027_M NC01, dated 20260818. Not for distribution prior to 10/01."
H3146-037,Aetna Medicare Chronic Care (HMO C-SNP),2027,Outpatient hospital,$35 - $470 copay copay for outpatient hospital services other than surgery $470 copay for each outpatient hospital surgery,CMS,Aetna 2027 Plan Guide (CMS-approved),2026-09-03,"Aetna 2027 Plan Guide (PG27-NC01/NC02/NCC01/NCS01), CMS-approved material ID Y0001_8915303_2027_M NC01, dated 20260818. Not for distribution prior to 10/01."
H3146-037,Aetna Medicare Chronic Care (HMO C-SNP),2027,Outpatient surgery (ASC),$420 copay,CMS,Aetna 2027 Plan Guide (CMS-approved),2026-09-03,"Aetna 2027 Plan Guide (PG27-NC01/NC02/NCC01/NCS01), CMS-approved material ID Y0001_8915303_2027_M NC01, dated 20260818. Not for distribution prior to 10/01."
H3146-037,Aetna Medicare Chronic Care (HMO C-SNP),2027,PCP,$0 copay In-network PCP selection is required.,CMS,Aetna 2027 Plan Guide (CMS-approved),2026-09-03,"Aetna 2027 Plan Guide (PG27-NC01/NC02/NCC01/NCS01), CMS-approved material ID Y0001_8915303_2027_M NC01, dated 20260818. Not for distribution prior to 10/01."
H3146-037,Aetna Medicare Chronic Care (HMO C-SNP),2027,Premium,$0,CMS,Aetna 2027 Plan Guide (CMS-approved),2026-09-03,"Aetna 2027 Plan Guide (PG27-NC01/NC02/NCC01/NCS01), CMS-approved material ID Y0001_8915303_2027_M NC01, dated 20260818. Not for distribution prior to 10/01."
H3146-037,Aetna Medicare Chronic Care (HMO C-SNP),2027,Referrals,This plan doesn’t require a referral to see a specialist.,CMS,Aetna 2027 Plan Guide (CMS-approved),2026-09-03,"Aetna 2027 Plan Guide (PG27-NC01/NC02/NCC01/NCS01), CMS-approved material ID Y0001_8915303_2027_M NC01, dated 20260818. Not for distribution prior to 10/01."
H3146-037,Aetna Medicare Chronic Care (HMO C-SNP),2027,Skilled nursing facility,"$10 per day, days 1-20; $221 per day, days 21-100 Our plan covers up to 100 days per benefit period.",CMS,Aetna 2027 Plan Guide (CMS-approved),2026-09-03,"Aetna 2027 Plan Guide (PG27-NC01/NC02/NCC01/NCS01), CMS-approved material ID Y0001_8915303_2027_M NC01, dated 20260818. Not for distribution prior to 10/01."
H3146-037,Aetna Medicare Chronic Care (HMO C-SNP),2027,Specialist,"$0 - $35 copay for certain physician specialist visits including: Cardiologists, Endocrinologists, Nephrologists, and Pulmonologists $35 copay for all other physician specialist visits",CMS,Aetna 2027 Plan Guide (CMS-approved),2026-09-03,"Aetna 2027 Plan Guide (PG27-NC01/NC02/NCC01/NCS01), CMS-approved material ID Y0001_8915303_2027_M NC01, dated 20260818. Not for distribution prior to 10/01."
H3146-037,Aetna Medicare Chronic Care (HMO C-SNP),2027,Urgent care,$50 copay,CMS,Aetna 2027 Plan Guide (CMS-approved),2026-09-03,"Aetna 2027 Plan Guide (PG27-NC01/NC02/NCC01/NCS01), CMS-approved material ID Y0001_8915303_2027_M NC01, dated 20260818. Not for distribution prior to 10/01."
H3146-037,Aetna Medicare Chronic Care (HMO C-SNP),2027,Vision - eyeglasses,Our plan pays $100 every year for prescription eyewear. You must use the EyeMed network.,CMS,Aetna 2027 Plan Guide (CMS-approved),2026-09-03,"Aetna 2027 Plan Guide (PG27-NC01/NC02/NCC01/NCS01), CMS-approved material ID Y0001_8915303_2027_M NC01, dated 20260818. Not for distribution prior to 10/01."
H3146-037,Aetna Medicare Chronic Care (HMO C-SNP),2027,Vision - routine eye exam,$0 copay with an EyeMed provider (one exam every year),CMS,Aetna 2027 Plan Guide (CMS-approved),2026-09-03,"Aetna 2027 Plan Guide (PG27-NC01/NC02/NCC01/NCS01), CMS-approved material ID Y0001_8915303_2027_M NC01, dated 20260818. Not for distribution prior to 10/01."
H3146-037,Aetna Medicare Chronic Care (HMO C-SNP),2027,X-ray,X-rays: $14 copay Diagnostic radiology: $0 - $300 copay,CMS,Aetna 2027 Plan Guide (CMS-approved),2026-09-03,"Aetna 2027 Plan Guide (PG27-NC01/NC02/NCC01/NCS01), CMS-approved material ID Y0001_8915303_2027_M NC01, dated 20260818. Not for distribution prior to 10/01."
H3146-039,Aetna Medicare Enhanced (HMO),2027,Ambulance (air),20% coinsurance,CMS,Aetna 2027 Plan Guide (CMS-approved),2026-09-03,"Aetna 2027 Plan Guide (PG27-NC01/NC02/NCC01/NCS01), CMS-approved material ID Y0001_8915303_2027_M NC01, dated 20260818. Not for distribution prior to 10/01."
H3146-039,Aetna Medicare Enhanced (HMO),2027,Ambulance (ground),$315 copay,CMS,Aetna 2027 Plan Guide (CMS-approved),2026-09-03,"Aetna 2027 Plan Guide (PG27-NC01/NC02/NCC01/NCS01), CMS-approved material ID Y0001_8915303_2027_M NC01, dated 20260818. Not for distribution prior to 10/01."
H3146-039,Aetna Medicare Enhanced (HMO),2027,Annual physical exam,$0 copay for an annual routine physical exam.,CMS,Aetna 2027 Plan Guide (CMS-approved),2026-09-03,"Aetna 2027 Plan Guide (PG27-NC01/NC02/NCC01/NCS01), CMS-approved material ID Y0001_8915303_2027_M NC01, dated 20260818. Not for distribution prior to 10/01."
H3146-039,Aetna Medicare Enhanced (HMO),2027,Dental - allowance,"$0 - 50% cost share. Our plan pays for preventive dental services and $3,000 every year for comprehensive dental services. You must use the Aetna Dental PPO Network.",CMS,Aetna 2027 Plan Guide (CMS-approved),2026-09-03,"Aetna 2027 Plan Guide (PG27-NC01/NC02/NCC01/NCS01), CMS-approved material ID Y0001_8915303_2027_M NC01, dated 20260818. Not for distribution prior to 10/01."
H3146-039,Aetna Medicare Enhanced (HMO),2027,Durable medical equipment,20% coinsurance,CMS,Aetna 2027 Plan Guide (CMS-approved),2026-09-03,"Aetna 2027 Plan Guide (PG27-NC01/NC02/NCC01/NCS01), CMS-approved material ID Y0001_8915303_2027_M NC01, dated 20260818. Not for distribution prior to 10/01."
H3146-039,Aetna Medicare Enhanced (HMO),2027,Emergency room,$130 copay,CMS,Aetna 2027 Plan Guide (CMS-approved),2026-09-03,"Aetna 2027 Plan Guide (PG27-NC01/NC02/NCC01/NCS01), CMS-approved material ID Y0001_8915303_2027_M NC01, dated 20260818. Not for distribution prior to 10/01."
H3146-039,Aetna Medicare Enhanced (HMO),2027,Fitness,Physical fitness program: Basic SilverSneakers® membership.,CMS,Aetna 2027 Plan Guide (CMS-approved),2026-09-03,"Aetna 2027 Plan Guide (PG27-NC01/NC02/NCC01/NCS01), CMS-approved material ID Y0001_8915303_2027_M NC01, dated 20260818. Not for distribution prior to 10/01."
H3146-039,Aetna Medicare Enhanced (HMO),2027,Hearing - routine exam,$0 copay (one exam every year) Appointments must be scheduled through NationsHearing®.,CMS,Aetna 2027 Plan Guide (CMS-approved),2026-09-03,"Aetna 2027 Plan Guide (PG27-NC01/NC02/NCC01/NCS01), CMS-approved material ID Y0001_8915303_2027_M NC01, dated 20260818. Not for distribution prior to 10/01."
H3146-039,Aetna Medicare Enhanced (HMO),2027,Hearing aids,"Our plan pays $1,250 per ear every year for hearing aids. Hearing aids must be purchased through NationsHearing®. $20 copay",CMS,Aetna 2027 Plan Guide (CMS-approved),2026-09-03,"Aetna 2027 Plan Guide (PG27-NC01/NC02/NCC01/NCS01), CMS-approved material ID Y0001_8915303_2027_M NC01, dated 20260818. Not for distribution prior to 10/01."
H3146-039,Aetna Medicare Enhanced (HMO),2027,Inpatient hospital,"$395 per day, days 1-6; $0 per day, days 7-90; $0 for additional days. Our plan covers unlimited hospital days.",CMS,Aetna 2027 Plan Guide (CMS-approved),2026-09-03,"Aetna 2027 Plan Guide (PG27-NC01/NC02/NCC01/NCS01), CMS-approved material ID Y0001_8915303_2027_M NC01, dated 20260818. Not for distribution prior to 10/01."
H3146-039,Aetna Medicare Enhanced (HMO),2027,Lab services,$0 - $10 copay Lower cost sharing is for services provided by your primary care provider in their office. $0 copay for certain lab services,CMS,Aetna 2027 Plan Guide (CMS-approved),2026-09-03,"Aetna 2027 Plan Guide (PG27-NC01/NC02/NCC01/NCS01), CMS-approved material ID Y0001_8915303_2027_M NC01, dated 20260818. Not for distribution prior to 10/01."
H3146-039,Aetna Medicare Enhanced (HMO),2027,Max out-of-pocket,"$5,900",CMS,Aetna 2027 Plan Guide (CMS-approved),2026-09-03,"Aetna 2027 Plan Guide (PG27-NC01/NC02/NCC01/NCS01), CMS-approved material ID Y0001_8915303_2027_M NC01, dated 20260818. Not for distribution prior to 10/01."
H3146-039,Aetna Medicare Enhanced (HMO),2027,Medical deductible,$0,CMS,Aetna 2027 Plan Guide (CMS-approved),2026-09-03,"Aetna 2027 Plan Guide (PG27-NC01/NC02/NCC01/NCS01), CMS-approved material ID Y0001_8915303_2027_M NC01, dated 20260818. Not for distribution prior to 10/01."
H3146-039,Aetna Medicare Enhanced (HMO),2027,Mental health (individual),$40 copay,CMS,Aetna 2027 Plan Guide (CMS-approved),2026-09-03,"Aetna 2027 Plan Guide (PG27-NC01/NC02/NCC01/NCS01), CMS-approved material ID Y0001_8915303_2027_M NC01, dated 20260818. Not for distribution prior to 10/01."
H3146-039,Aetna Medicare Enhanced (HMO),2027,OTC allowance,CVS Over-the-counter,CMS,Aetna 2027 Plan Guide (CMS-approved),2026-09-03,"Aetna 2027 Plan Guide (PG27-NC01/NC02/NCC01/NCS01), CMS-approved material ID Y0001_8915303_2027_M NC01, dated 20260818. Not for distribution prior to 10/01."
H3146-039,Aetna Medicare Enhanced (HMO),2027,Occupational therapy,$20 copay,CMS,Aetna 2027 Plan Guide (CMS-approved),2026-09-03,"Aetna 2027 Plan Guide (PG27-NC01/NC02/NCC01/NCS01), CMS-approved material ID Y0001_8915303_2027_M NC01, dated 20260818. Not for distribution prior to 10/01."
H3146-039,Aetna Medicare Enhanced (HMO),2027,Outpatient hospital,$10 - $395 copay $10 copay for outpatient hospital services other than surgery $395 copay for each outpatient hospital surgery,CMS,Aetna 2027 Plan Guide (CMS-approved),2026-09-03,"Aetna 2027 Plan Guide (PG27-NC01/NC02/NCC01/NCS01), CMS-approved material ID Y0001_8915303_2027_M NC01, dated 20260818. Not for distribution prior to 10/01."
H3146-039,Aetna Medicare Enhanced (HMO),2027,Outpatient surgery (ASC),$345 copay,CMS,Aetna 2027 Plan Guide (CMS-approved),2026-09-03,"Aetna 2027 Plan Guide (PG27-NC01/NC02/NCC01/NCS01), CMS-approved material ID Y0001_8915303_2027_M NC01, dated 20260818. Not for distribution prior to 10/01."
H3146-039,Aetna Medicare Enhanced (HMO),2027,PCP,$0 copay In-network PCP selection is required.,CMS,Aetna 2027 Plan Guide (CMS-approved),2026-09-03,"Aetna 2027 Plan Guide (PG27-NC01/NC02/NCC01/NCS01), CMS-approved material ID Y0001_8915303_2027_M NC01, dated 20260818. Not for distribution prior to 10/01."
H3146-039,Aetna Medicare Enhanced (HMO),2027,Premium,$49,CMS,Aetna 2027 Plan Guide (CMS-approved),2026-09-03,"Aetna 2027 Plan Guide (PG27-NC01/NC02/NCC01/NCS01), CMS-approved material ID Y0001_8915303_2027_M NC01, dated 20260818. Not for distribution prior to 10/01."
H3146-039,Aetna Medicare Enhanced (HMO),2027,Referrals,This plan doesn’t require a referral to see a specialist.,CMS,Aetna 2027 Plan Guide (CMS-approved),2026-09-03,"Aetna 2027 Plan Guide (PG27-NC01/NC02/NCC01/NCS01), CMS-approved material ID Y0001_8915303_2027_M NC01, dated 20260818. Not for distribution prior to 10/01."
H3146-039,Aetna Medicare Enhanced (HMO),2027,Skilled nursing facility,"$10 per day, days 1-20; $221 per day, days 21-100 Our plan covers up to 100 days per benefit period.",CMS,Aetna 2027 Plan Guide (CMS-approved),2026-09-03,"Aetna 2027 Plan Guide (PG27-NC01/NC02/NCC01/NCS01), CMS-approved material ID Y0001_8915303_2027_M NC01, dated 20260818. Not for distribution prior to 10/01."
H3146-039,Aetna Medicare Enhanced (HMO),2027,Specialist,$10 copay,CMS,Aetna 2027 Plan Guide (CMS-approved),2026-09-03,"Aetna 2027 Plan Guide (PG27-NC01/NC02/NCC01/NCS01), CMS-approved material ID Y0001_8915303_2027_M NC01, dated 20260818. Not for distribution prior to 10/01."
H3146-039,Aetna Medicare Enhanced (HMO),2027,Urgent care,$50 copay,CMS,Aetna 2027 Plan Guide (CMS-approved),2026-09-03,"Aetna 2027 Plan Guide (PG27-NC01/NC02/NCC01/NCS01), CMS-approved material ID Y0001_8915303_2027_M NC01, dated 20260818. Not for distribution prior to 10/01."
H3146-039,Aetna Medicare Enhanced (HMO),2027,Vision - eyeglasses,Our plan pays $300 every year for prescription eyewear. You must use the EyeMed network.,CMS,Aetna 2027 Plan Guide (CMS-approved),2026-09-03,"Aetna 2027 Plan Guide (PG27-NC01/NC02/NCC01/NCS01), CMS-approved material ID Y0001_8915303_2027_M NC01, dated 20260818. Not for distribution prior to 10/01."
H3146-039,Aetna Medicare Enhanced (HMO),2027,Vision - routine eye exam,$0 copay with an EyeMed provider (one exam every year),CMS,Aetna 2027 Plan Guide (CMS-approved),2026-09-03,"Aetna 2027 Plan Guide (PG27-NC01/NC02/NCC01/NCS01), CMS-approved material ID Y0001_8915303_2027_M NC01, dated 20260818. Not for distribution prior to 10/01."
H3146-039,Aetna Medicare Enhanced (HMO),2027,X-ray,X-rays: $10 copay,CMS,Aetna 2027 Plan Guide (CMS-approved),2026-09-03,"Aetna 2027 Plan Guide (PG27-NC01/NC02/NCC01/NCS01), CMS-approved material ID Y0001_8915303_2027_M NC01, dated 20260818. Not for distribution prior to 10/01."
H3146-048,Aetna Medicare Signature (HMO),2027,Ambulance (air),20% coinsurance,CMS,Aetna 2027 Plan Guide (CMS-approved),2026-09-03,"Aetna 2027 Plan Guide (PG27-NC01/NC02/NCC01/NCS01), CMS-approved material ID Y0001_8915303_2027_M NC01, dated 20260818. Not for distribution prior to 10/01."
H3146-048,Aetna Medicare Signature (HMO),2027,Ambulance (ground),$290 copay,CMS,Aetna 2027 Plan Guide (CMS-approved),2026-09-03,"Aetna 2027 Plan Guide (PG27-NC01/NC02/NCC01/NCS01), CMS-approved material ID Y0001_8915303_2027_M NC01, dated 20260818. Not for distribution prior to 10/01."
H3146-048,Aetna Medicare Signature (HMO),2027,Annual physical exam,$0 copay for an annual routine physical exam.,CMS,Aetna 2027 Plan Guide (CMS-approved),2026-09-03,"Aetna 2027 Plan Guide (PG27-NC01/NC02/NCC01/NCS01), CMS-approved material ID Y0001_8915303_2027_M NC01, dated 20260818. Not for distribution prior to 10/01."
H3146-048,Aetna Medicare Signature (HMO),2027,Dental - allowance,"$0 - 50% cost share. Our plan pays for preventive dental services and $2,000 every year for comprehensive dental services. You must use the Aetna Dental PPO Network.",CMS,Aetna 2027 Plan Guide (CMS-approved),2026-09-03,"Aetna 2027 Plan Guide (PG27-NC01/NC02/NCC01/NCS01), CMS-approved material ID Y0001_8915303_2027_M NC01, dated 20260818. Not for distribution prior to 10/01."
H3146-048,Aetna Medicare Signature (HMO),2027,Durable medical equipment,20% coinsurance,CMS,Aetna 2027 Plan Guide (CMS-approved),2026-09-03,"Aetna 2027 Plan Guide (PG27-NC01/NC02/NCC01/NCS01), CMS-approved material ID Y0001_8915303_2027_M NC01, dated 20260818. Not for distribution prior to 10/01."
H3146-048,Aetna Medicare Signature (HMO),2027,Emergency room,$130 copay,CMS,Aetna 2027 Plan Guide (CMS-approved),2026-09-03,"Aetna 2027 Plan Guide (PG27-NC01/NC02/NCC01/NCS01), CMS-approved material ID Y0001_8915303_2027_M NC01, dated 20260818. Not for distribution prior to 10/01."
H3146-048,Aetna Medicare Signature (HMO),2027,Fitness,Physical fitness program: Basic SilverSneakers® membership.,CMS,Aetna 2027 Plan Guide (CMS-approved),2026-09-03,"Aetna 2027 Plan Guide (PG27-NC01/NC02/NCC01/NCS01), CMS-approved material ID Y0001_8915303_2027_M NC01, dated 20260818. Not for distribution prior to 10/01."
H3146-048,Aetna Medicare Signature (HMO),2027,Hearing - routine exam,$0 copay (one exam every year) Appointments must be scheduled through NationsHearing®.,CMS,Aetna 2027 Plan Guide (CMS-approved),2026-09-03,"Aetna 2027 Plan Guide (PG27-NC01/NC02/NCC01/NCS01), CMS-approved material ID Y0001_8915303_2027_M NC01, dated 20260818. Not for distribution prior to 10/01."
H3146-048,Aetna Medicare Signature (HMO),2027,Hearing aids,"Our plan pays $1,250 per ear every year for hearing aids. Hearing aids must be purchased through NationsHearing®. $35 copay",CMS,Aetna 2027 Plan Guide (CMS-approved),2026-09-03,"Aetna 2027 Plan Guide (PG27-NC01/NC02/NCC01/NCS01), CMS-approved material ID Y0001_8915303_2027_M NC01, dated 20260818. Not for distribution prior to 10/01."
H3146-048,Aetna Medicare Signature (HMO),2027,Inpatient hospital,"$408 per day, days 1-6; $0 per day, days 7-90; $0 for additional days. Our plan covers unlimited hospital days.",CMS,Aetna 2027 Plan Guide (CMS-approved),2026-09-03,"Aetna 2027 Plan Guide (PG27-NC01/NC02/NCC01/NCS01), CMS-approved material ID Y0001_8915303_2027_M NC01, dated 20260818. Not for distribution prior to 10/01."
H3146-048,Aetna Medicare Signature (HMO),2027,Lab services,$35 copay $0 copay for certain lab services,CMS,Aetna 2027 Plan Guide (CMS-approved),2026-09-03,"Aetna 2027 Plan Guide (PG27-NC01/NC02/NCC01/NCS01), CMS-approved material ID Y0001_8915303_2027_M NC01, dated 20260818. Not for distribution prior to 10/01."
H3146-048,Aetna Medicare Signature (HMO),2027,Max out-of-pocket,"$5,900",CMS,Aetna 2027 Plan Guide (CMS-approved),2026-09-03,"Aetna 2027 Plan Guide (PG27-NC01/NC02/NCC01/NCS01), CMS-approved material ID Y0001_8915303_2027_M NC01, dated 20260818. Not for distribution prior to 10/01."
H3146-048,Aetna Medicare Signature (HMO),2027,Medical deductible,$0,CMS,Aetna 2027 Plan Guide (CMS-approved),2026-09-03,"Aetna 2027 Plan Guide (PG27-NC01/NC02/NCC01/NCS01), CMS-approved material ID Y0001_8915303_2027_M NC01, dated 20260818. Not for distribution prior to 10/01."
H3146-048,Aetna Medicare Signature (HMO),2027,Mental health (individual),$40 copay,CMS,Aetna 2027 Plan Guide (CMS-approved),2026-09-03,"Aetna 2027 Plan Guide (PG27-NC01/NC02/NCC01/NCS01), CMS-approved material ID Y0001_8915303_2027_M NC01, dated 20260818. Not for distribution prior to 10/01."
H3146-048,Aetna Medicare Signature (HMO),2027,OTC allowance,CVS Over-the-counter,CMS,Aetna 2027 Plan Guide (CMS-approved),2026-09-03,"Aetna 2027 Plan Guide (PG27-NC01/NC02/NCC01/NCS01), CMS-approved material ID Y0001_8915303_2027_M NC01, dated 20260818. Not for distribution prior to 10/01."
H3146-048,Aetna Medicare Signature (HMO),2027,Occupational therapy,$35 copay,CMS,Aetna 2027 Plan Guide (CMS-approved),2026-09-03,"Aetna 2027 Plan Guide (PG27-NC01/NC02/NCC01/NCS01), CMS-approved material ID Y0001_8915303_2027_M NC01, dated 20260818. Not for distribution prior to 10/01."
H3146-048,Aetna Medicare Signature (HMO),2027,Outpatient hospital,$20 - $408 copay $20 copay for outpatient hospital services other than surgery $408 copay for each outpatient hospital surgery,CMS,Aetna 2027 Plan Guide (CMS-approved),2026-09-03,"Aetna 2027 Plan Guide (PG27-NC01/NC02/NCC01/NCS01), CMS-approved material ID Y0001_8915303_2027_M NC01, dated 20260818. Not for distribution prior to 10/01."
H3146-048,Aetna Medicare Signature (HMO),2027,Outpatient surgery (ASC),$358 copay,CMS,Aetna 2027 Plan Guide (CMS-approved),2026-09-03,"Aetna 2027 Plan Guide (PG27-NC01/NC02/NCC01/NCS01), CMS-approved material ID Y0001_8915303_2027_M NC01, dated 20260818. Not for distribution prior to 10/01."
H3146-048,Aetna Medicare Signature (HMO),2027,PCP,$0 copay In-network PCP selection is required.,CMS,Aetna 2027 Plan Guide (CMS-approved),2026-09-03,"Aetna 2027 Plan Guide (PG27-NC01/NC02/NCC01/NCS01), CMS-approved material ID Y0001_8915303_2027_M NC01, dated 20260818. Not for distribution prior to 10/01."
H3146-048,Aetna Medicare Signature (HMO),2027,Part B giveback,$0,CMS,Aetna 2027 Plan Guide (CMS-approved),2026-09-03,"Aetna 2027 Plan Guide (PG27-NC01/NC02/NCC01/NCS01), CMS-approved material ID Y0001_8915303_2027_M NC01, dated 20260818. Not for distribution prior to 10/01."
H3146-048,Aetna Medicare Signature (HMO),2027,Premium,$0,CMS,Aetna 2027 Plan Guide (CMS-approved),2026-09-03,"Aetna 2027 Plan Guide (PG27-NC01/NC02/NCC01/NCS01), CMS-approved material ID Y0001_8915303_2027_M NC01, dated 20260818. Not for distribution prior to 10/01."
H3146-048,Aetna Medicare Signature (HMO),2027,Referrals,This plan doesn’t require a referral to see a specialist.,CMS,Aetna 2027 Plan Guide (CMS-approved),2026-09-03,"Aetna 2027 Plan Guide (PG27-NC01/NC02/NCC01/NCS01), CMS-approved material ID Y0001_8915303_2027_M NC01, dated 20260818. Not for distribution prior to 10/01."
H3146-048,Aetna Medicare Signature (HMO),2027,Skilled nursing facility,"$10 per day, days 1-20; $221 per day, days 21-100 Our plan covers up to 100 days per benefit period.",CMS,Aetna 2027 Plan Guide (CMS-approved),2026-09-03,"Aetna 2027 Plan Guide (PG27-NC01/NC02/NCC01/NCS01), CMS-approved material ID Y0001_8915303_2027_M NC01, dated 20260818. Not for distribution prior to 10/01."
H3146-048,Aetna Medicare Signature (HMO),2027,Specialist,$20 copay,CMS,Aetna 2027 Plan Guide (CMS-approved),2026-09-03,"Aetna 2027 Plan Guide (PG27-NC01/NC02/NCC01/NCS01), CMS-approved material ID Y0001_8915303_2027_M NC01, dated 20260818. Not for distribution prior to 10/01."
H3146-048,Aetna Medicare Signature (HMO),2027,Urgent care,$50 copay,CMS,Aetna 2027 Plan Guide (CMS-approved),2026-09-03,"Aetna 2027 Plan Guide (PG27-NC01/NC02/NCC01/NCS01), CMS-approved material ID Y0001_8915303_2027_M NC01, dated 20260818. Not for distribution prior to 10/01."
H3146-048,Aetna Medicare Signature (HMO),2027,Vision - eyeglasses,Our plan pays $100 every year for prescription eyewear. You must use the EyeMed network.,CMS,Aetna 2027 Plan Guide (CMS-approved),2026-09-03,"Aetna 2027 Plan Guide (PG27-NC01/NC02/NCC01/NCS01), CMS-approved material ID Y0001_8915303_2027_M NC01, dated 20260818. Not for distribution prior to 10/01."
H3146-048,Aetna Medicare Signature (HMO),2027,Vision - routine eye exam,$0 copay with an EyeMed provider (one exam every year),CMS,Aetna 2027 Plan Guide (CMS-approved),2026-09-03,"Aetna 2027 Plan Guide (PG27-NC01/NC02/NCC01/NCS01), CMS-approved material ID Y0001_8915303_2027_M NC01, dated 20260818. Not for distribution prior to 10/01."
H3146-048,Aetna Medicare Signature (HMO),2027,X-ray,X-rays: $50 copay Diagnostic radiology: $0 - $300 copay Lower cost sharing is for services provided by your primary care provider in their office.,CMS,Aetna 2027 Plan Guide (CMS-approved),2026-09-03,"Aetna 2027 Plan Guide (PG27-NC01/NC02/NCC01/NCS01), CMS-approved material ID Y0001_8915303_2027_M NC01, dated 20260818. Not for distribution prior to 10/01."
H3146-049,Aetna Medicare Signature (HMO),2027,Ambulance (air),20% coinsurance,CMS,Aetna 2027 Plan Guide (CMS-approved),2026-09-03,"Aetna 2027 Plan Guide (PG27-NC01/NC02/NCC01/NCS01), CMS-approved material ID Y0001_8915303_2027_M NC01, dated 20260818. Not for distribution prior to 10/01."
H3146-049,Aetna Medicare Signature (HMO),2027,Ambulance (ground),$315 copay,CMS,Aetna 2027 Plan Guide (CMS-approved),2026-09-03,"Aetna 2027 Plan Guide (PG27-NC01/NC02/NCC01/NCS01), CMS-approved material ID Y0001_8915303_2027_M NC01, dated 20260818. Not for distribution prior to 10/01."
H3146-049,Aetna Medicare Signature (HMO),2027,Annual physical exam,$0 copay for an annual routine physical exam.,CMS,Aetna 2027 Plan Guide (CMS-approved),2026-09-03,"Aetna 2027 Plan Guide (PG27-NC01/NC02/NCC01/NCS01), CMS-approved material ID Y0001_8915303_2027_M NC01, dated 20260818. Not for distribution prior to 10/01."
H3146-049,Aetna Medicare Signature (HMO),2027,Dental - allowance,"$0 - 50% cost share. Our plan pays for preventive dental services and $2,000 every year for comprehensive dental services. You must use the Aetna Dental PPO Network.",CMS,Aetna 2027 Plan Guide (CMS-approved),2026-09-03,"Aetna 2027 Plan Guide (PG27-NC01/NC02/NCC01/NCS01), CMS-approved material ID Y0001_8915303_2027_M NC01, dated 20260818. Not for distribution prior to 10/01."
H3146-049,Aetna Medicare Signature (HMO),2027,Durable medical equipment,20% coinsurance,CMS,Aetna 2027 Plan Guide (CMS-approved),2026-09-03,"Aetna 2027 Plan Guide (PG27-NC01/NC02/NCC01/NCS01), CMS-approved material ID Y0001_8915303_2027_M NC01, dated 20260818. Not for distribution prior to 10/01."
H3146-049,Aetna Medicare Signature (HMO),2027,Emergency room,$130 copay,CMS,Aetna 2027 Plan Guide (CMS-approved),2026-09-03,"Aetna 2027 Plan Guide (PG27-NC01/NC02/NCC01/NCS01), CMS-approved material ID Y0001_8915303_2027_M NC01, dated 20260818. Not for distribution prior to 10/01."
H3146-049,Aetna Medicare Signature (HMO),2027,Fitness,Physical fitness program: Basic SilverSneakers® membership.,CMS,Aetna 2027 Plan Guide (CMS-approved),2026-09-03,"Aetna 2027 Plan Guide (PG27-NC01/NC02/NCC01/NCS01), CMS-approved material ID Y0001_8915303_2027_M NC01, dated 20260818. Not for distribution prior to 10/01."
H3146-049,Aetna Medicare Signature (HMO),2027,Hearing - routine exam,$0 copay (one exam every year) Appointments must be scheduled through NationsHearing®.,CMS,Aetna 2027 Plan Guide (CMS-approved),2026-09-03,"Aetna 2027 Plan Guide (PG27-NC01/NC02/NCC01/NCS01), CMS-approved material ID Y0001_8915303_2027_M NC01, dated 20260818. Not for distribution prior to 10/01."
H3146-049,Aetna Medicare Signature (HMO),2027,Hearing aids,"Our plan pays $1,250 per ear every year for hearing aids. Hearing aids must be purchased through NationsHearing®. $35 copay",CMS,Aetna 2027 Plan Guide (CMS-approved),2026-09-03,"Aetna 2027 Plan Guide (PG27-NC01/NC02/NCC01/NCS01), CMS-approved material ID Y0001_8915303_2027_M NC01, dated 20260818. Not for distribution prior to 10/01."
H3146-049,Aetna Medicare Signature (HMO),2027,Inpatient hospital,"$395 per day, days 1-6; $0 per day, days 7-90; $0 for additional days. Our plan covers unlimited hospital days.",CMS,Aetna 2027 Plan Guide (CMS-approved),2026-09-03,"Aetna 2027 Plan Guide (PG27-NC01/NC02/NCC01/NCS01), CMS-approved material ID Y0001_8915303_2027_M NC01, dated 20260818. Not for distribution prior to 10/01."
H3146-049,Aetna Medicare Signature (HMO),2027,Lab services,$35 copay $0 copay for certain lab services,CMS,Aetna 2027 Plan Guide (CMS-approved),2026-09-03,"Aetna 2027 Plan Guide (PG27-NC01/NC02/NCC01/NCS01), CMS-approved material ID Y0001_8915303_2027_M NC01, dated 20260818. Not for distribution prior to 10/01."
H3146-049,Aetna Medicare Signature (HMO),2027,Max out-of-pocket,"$5,900",CMS,Aetna 2027 Plan Guide (CMS-approved),2026-09-03,"Aetna 2027 Plan Guide (PG27-NC01/NC02/NCC01/NCS01), CMS-approved material ID Y0001_8915303_2027_M NC01, dated 20260818. Not for distribution prior to 10/01."
H3146-049,Aetna Medicare Signature (HMO),2027,Medical deductible,$0,CMS,Aetna 2027 Plan Guide (CMS-approved),2026-09-03,"Aetna 2027 Plan Guide (PG27-NC01/NC02/NCC01/NCS01), CMS-approved material ID Y0001_8915303_2027_M NC01, dated 20260818. Not for distribution prior to 10/01."
H3146-049,Aetna Medicare Signature (HMO),2027,Mental health (individual),$40 copay,CMS,Aetna 2027 Plan Guide (CMS-approved),2026-09-03,"Aetna 2027 Plan Guide (PG27-NC01/NC02/NCC01/NCS01), CMS-approved material ID Y0001_8915303_2027_M NC01, dated 20260818. Not for distribution prior to 10/01."
H3146-049,Aetna Medicare Signature (HMO),2027,OTC allowance,CVS Over-the-counter,CMS,Aetna 2027 Plan Guide (CMS-approved),2026-09-03,"Aetna 2027 Plan Guide (PG27-NC01/NC02/NCC01/NCS01), CMS-approved material ID Y0001_8915303_2027_M NC01, dated 20260818. Not for distribution prior to 10/01."
H3146-049,Aetna Medicare Signature (HMO),2027,Occupational therapy,$35 copay,CMS,Aetna 2027 Plan Guide (CMS-approved),2026-09-03,"Aetna 2027 Plan Guide (PG27-NC01/NC02/NCC01/NCS01), CMS-approved material ID Y0001_8915303_2027_M NC01, dated 20260818. Not for distribution prior to 10/01."
H3146-049,Aetna Medicare Signature (HMO),2027,Outpatient hospital,$40 - $395 copay $40 copay for outpatient hospital services other than surgery $395 copay for each outpatient hospital surgery,CMS,Aetna 2027 Plan Guide (CMS-approved),2026-09-03,"Aetna 2027 Plan Guide (PG27-NC01/NC02/NCC01/NCS01), CMS-approved material ID Y0001_8915303_2027_M NC01, dated 20260818. Not for distribution prior to 10/01."
H3146-049,Aetna Medicare Signature (HMO),2027,Outpatient surgery (ASC),$345 copay,CMS,Aetna 2027 Plan Guide (CMS-approved),2026-09-03,"Aetna 2027 Plan Guide (PG27-NC01/NC02/NCC01/NCS01), CMS-approved material ID Y0001_8915303_2027_M NC01, dated 20260818. Not for distribution prior to 10/01."
H3146-049,Aetna Medicare Signature (HMO),2027,PCP,$0 copay In-network PCP selection is required.,CMS,Aetna 2027 Plan Guide (CMS-approved),2026-09-03,"Aetna 2027 Plan Guide (PG27-NC01/NC02/NCC01/NCS01), CMS-approved material ID Y0001_8915303_2027_M NC01, dated 20260818. Not for distribution prior to 10/01."
H3146-049,Aetna Medicare Signature (HMO),2027,Part B giveback,$0,CMS,Aetna 2027 Plan Guide (CMS-approved),2026-09-03,"Aetna 2027 Plan Guide (PG27-NC01/NC02/NCC01/NCS01), CMS-approved material ID Y0001_8915303_2027_M NC01, dated 20260818. Not for distribution prior to 10/01."
H3146-049,Aetna Medicare Signature (HMO),2027,Premium,$0,CMS,Aetna 2027 Plan Guide (CMS-approved),2026-09-03,"Aetna 2027 Plan Guide (PG27-NC01/NC02/NCC01/NCS01), CMS-approved material ID Y0001_8915303_2027_M NC01, dated 20260818. Not for distribution prior to 10/01."
H3146-049,Aetna Medicare Signature (HMO),2027,Referrals,This plan doesn’t require a referral to see a specialist.,CMS,Aetna 2027 Plan Guide (CMS-approved),2026-09-03,"Aetna 2027 Plan Guide (PG27-NC01/NC02/NCC01/NCS01), CMS-approved material ID Y0001_8915303_2027_M NC01, dated 20260818. Not for distribution prior to 10/01."
H3146-049,Aetna Medicare Signature (HMO),2027,Skilled nursing facility,"$10 per day, days 1-20; $221 per day, days 21-100 Our plan covers up to 100 days per benefit period.",CMS,Aetna 2027 Plan Guide (CMS-approved),2026-09-03,"Aetna 2027 Plan Guide (PG27-NC01/NC02/NCC01/NCS01), CMS-approved material ID Y0001_8915303_2027_M NC01, dated 20260818. Not for distribution prior to 10/01."
H3146-049,Aetna Medicare Signature (HMO),2027,Specialist,$40 copay,CMS,Aetna 2027 Plan Guide (CMS-approved),2026-09-03,"Aetna 2027 Plan Guide (PG27-NC01/NC02/NCC01/NCS01), CMS-approved material ID Y0001_8915303_2027_M NC01, dated 20260818. Not for distribution prior to 10/01."
H3146-049,Aetna Medicare Signature (HMO),2027,Urgent care,$50 copay,CMS,Aetna 2027 Plan Guide (CMS-approved),2026-09-03,"Aetna 2027 Plan Guide (PG27-NC01/NC02/NCC01/NCS01), CMS-approved material ID Y0001_8915303_2027_M NC01, dated 20260818. Not for distribution prior to 10/01."
H3146-049,Aetna Medicare Signature (HMO),2027,Vision - eyeglasses,Our plan pays $100 every year for prescription eyewear. You must use the EyeMed network.,CMS,Aetna 2027 Plan Guide (CMS-approved),2026-09-03,"Aetna 2027 Plan Guide (PG27-NC01/NC02/NCC01/NCS01), CMS-approved material ID Y0001_8915303_2027_M NC01, dated 20260818. Not for distribution prior to 10/01."
H3146-049,Aetna Medicare Signature (HMO),2027,Vision - routine eye exam,$0 copay with an EyeMed provider (one exam every year),CMS,Aetna 2027 Plan Guide (CMS-approved),2026-09-03,"Aetna 2027 Plan Guide (PG27-NC01/NC02/NCC01/NCS01), CMS-approved material ID Y0001_8915303_2027_M NC01, dated 20260818. Not for distribution prior to 10/01."
H3146-049,Aetna Medicare Signature (HMO),2027,X-ray,X-rays: $50 copay Diagnostic radiology: $0 - $300 copay Lower cost sharing is for services provided by your primary care provider in their office.,CMS,Aetna 2027 Plan Guide (CMS-approved),2026-09-03,"Aetna 2027 Plan Guide (PG27-NC01/NC02/NCC01/NCS01), CMS-approved material ID Y0001_8915303_2027_M NC01, dated 20260818. Not for distribution prior to 10/01."
H3146-053,Aetna Medicare Chronic Care (HMO C-SNP),2027,Ambulance (air),20% coinsurance,CMS,Aetna 2027 Plan Guide (CMS-approved),2026-09-03,"Aetna 2027 Plan Guide (PG27-NC01/NC02/NCC01/NCS01), CMS-approved material ID Y0001_8915303_2027_M NC01, dated 20260818. Not for distribution prior to 10/01."
H3146-053,Aetna Medicare Chronic Care (HMO C-SNP),2027,Ambulance (ground),$290 copay,CMS,Aetna 2027 Plan Guide (CMS-approved),2026-09-03,"Aetna 2027 Plan Guide (PG27-NC01/NC02/NCC01/NCS01), CMS-approved material ID Y0001_8915303_2027_M NC01, dated 20260818. Not for distribution prior to 10/01."
H3146-053,Aetna Medicare Chronic Care (HMO C-SNP),2027,Annual physical exam,$0 copay for an annual routine physical exam.,CMS,Aetna 2027 Plan Guide (CMS-approved),2026-09-03,"Aetna 2027 Plan Guide (PG27-NC01/NC02/NCC01/NCS01), CMS-approved material ID Y0001_8915303_2027_M NC01, dated 20260818. Not for distribution prior to 10/01."
H3146-053,Aetna Medicare Chronic Care (HMO C-SNP),2027,Dental - allowance,"$0 - 50% cost share. Our plan pays for preventive dental services and $1,250 every year for comprehensive dental services. You must use the Aetna Dental PPO Network.",CMS,Aetna 2027 Plan Guide (CMS-approved),2026-09-03,"Aetna 2027 Plan Guide (PG27-NC01/NC02/NCC01/NCS01), CMS-approved material ID Y0001_8915303_2027_M NC01, dated 20260818. Not for distribution prior to 10/01."
H3146-053,Aetna Medicare Chronic Care (HMO C-SNP),2027,Durable medical equipment,20% coinsurance,CMS,Aetna 2027 Plan Guide (CMS-approved),2026-09-03,"Aetna 2027 Plan Guide (PG27-NC01/NC02/NCC01/NCS01), CMS-approved material ID Y0001_8915303_2027_M NC01, dated 20260818. Not for distribution prior to 10/01."
H3146-053,Aetna Medicare Chronic Care (HMO C-SNP),2027,Emergency room,$130 copay,CMS,Aetna 2027 Plan Guide (CMS-approved),2026-09-03,"Aetna 2027 Plan Guide (PG27-NC01/NC02/NCC01/NCS01), CMS-approved material ID Y0001_8915303_2027_M NC01, dated 20260818. Not for distribution prior to 10/01."
H3146-053,Aetna Medicare Chronic Care (HMO C-SNP),2027,Fitness,Physical fitness program: Basic SilverSneakers® membership.,CMS,Aetna 2027 Plan Guide (CMS-approved),2026-09-03,"Aetna 2027 Plan Guide (PG27-NC01/NC02/NCC01/NCS01), CMS-approved material ID Y0001_8915303_2027_M NC01, dated 20260818. Not for distribution prior to 10/01."
H3146-053,Aetna Medicare Chronic Care (HMO C-SNP),2027,Hearing - routine exam,$0 copay (one exam every year) Appointments must be scheduled through NationsHearing®.,CMS,Aetna 2027 Plan Guide (CMS-approved),2026-09-03,"Aetna 2027 Plan Guide (PG27-NC01/NC02/NCC01/NCS01), CMS-approved material ID Y0001_8915303_2027_M NC01, dated 20260818. Not for distribution prior to 10/01."
H3146-053,Aetna Medicare Chronic Care (HMO C-SNP),2027,Hearing aids,Our plan pays $500 per ear every year for hearing aids. Hearing aids must be purchased through NationsHearing®. $35 copay,CMS,Aetna 2027 Plan Guide (CMS-approved),2026-09-03,"Aetna 2027 Plan Guide (PG27-NC01/NC02/NCC01/NCS01), CMS-approved material ID Y0001_8915303_2027_M NC01, dated 20260818. Not for distribution prior to 10/01."
H3146-053,Aetna Medicare Chronic Care (HMO C-SNP),2027,Inpatient hospital,"$470 per day, days 1-5; $0 per day, days 6-90; $0 for additional days. Our plan covers unlimited hospital days.",CMS,Aetna 2027 Plan Guide (CMS-approved),2026-09-03,"Aetna 2027 Plan Guide (PG27-NC01/NC02/NCC01/NCS01), CMS-approved material ID Y0001_8915303_2027_M NC01, dated 20260818. Not for distribution prior to 10/01."
H3146-053,Aetna Medicare Chronic Care (HMO C-SNP),2027,Lab services,$0 copay,CMS,Aetna 2027 Plan Guide (CMS-approved),2026-09-03,"Aetna 2027 Plan Guide (PG27-NC01/NC02/NCC01/NCS01), CMS-approved material ID Y0001_8915303_2027_M NC01, dated 20260818. Not for distribution prior to 10/01."
H3146-053,Aetna Medicare Chronic Care (HMO C-SNP),2027,Max out-of-pocket,"$6,750",CMS,Aetna 2027 Plan Guide (CMS-approved),2026-09-03,"Aetna 2027 Plan Guide (PG27-NC01/NC02/NCC01/NCS01), CMS-approved material ID Y0001_8915303_2027_M NC01, dated 20260818. Not for distribution prior to 10/01."
H3146-053,Aetna Medicare Chronic Care (HMO C-SNP),2027,Medical deductible,$0,CMS,Aetna 2027 Plan Guide (CMS-approved),2026-09-03,"Aetna 2027 Plan Guide (PG27-NC01/NC02/NCC01/NCS01), CMS-approved material ID Y0001_8915303_2027_M NC01, dated 20260818. Not for distribution prior to 10/01."
H3146-053,Aetna Medicare Chronic Care (HMO C-SNP),2027,Mental health (individual),$25 copay,CMS,Aetna 2027 Plan Guide (CMS-approved),2026-09-03,"Aetna 2027 Plan Guide (PG27-NC01/NC02/NCC01/NCS01), CMS-approved material ID Y0001_8915303_2027_M NC01, dated 20260818. Not for distribution prior to 10/01."
H3146-053,Aetna Medicare Chronic Care (HMO C-SNP),2027,OTC allowance,Over-the-Counter (OTC) Wallet $70 benefit amount (allowance) monthly on the Aetna Medicare Extra Benefits Card to help pay for certain OTC health and wellness products.,CMS,Aetna 2027 Plan Guide (CMS-approved),2026-09-03,"Aetna 2027 Plan Guide (PG27-NC01/NC02/NCC01/NCS01), CMS-approved material ID Y0001_8915303_2027_M NC01, dated 20260818. Not for distribution prior to 10/01."
H3146-053,Aetna Medicare Chronic Care (HMO C-SNP),2027,Occupational therapy,$35 copay,CMS,Aetna 2027 Plan Guide (CMS-approved),2026-09-03,"Aetna 2027 Plan Guide (PG27-NC01/NC02/NCC01/NCS01), CMS-approved material ID Y0001_8915303_2027_M NC01, dated 20260818. Not for distribution prior to 10/01."
H3146-053,Aetna Medicare Chronic Care (HMO C-SNP),2027,Outpatient hospital,$35 - $470 copay $35 copay for outpatient hospital services other than surgery $470 copay for each outpatient hospital surgery,CMS,Aetna 2027 Plan Guide (CMS-approved),2026-09-03,"Aetna 2027 Plan Guide (PG27-NC01/NC02/NCC01/NCS01), CMS-approved material ID Y0001_8915303_2027_M NC01, dated 20260818. Not for distribution prior to 10/01."
H3146-053,Aetna Medicare Chronic Care (HMO C-SNP),2027,Outpatient surgery (ASC),$420 copay,CMS,Aetna 2027 Plan Guide (CMS-approved),2026-09-03,"Aetna 2027 Plan Guide (PG27-NC01/NC02/NCC01/NCS01), CMS-approved material ID Y0001_8915303_2027_M NC01, dated 20260818. Not for distribution prior to 10/01."
H3146-053,Aetna Medicare Chronic Care (HMO C-SNP),2027,PCP,$0 copay In-network PCP selection is required.,CMS,Aetna 2027 Plan Guide (CMS-approved),2026-09-03,"Aetna 2027 Plan Guide (PG27-NC01/NC02/NCC01/NCS01), CMS-approved material ID Y0001_8915303_2027_M NC01, dated 20260818. Not for distribution prior to 10/01."
H3146-053,Aetna Medicare Chronic Care (HMO C-SNP),2027,Premium,$0,CMS,Aetna 2027 Plan Guide (CMS-approved),2026-09-03,"Aetna 2027 Plan Guide (PG27-NC01/NC02/NCC01/NCS01), CMS-approved material ID Y0001_8915303_2027_M NC01, dated 20260818. Not for distribution prior to 10/01."
H3146-053,Aetna Medicare Chronic Care (HMO C-SNP),2027,Referrals,This plan doesn’t require a referral to see a specialist.,CMS,Aetna 2027 Plan Guide (CMS-approved),2026-09-03,"Aetna 2027 Plan Guide (PG27-NC01/NC02/NCC01/NCS01), CMS-approved material ID Y0001_8915303_2027_M NC01, dated 20260818. Not for distribution prior to 10/01."
H3146-053,Aetna Medicare Chronic Care (HMO C-SNP),2027,Skilled nursing facility,"$10 per day, days 1-20; $221 per day, days 21-100 Our plan covers up to 100 days per benefit period.",CMS,Aetna 2027 Plan Guide (CMS-approved),2026-09-03,"Aetna 2027 Plan Guide (PG27-NC01/NC02/NCC01/NCS01), CMS-approved material ID Y0001_8915303_2027_M NC01, dated 20260818. Not for distribution prior to 10/01."
H3146-053,Aetna Medicare Chronic Care (HMO C-SNP),2027,Specialist,"$0 - $35 copay $0 copay for certain physician specialist visits including: Cardiologists, Endocrinologists, Nephrologists, and Pulmonologists $35 copay for all other physician specialist visits",CMS,Aetna 2027 Plan Guide (CMS-approved),2026-09-03,"Aetna 2027 Plan Guide (PG27-NC01/NC02/NCC01/NCS01), CMS-approved material ID Y0001_8915303_2027_M NC01, dated 20260818. Not for distribution prior to 10/01."
H3146-053,Aetna Medicare Chronic Care (HMO C-SNP),2027,Urgent care,$50 copay,CMS,Aetna 2027 Plan Guide (CMS-approved),2026-09-03,"Aetna 2027 Plan Guide (PG27-NC01/NC02/NCC01/NCS01), CMS-approved material ID Y0001_8915303_2027_M NC01, dated 20260818. Not for distribution prior to 10/01."
H3146-053,Aetna Medicare Chronic Care (HMO C-SNP),2027,Vision - eyeglasses,Our plan pays $100 every year for prescription eyewear. You must use the EyeMed network.,CMS,Aetna 2027 Plan Guide (CMS-approved),2026-09-03,"Aetna 2027 Plan Guide (PG27-NC01/NC02/NCC01/NCS01), CMS-approved material ID Y0001_8915303_2027_M NC01, dated 20260818. Not for distribution prior to 10/01."
H3146-053,Aetna Medicare Chronic Care (HMO C-SNP),2027,Vision - routine eye exam,$0 copay with an EyeMed provider (one exam every year),CMS,Aetna 2027 Plan Guide (CMS-approved),2026-09-03,"Aetna 2027 Plan Guide (PG27-NC01/NC02/NCC01/NCS01), CMS-approved material ID Y0001_8915303_2027_M NC01, dated 20260818. Not for distribution prior to 10/01."
H3146-053,Aetna Medicare Chronic Care (HMO C-SNP),2027,X-ray,X-rays: $15 copay Diagnostic radiology: $0 - $300 copay,CMS,Aetna 2027 Plan Guide (CMS-approved),2026-09-03,"Aetna 2027 Plan Guide (PG27-NC01/NC02/NCC01/NCS01), CMS-approved material ID Y0001_8915303_2027_M NC01, dated 20260818. Not for distribution prior to 10/01."
H5521-081,Aetna Medicare Signature (PPO),2027,Ambulance (air),20% coinsurance,CMS,Aetna 2027 Plan Guide (CMS-approved),2026-09-03,"Aetna 2027 Plan Guide (PG27-NC01/NC02/NCC01/NCS01), CMS-approved material ID Y0001_8915303_2027_M NC01, dated 20260818. Not for distribution prior to 10/01."
H5521-081,Aetna Medicare Signature (PPO),2027,Ambulance (ground),$310 copay,CMS,Aetna 2027 Plan Guide (CMS-approved),2026-09-03,"Aetna 2027 Plan Guide (PG27-NC01/NC02/NCC01/NCS01), CMS-approved material ID Y0001_8915303_2027_M NC01, dated 20260818. Not for distribution prior to 10/01."
H5521-081,Aetna Medicare Signature (PPO),2027,Annual physical exam,$0 copay for an annual routine physical exam.,CMS,Aetna 2027 Plan Guide (CMS-approved),2026-09-03,"Aetna 2027 Plan Guide (PG27-NC01/NC02/NCC01/NCS01), CMS-approved material ID Y0001_8915303_2027_M NC01, dated 20260818. Not for distribution prior to 10/01."
H5521-081,Aetna Medicare Signature (PPO),2027,Dental - allowance,"$0 - 50% cost share. Our plan pays for preventive dental services and $1,250 every year for comprehensive dental services. Aetna Dental PPO Network",CMS,Aetna 2027 Plan Guide (CMS-approved),2026-09-03,"Aetna 2027 Plan Guide (PG27-NC01/NC02/NCC01/NCS01), CMS-approved material ID Y0001_8915303_2027_M NC01, dated 20260818. Not for distribution prior to 10/01."
H5521-081,Aetna Medicare Signature (PPO),2027,Durable medical equipment,20% coinsurance,CMS,Aetna 2027 Plan Guide (CMS-approved),2026-09-03,"Aetna 2027 Plan Guide (PG27-NC01/NC02/NCC01/NCS01), CMS-approved material ID Y0001_8915303_2027_M NC01, dated 20260818. Not for distribution prior to 10/01."
H5521-081,Aetna Medicare Signature (PPO),2027,Emergency room,$130 copay,CMS,Aetna 2027 Plan Guide (CMS-approved),2026-09-03,"Aetna 2027 Plan Guide (PG27-NC01/NC02/NCC01/NCS01), CMS-approved material ID Y0001_8915303_2027_M NC01, dated 20260818. Not for distribution prior to 10/01."
H5521-081,Aetna Medicare Signature (PPO),2027,Fitness,Physical fitness program: Basic SilverSneakers® membership.,CMS,Aetna 2027 Plan Guide (CMS-approved),2026-09-03,"Aetna 2027 Plan Guide (PG27-NC01/NC02/NCC01/NCS01), CMS-approved material ID Y0001_8915303_2027_M NC01, dated 20260818. Not for distribution prior to 10/01."
H5521-081,Aetna Medicare Signature (PPO),2027,Hearing - routine exam,$0 copay (one exam every year) Appointments should be scheduled through NationsHearing®.,CMS,Aetna 2027 Plan Guide (CMS-approved),2026-09-03,"Aetna 2027 Plan Guide (PG27-NC01/NC02/NCC01/NCS01), CMS-approved material ID Y0001_8915303_2027_M NC01, dated 20260818. Not for distribution prior to 10/01."
H5521-081,Aetna Medicare Signature (PPO),2027,Hearing aids,"Our plan pays $1,250 per ear every year for hearing aids. Hearing aids should be purchased through NationsHearing®. $35 copay",CMS,Aetna 2027 Plan Guide (CMS-approved),2026-09-03,"Aetna 2027 Plan Guide (PG27-NC01/NC02/NCC01/NCS01), CMS-approved material ID Y0001_8915303_2027_M NC01, dated 20260818. Not for distribution prior to 10/01."
H5521-081,Aetna Medicare Signature (PPO),2027,Inpatient hospital,"$459 per day, days 1-6; $0 per day, days 7-90; $0 for additional days. Our plan covers unlimited hospital days.",CMS,Aetna 2027 Plan Guide (CMS-approved),2026-09-03,"Aetna 2027 Plan Guide (PG27-NC01/NC02/NCC01/NCS01), CMS-approved material ID Y0001_8915303_2027_M NC01, dated 20260818. Not for distribution prior to 10/01."
H5521-081,Aetna Medicare Signature (PPO),2027,Lab services,$0 - $35 copay Lower cost sharing is for services provided by your primary care provider in their office. $0 copay for certain lab services,CMS,Aetna 2027 Plan Guide (CMS-approved),2026-09-03,"Aetna 2027 Plan Guide (PG27-NC01/NC02/NCC01/NCS01), CMS-approved material ID Y0001_8915303_2027_M NC01, dated 20260818. Not for distribution prior to 10/01."
H5521-081,Aetna Medicare Signature (PPO),2027,Max out-of-pocket,"$5,900 for in-network services. $6,900 for in- and out-of-network",CMS,Aetna 2027 Plan Guide (CMS-approved),2026-09-03,"Aetna 2027 Plan Guide (PG27-NC01/NC02/NCC01/NCS01), CMS-approved material ID Y0001_8915303_2027_M NC01, dated 20260818. Not for distribution prior to 10/01."
H5521-081,Aetna Medicare Signature (PPO),2027,Medical deductible,$0,CMS,Aetna 2027 Plan Guide (CMS-approved),2026-09-03,"Aetna 2027 Plan Guide (PG27-NC01/NC02/NCC01/NCS01), CMS-approved material ID Y0001_8915303_2027_M NC01, dated 20260818. Not for distribution prior to 10/01."
H5521-081,Aetna Medicare Signature (PPO),2027,Mental health (individual),$40 copay,CMS,Aetna 2027 Plan Guide (CMS-approved),2026-09-03,"Aetna 2027 Plan Guide (PG27-NC01/NC02/NCC01/NCS01), CMS-approved material ID Y0001_8915303_2027_M NC01, dated 20260818. Not for distribution prior to 10/01."
H5521-081,Aetna Medicare Signature (PPO),2027,OTC allowance,CVS Over-the-counter,CMS,Aetna 2027 Plan Guide (CMS-approved),2026-09-03,"Aetna 2027 Plan Guide (PG27-NC01/NC02/NCC01/NCS01), CMS-approved material ID Y0001_8915303_2027_M NC01, dated 20260818. Not for distribution prior to 10/01."
H5521-081,Aetna Medicare Signature (PPO),2027,Occupational therapy,$35 copay,CMS,Aetna 2027 Plan Guide (CMS-approved),2026-09-03,"Aetna 2027 Plan Guide (PG27-NC01/NC02/NCC01/NCS01), CMS-approved material ID Y0001_8915303_2027_M NC01, dated 20260818. Not for distribution prior to 10/01."
H5521-081,Aetna Medicare Signature (PPO),2027,Outpatient hospital,$35 - $459 copay $35 copay for outpatient hospital services other than surgery $459 copay for each outpatient hospital surgery,CMS,Aetna 2027 Plan Guide (CMS-approved),2026-09-03,"Aetna 2027 Plan Guide (PG27-NC01/NC02/NCC01/NCS01), CMS-approved material ID Y0001_8915303_2027_M NC01, dated 20260818. Not for distribution prior to 10/01."
H5521-081,Aetna Medicare Signature (PPO),2027,Outpatient surgery (ASC),$409 copay,CMS,Aetna 2027 Plan Guide (CMS-approved),2026-09-03,"Aetna 2027 Plan Guide (PG27-NC01/NC02/NCC01/NCS01), CMS-approved material ID Y0001_8915303_2027_M NC01, dated 20260818. Not for distribution prior to 10/01."
H5521-081,Aetna Medicare Signature (PPO),2027,PCP,$0 copay,CMS,Aetna 2027 Plan Guide (CMS-approved),2026-09-03,"Aetna 2027 Plan Guide (PG27-NC01/NC02/NCC01/NCS01), CMS-approved material ID Y0001_8915303_2027_M NC01, dated 20260818. Not for distribution prior to 10/01."
H5521-081,Aetna Medicare Signature (PPO),2027,Part B giveback,$0,CMS,Aetna 2027 Plan Guide (CMS-approved),2026-09-03,"Aetna 2027 Plan Guide (PG27-NC01/NC02/NCC01/NCS01), CMS-approved material ID Y0001_8915303_2027_M NC01, dated 20260818. Not for distribution prior to 10/01."
H5521-081,Aetna Medicare Signature (PPO),2027,Premium,$0,CMS,Aetna 2027 Plan Guide (CMS-approved),2026-09-03,"Aetna 2027 Plan Guide (PG27-NC01/NC02/NCC01/NCS01), CMS-approved material ID Y0001_8915303_2027_M NC01, dated 20260818. Not for distribution prior to 10/01."
H5521-081,Aetna Medicare Signature (PPO),2027,Referrals,This plan doesn’t require a referral to see a specialist.,CMS,Aetna 2027 Plan Guide (CMS-approved),2026-09-03,"Aetna 2027 Plan Guide (PG27-NC01/NC02/NCC01/NCS01), CMS-approved material ID Y0001_8915303_2027_M NC01, dated 20260818. Not for distribution prior to 10/01."
H5521-081,Aetna Medicare Signature (PPO),2027,Skilled nursing facility,"$10 per day, days 1-20; $221 per day, days 21-100 Our plan covers up to 100 days per benefit period.",CMS,Aetna 2027 Plan Guide (CMS-approved),2026-09-03,"Aetna 2027 Plan Guide (PG27-NC01/NC02/NCC01/NCS01), CMS-approved material ID Y0001_8915303_2027_M NC01, dated 20260818. Not for distribution prior to 10/01."
H5521-081,Aetna Medicare Signature (PPO),2027,Specialist,$35 copay,CMS,Aetna 2027 Plan Guide (CMS-approved),2026-09-03,"Aetna 2027 Plan Guide (PG27-NC01/NC02/NCC01/NCS01), CMS-approved material ID Y0001_8915303_2027_M NC01, dated 20260818. Not for distribution prior to 10/01."
H5521-081,Aetna Medicare Signature (PPO),2027,Urgent care,$50 copay,CMS,Aetna 2027 Plan Guide (CMS-approved),2026-09-03,"Aetna 2027 Plan Guide (PG27-NC01/NC02/NCC01/NCS01), CMS-approved material ID Y0001_8915303_2027_M NC01, dated 20260818. Not for distribution prior to 10/01."
H5521-081,Aetna Medicare Signature (PPO),2027,Vision - eyeglasses,Our plan pays $100 every year for prescription eyewear. EyeMed Network,CMS,Aetna 2027 Plan Guide (CMS-approved),2026-09-03,"Aetna 2027 Plan Guide (PG27-NC01/NC02/NCC01/NCS01), CMS-approved material ID Y0001_8915303_2027_M NC01, dated 20260818. Not for distribution prior to 10/01."
H5521-081,Aetna Medicare Signature (PPO),2027,Vision - routine eye exam,$0 copay with an EyeMed provider (one exam every year),CMS,Aetna 2027 Plan Guide (CMS-approved),2026-09-03,"Aetna 2027 Plan Guide (PG27-NC01/NC02/NCC01/NCS01), CMS-approved material ID Y0001_8915303_2027_M NC01, dated 20260818. Not for distribution prior to 10/01."
H5521-081,Aetna Medicare Signature (PPO),2027,X-ray,X-rays: $50 copay Diagnostic radiology: $0 - $300 copay Lower cost sharing is for services provided by your primary care provider in their office.,CMS,Aetna 2027 Plan Guide (CMS-approved),2026-09-03,"Aetna 2027 Plan Guide (PG27-NC01/NC02/NCC01/NCS01), CMS-approved material ID Y0001_8915303_2027_M NC01, dated 20260818. Not for distribution prior to 10/01."
H5521-139,Aetna Medicare Enhanced (PPO),2027,Ambulance (air),20% coinsurance,CMS,Aetna 2027 Plan Guide (CMS-approved),2026-09-03,"Aetna 2027 Plan Guide (PG27-NC01/NC02/NCC01/NCS01), CMS-approved material ID Y0001_8915303_2027_M NC01, dated 20260818. Not for distribution prior to 10/01."
H5521-139,Aetna Medicare Enhanced (PPO),2027,Ambulance (ground),$315 copay,CMS,Aetna 2027 Plan Guide (CMS-approved),2026-09-03,"Aetna 2027 Plan Guide (PG27-NC01/NC02/NCC01/NCS01), CMS-approved material ID Y0001_8915303_2027_M NC01, dated 20260818. Not for distribution prior to 10/01."
H5521-139,Aetna Medicare Enhanced (PPO),2027,Annual physical exam,$0 copay for an annual routine physical exam.,CMS,Aetna 2027 Plan Guide (CMS-approved),2026-09-03,"Aetna 2027 Plan Guide (PG27-NC01/NC02/NCC01/NCS01), CMS-approved material ID Y0001_8915303_2027_M NC01, dated 20260818. Not for distribution prior to 10/01."
H5521-139,Aetna Medicare Enhanced (PPO),2027,Dental - allowance,"$0 - 50% cost share. Our plan pays for preventive dental services and $1,000 every year for comprehensive dental services. Aetna Dental PPO Network",CMS,Aetna 2027 Plan Guide (CMS-approved),2026-09-03,"Aetna 2027 Plan Guide (PG27-NC01/NC02/NCC01/NCS01), CMS-approved material ID Y0001_8915303_2027_M NC01, dated 20260818. Not for distribution prior to 10/01."
H5521-139,Aetna Medicare Enhanced (PPO),2027,Durable medical equipment,20% coinsurance,CMS,Aetna 2027 Plan Guide (CMS-approved),2026-09-03,"Aetna 2027 Plan Guide (PG27-NC01/NC02/NCC01/NCS01), CMS-approved material ID Y0001_8915303_2027_M NC01, dated 20260818. Not for distribution prior to 10/01."
H5521-139,Aetna Medicare Enhanced (PPO),2027,Emergency room,$130 copay,CMS,Aetna 2027 Plan Guide (CMS-approved),2026-09-03,"Aetna 2027 Plan Guide (PG27-NC01/NC02/NCC01/NCS01), CMS-approved material ID Y0001_8915303_2027_M NC01, dated 20260818. Not for distribution prior to 10/01."
H5521-139,Aetna Medicare Enhanced (PPO),2027,Fitness,Physical fitness program: Basic SilverSneakers® membership.,CMS,Aetna 2027 Plan Guide (CMS-approved),2026-09-03,"Aetna 2027 Plan Guide (PG27-NC01/NC02/NCC01/NCS01), CMS-approved material ID Y0001_8915303_2027_M NC01, dated 20260818. Not for distribution prior to 10/01."
H5521-139,Aetna Medicare Enhanced (PPO),2027,Hearing - routine exam,$0 copay (one exam every year) Appointments should be scheduled through NationsHearing®.,CMS,Aetna 2027 Plan Guide (CMS-approved),2026-09-03,"Aetna 2027 Plan Guide (PG27-NC01/NC02/NCC01/NCS01), CMS-approved material ID Y0001_8915303_2027_M NC01, dated 20260818. Not for distribution prior to 10/01."
H5521-139,Aetna Medicare Enhanced (PPO),2027,Hearing aids,"Our plan pays $1,250 per ear every year for hearing aids. Hearing aids should be purchased through NationsHearing®. $35 copay",CMS,Aetna 2027 Plan Guide (CMS-approved),2026-09-03,"Aetna 2027 Plan Guide (PG27-NC01/NC02/NCC01/NCS01), CMS-approved material ID Y0001_8915303_2027_M NC01, dated 20260818. Not for distribution prior to 10/01."
H5521-139,Aetna Medicare Enhanced (PPO),2027,Inpatient hospital,"$459 per day, days 1-6; $0 per day, days 7-90; $0 for additional days. Our plan covers unlimited hospital days.",CMS,Aetna 2027 Plan Guide (CMS-approved),2026-09-03,"Aetna 2027 Plan Guide (PG27-NC01/NC02/NCC01/NCS01), CMS-approved material ID Y0001_8915303_2027_M NC01, dated 20260818. Not for distribution prior to 10/01."
H5521-139,Aetna Medicare Enhanced (PPO),2027,Lab services,$0 - $35 copay Lower cost sharing is for services provided by your primary care provider in their office. $0 copay for certain lab services,CMS,Aetna 2027 Plan Guide (CMS-approved),2026-09-03,"Aetna 2027 Plan Guide (PG27-NC01/NC02/NCC01/NCS01), CMS-approved material ID Y0001_8915303_2027_M NC01, dated 20260818. Not for distribution prior to 10/01."
H5521-139,Aetna Medicare Enhanced (PPO),2027,Max out-of-pocket,"$6,750 for in-network services. $7,750 for in- and out-of-network services",CMS,Aetna 2027 Plan Guide (CMS-approved),2026-09-03,"Aetna 2027 Plan Guide (PG27-NC01/NC02/NCC01/NCS01), CMS-approved material ID Y0001_8915303_2027_M NC01, dated 20260818. Not for distribution prior to 10/01."
H5521-139,Aetna Medicare Enhanced (PPO),2027,Medical deductible,$0,CMS,Aetna 2027 Plan Guide (CMS-approved),2026-09-03,"Aetna 2027 Plan Guide (PG27-NC01/NC02/NCC01/NCS01), CMS-approved material ID Y0001_8915303_2027_M NC01, dated 20260818. Not for distribution prior to 10/01."
H5521-139,Aetna Medicare Enhanced (PPO),2027,Mental health (individual),$40 copay,CMS,Aetna 2027 Plan Guide (CMS-approved),2026-09-03,"Aetna 2027 Plan Guide (PG27-NC01/NC02/NCC01/NCS01), CMS-approved material ID Y0001_8915303_2027_M NC01, dated 20260818. Not for distribution prior to 10/01."
H5521-139,Aetna Medicare Enhanced (PPO),2027,OTC allowance,CVS Over-the-counter,CMS,Aetna 2027 Plan Guide (CMS-approved),2026-09-03,"Aetna 2027 Plan Guide (PG27-NC01/NC02/NCC01/NCS01), CMS-approved material ID Y0001_8915303_2027_M NC01, dated 20260818. Not for distribution prior to 10/01."
H5521-139,Aetna Medicare Enhanced (PPO),2027,Occupational therapy,$35 copay,CMS,Aetna 2027 Plan Guide (CMS-approved),2026-09-03,"Aetna 2027 Plan Guide (PG27-NC01/NC02/NCC01/NCS01), CMS-approved material ID Y0001_8915303_2027_M NC01, dated 20260818. Not for distribution prior to 10/01."
H5521-139,Aetna Medicare Enhanced (PPO),2027,Outpatient hospital,$41 - $459 copay $41 copay for outpatient hospital services other than surgery $459 copay for each outpatient hospital surgery,CMS,Aetna 2027 Plan Guide (CMS-approved),2026-09-03,"Aetna 2027 Plan Guide (PG27-NC01/NC02/NCC01/NCS01), CMS-approved material ID Y0001_8915303_2027_M NC01, dated 20260818. Not for distribution prior to 10/01."
H5521-139,Aetna Medicare Enhanced (PPO),2027,Outpatient surgery (ASC),$409 copay,CMS,Aetna 2027 Plan Guide (CMS-approved),2026-09-03,"Aetna 2027 Plan Guide (PG27-NC01/NC02/NCC01/NCS01), CMS-approved material ID Y0001_8915303_2027_M NC01, dated 20260818. Not for distribution prior to 10/01."
H5521-139,Aetna Medicare Enhanced (PPO),2027,PCP,$0 copay In-network PCP selection is required.,CMS,Aetna 2027 Plan Guide (CMS-approved),2026-09-03,"Aetna 2027 Plan Guide (PG27-NC01/NC02/NCC01/NCS01), CMS-approved material ID Y0001_8915303_2027_M NC01, dated 20260818. Not for distribution prior to 10/01."
H5521-139,Aetna Medicare Enhanced (PPO),2027,Premium,$25,CMS,Aetna 2027 Plan Guide (CMS-approved),2026-09-03,"Aetna 2027 Plan Guide (PG27-NC01/NC02/NCC01/NCS01), CMS-approved material ID Y0001_8915303_2027_M NC01, dated 20260818. Not for distribution prior to 10/01."
H5521-139,Aetna Medicare Enhanced (PPO),2027,Referrals,This plan doesn’t require a referral to see a specialist.,CMS,Aetna 2027 Plan Guide (CMS-approved),2026-09-03,"Aetna 2027 Plan Guide (PG27-NC01/NC02/NCC01/NCS01), CMS-approved material ID Y0001_8915303_2027_M NC01, dated 20260818. Not for distribution prior to 10/01."
H5521-139,Aetna Medicare Enhanced (PPO),2027,Skilled nursing facility,"$10 per day, days 1-20; $221 per day, days 21-100 Our plan covers up to 100 days per benefit period.",CMS,Aetna 2027 Plan Guide (CMS-approved),2026-09-03,"Aetna 2027 Plan Guide (PG27-NC01/NC02/NCC01/NCS01), CMS-approved material ID Y0001_8915303_2027_M NC01, dated 20260818. Not for distribution prior to 10/01."
H5521-139,Aetna Medicare Enhanced (PPO),2027,Specialist,$41 copay,CMS,Aetna 2027 Plan Guide (CMS-approved),2026-09-03,"Aetna 2027 Plan Guide (PG27-NC01/NC02/NCC01/NCS01), CMS-approved material ID Y0001_8915303_2027_M NC01, dated 20260818. Not for distribution prior to 10/01."
H5521-139,Aetna Medicare Enhanced (PPO),2027,Urgent care,$50 copay,CMS,Aetna 2027 Plan Guide (CMS-approved),2026-09-03,"Aetna 2027 Plan Guide (PG27-NC01/NC02/NCC01/NCS01), CMS-approved material ID Y0001_8915303_2027_M NC01, dated 20260818. Not for distribution prior to 10/01."
H5521-139,Aetna Medicare Enhanced (PPO),2027,Vision - eyeglasses,Our plan pays $100 every year for prescription eyewear. EyeMed Network,CMS,Aetna 2027 Plan Guide (CMS-approved),2026-09-03,"Aetna 2027 Plan Guide (PG27-NC01/NC02/NCC01/NCS01), CMS-approved material ID Y0001_8915303_2027_M NC01, dated 20260818. Not for distribution prior to 10/01."
H5521-139,Aetna Medicare Enhanced (PPO),2027,Vision - routine eye exam,$0 copay with an EyeMed provider (one exam every year),CMS,Aetna 2027 Plan Guide (CMS-approved),2026-09-03,"Aetna 2027 Plan Guide (PG27-NC01/NC02/NCC01/NCS01), CMS-approved material ID Y0001_8915303_2027_M NC01, dated 20260818. Not for distribution prior to 10/01."
H5521-139,Aetna Medicare Enhanced (PPO),2027,X-ray,X-rays: $50 copay,CMS,Aetna 2027 Plan Guide (CMS-approved),2026-09-03,"Aetna 2027 Plan Guide (PG27-NC01/NC02/NCC01/NCS01), CMS-approved material ID Y0001_8915303_2027_M NC01, dated 20260818. Not for distribution prior to 10/01."
H5521-169,Aetna Medicare Enhanced (PPO),2027,Ambulance (air),20% coinsurance,CMS,Aetna 2027 Plan Guide (CMS-approved),2026-09-03,"Aetna 2027 Plan Guide (PG27-NC01/NC02/NCC01/NCS01), CMS-approved material ID Y0001_8915303_2027_M NC01, dated 20260818. Not for distribution prior to 10/01."
H5521-169,Aetna Medicare Enhanced (PPO),2027,Ambulance (ground),$315 copay,CMS,Aetna 2027 Plan Guide (CMS-approved),2026-09-03,"Aetna 2027 Plan Guide (PG27-NC01/NC02/NCC01/NCS01), CMS-approved material ID Y0001_8915303_2027_M NC01, dated 20260818. Not for distribution prior to 10/01."
H5521-169,Aetna Medicare Enhanced (PPO),2027,Annual physical exam,$0 copay for an annual routine physical exam.,CMS,Aetna 2027 Plan Guide (CMS-approved),2026-09-03,"Aetna 2027 Plan Guide (PG27-NC01/NC02/NCC01/NCS01), CMS-approved material ID Y0001_8915303_2027_M NC01, dated 20260818. Not for distribution prior to 10/01."
H5521-169,Aetna Medicare Enhanced (PPO),2027,Dental - allowance,"$0 - 50% cost share. Our plan pays for preventive dental services and $1,250 every year for comprehensive dental services. Aetna Dental PPO Network",CMS,Aetna 2027 Plan Guide (CMS-approved),2026-09-03,"Aetna 2027 Plan Guide (PG27-NC01/NC02/NCC01/NCS01), CMS-approved material ID Y0001_8915303_2027_M NC01, dated 20260818. Not for distribution prior to 10/01."
H5521-169,Aetna Medicare Enhanced (PPO),2027,Durable medical equipment,20% coinsurance,CMS,Aetna 2027 Plan Guide (CMS-approved),2026-09-03,"Aetna 2027 Plan Guide (PG27-NC01/NC02/NCC01/NCS01), CMS-approved material ID Y0001_8915303_2027_M NC01, dated 20260818. Not for distribution prior to 10/01."
H5521-169,Aetna Medicare Enhanced (PPO),2027,Emergency room,$130 copay,CMS,Aetna 2027 Plan Guide (CMS-approved),2026-09-03,"Aetna 2027 Plan Guide (PG27-NC01/NC02/NCC01/NCS01), CMS-approved material ID Y0001_8915303_2027_M NC01, dated 20260818. Not for distribution prior to 10/01."
H5521-169,Aetna Medicare Enhanced (PPO),2027,Fitness,Physical fitness program: Basic SilverSneakers® membership.,CMS,Aetna 2027 Plan Guide (CMS-approved),2026-09-03,"Aetna 2027 Plan Guide (PG27-NC01/NC02/NCC01/NCS01), CMS-approved material ID Y0001_8915303_2027_M NC01, dated 20260818. Not for distribution prior to 10/01."
H5521-169,Aetna Medicare Enhanced (PPO),2027,Hearing - routine exam,$0 copay (one exam every year) Appointments should be scheduled through NationsHearing®.,CMS,Aetna 2027 Plan Guide (CMS-approved),2026-09-03,"Aetna 2027 Plan Guide (PG27-NC01/NC02/NCC01/NCS01), CMS-approved material ID Y0001_8915303_2027_M NC01, dated 20260818. Not for distribution prior to 10/01."
H5521-169,Aetna Medicare Enhanced (PPO),2027,Hearing aids,"Our plan pays $1,250 per ear every year for hearing aids. Hearing aids should be purchased through NationsHearing®. $35 copay",CMS,Aetna 2027 Plan Guide (CMS-approved),2026-09-03,"Aetna 2027 Plan Guide (PG27-NC01/NC02/NCC01/NCS01), CMS-approved material ID Y0001_8915303_2027_M NC01, dated 20260818. Not for distribution prior to 10/01."
H5521-169,Aetna Medicare Enhanced (PPO),2027,Inpatient hospital,"$459 per day, days 1-6; $0 per day, days 7-90; $0 for additional days. Our plan covers unlimited hospital days.",CMS,Aetna 2027 Plan Guide (CMS-approved),2026-09-03,"Aetna 2027 Plan Guide (PG27-NC01/NC02/NCC01/NCS01), CMS-approved material ID Y0001_8915303_2027_M NC01, dated 20260818. Not for distribution prior to 10/01."
H5521-169,Aetna Medicare Enhanced (PPO),2027,Lab services,$0 - $35 copay Lower cost sharing is for services provided by your primary care provider in their office. $0 copay for certain lab services,CMS,Aetna 2027 Plan Guide (CMS-approved),2026-09-03,"Aetna 2027 Plan Guide (PG27-NC01/NC02/NCC01/NCS01), CMS-approved material ID Y0001_8915303_2027_M NC01, dated 20260818. Not for distribution prior to 10/01."
H5521-169,Aetna Medicare Enhanced (PPO),2027,Max out-of-pocket,"$5,900 for in-network services. $6,900 for in- and out-of-network services",CMS,Aetna 2027 Plan Guide (CMS-approved),2026-09-03,"Aetna 2027 Plan Guide (PG27-NC01/NC02/NCC01/NCS01), CMS-approved material ID Y0001_8915303_2027_M NC01, dated 20260818. Not for distribution prior to 10/01."
H5521-169,Aetna Medicare Enhanced (PPO),2027,Medical deductible,$0,CMS,Aetna 2027 Plan Guide (CMS-approved),2026-09-03,"Aetna 2027 Plan Guide (PG27-NC01/NC02/NCC01/NCS01), CMS-approved material ID Y0001_8915303_2027_M NC01, dated 20260818. Not for distribution prior to 10/01."
H5521-169,Aetna Medicare Enhanced (PPO),2027,Mental health (individual),$40 copay,CMS,Aetna 2027 Plan Guide (CMS-approved),2026-09-03,"Aetna 2027 Plan Guide (PG27-NC01/NC02/NCC01/NCS01), CMS-approved material ID Y0001_8915303_2027_M NC01, dated 20260818. Not for distribution prior to 10/01."
H5521-169,Aetna Medicare Enhanced (PPO),2027,OTC allowance,CVS Over-the-counter,CMS,Aetna 2027 Plan Guide (CMS-approved),2026-09-03,"Aetna 2027 Plan Guide (PG27-NC01/NC02/NCC01/NCS01), CMS-approved material ID Y0001_8915303_2027_M NC01, dated 20260818. Not for distribution prior to 10/01."
H5521-169,Aetna Medicare Enhanced (PPO),2027,Occupational therapy,$35 copay,CMS,Aetna 2027 Plan Guide (CMS-approved),2026-09-03,"Aetna 2027 Plan Guide (PG27-NC01/NC02/NCC01/NCS01), CMS-approved material ID Y0001_8915303_2027_M NC01, dated 20260818. Not for distribution prior to 10/01."
H5521-169,Aetna Medicare Enhanced (PPO),2027,Outpatient hospital,$40 - $459 copay $40 copay for outpatient hospital services other than surgery $459 copay for each outpatient hospital surgery,CMS,Aetna 2027 Plan Guide (CMS-approved),2026-09-03,"Aetna 2027 Plan Guide (PG27-NC01/NC02/NCC01/NCS01), CMS-approved material ID Y0001_8915303_2027_M NC01, dated 20260818. Not for distribution prior to 10/01."
H5521-169,Aetna Medicare Enhanced (PPO),2027,Outpatient surgery (ASC),$409 copay,CMS,Aetna 2027 Plan Guide (CMS-approved),2026-09-03,"Aetna 2027 Plan Guide (PG27-NC01/NC02/NCC01/NCS01), CMS-approved material ID Y0001_8915303_2027_M NC01, dated 20260818. Not for distribution prior to 10/01."
H5521-169,Aetna Medicare Enhanced (PPO),2027,PCP,$0 copay In-network PCP selection is required.,CMS,Aetna 2027 Plan Guide (CMS-approved),2026-09-03,"Aetna 2027 Plan Guide (PG27-NC01/NC02/NCC01/NCS01), CMS-approved material ID Y0001_8915303_2027_M NC01, dated 20260818. Not for distribution prior to 10/01."
H5521-169,Aetna Medicare Enhanced (PPO),2027,Premium,$24,CMS,Aetna 2027 Plan Guide (CMS-approved),2026-09-03,"Aetna 2027 Plan Guide (PG27-NC01/NC02/NCC01/NCS01), CMS-approved material ID Y0001_8915303_2027_M NC01, dated 20260818. Not for distribution prior to 10/01."
H5521-169,Aetna Medicare Enhanced (PPO),2027,Referrals,This plan doesn’t require a referral to see a specialist.,CMS,Aetna 2027 Plan Guide (CMS-approved),2026-09-03,"Aetna 2027 Plan Guide (PG27-NC01/NC02/NCC01/NCS01), CMS-approved material ID Y0001_8915303_2027_M NC01, dated 20260818. Not for distribution prior to 10/01."
H5521-169,Aetna Medicare Enhanced (PPO),2027,Skilled nursing facility,"$10 per day, days 1-20; $221 per day, days 21-100 Our plan covers up to 100 days per benefit period.",CMS,Aetna 2027 Plan Guide (CMS-approved),2026-09-03,"Aetna 2027 Plan Guide (PG27-NC01/NC02/NCC01/NCS01), CMS-approved material ID Y0001_8915303_2027_M NC01, dated 20260818. Not for distribution prior to 10/01."
H5521-169,Aetna Medicare Enhanced (PPO),2027,Specialist,$40 copay,CMS,Aetna 2027 Plan Guide (CMS-approved),2026-09-03,"Aetna 2027 Plan Guide (PG27-NC01/NC02/NCC01/NCS01), CMS-approved material ID Y0001_8915303_2027_M NC01, dated 20260818. Not for distribution prior to 10/01."
H5521-169,Aetna Medicare Enhanced (PPO),2027,Urgent care,$50 copay,CMS,Aetna 2027 Plan Guide (CMS-approved),2026-09-03,"Aetna 2027 Plan Guide (PG27-NC01/NC02/NCC01/NCS01), CMS-approved material ID Y0001_8915303_2027_M NC01, dated 20260818. Not for distribution prior to 10/01."
H5521-169,Aetna Medicare Enhanced (PPO),2027,Vision - eyeglasses,Our plan pays $100 every year for prescription eyewear. EyeMed Network,CMS,Aetna 2027 Plan Guide (CMS-approved),2026-09-03,"Aetna 2027 Plan Guide (PG27-NC01/NC02/NCC01/NCS01), CMS-approved material ID Y0001_8915303_2027_M NC01, dated 20260818. Not for distribution prior to 10/01."
H5521-169,Aetna Medicare Enhanced (PPO),2027,Vision - routine eye exam,$0 copay with an EyeMed provider (one exam every year),CMS,Aetna 2027 Plan Guide (CMS-approved),2026-09-03,"Aetna 2027 Plan Guide (PG27-NC01/NC02/NCC01/NCS01), CMS-approved material ID Y0001_8915303_2027_M NC01, dated 20260818. Not for distribution prior to 10/01."
H5521-169,Aetna Medicare Enhanced (PPO),2027,X-ray,X-rays: $50 copay,CMS,Aetna 2027 Plan Guide (CMS-approved),2026-09-03,"Aetna 2027 Plan Guide (PG27-NC01/NC02/NCC01/NCS01), CMS-approved material ID Y0001_8915303_2027_M NC01, dated 20260818. Not for distribution prior to 10/01."
H5521-170,Aetna Medicare Signature Extra (PPO),2027,Ambulance (air),20% coinsurance,CMS,Aetna 2027 Plan Guide (CMS-approved),2026-09-03,"Aetna 2027 Plan Guide (PG27-NC01/NC02/NCC01/NCS01), CMS-approved material ID Y0001_8915303_2027_M NC01, dated 20260818. Not for distribution prior to 10/01."
H5521-170,Aetna Medicare Signature Extra (PPO),2027,Ambulance (ground),$315 copay,CMS,Aetna 2027 Plan Guide (CMS-approved),2026-09-03,"Aetna 2027 Plan Guide (PG27-NC01/NC02/NCC01/NCS01), CMS-approved material ID Y0001_8915303_2027_M NC01, dated 20260818. Not for distribution prior to 10/01."
H5521-170,Aetna Medicare Signature Extra (PPO),2027,Annual physical exam,$0 copay for an annual routine physical exam.,CMS,Aetna 2027 Plan Guide (CMS-approved),2026-09-03,"Aetna 2027 Plan Guide (PG27-NC01/NC02/NCC01/NCS01), CMS-approved material ID Y0001_8915303_2027_M NC01, dated 20260818. Not for distribution prior to 10/01."
H5521-170,Aetna Medicare Signature Extra (PPO),2027,Dental - allowance,"$0 - 50% cost share. Our plan pays for preventive dental services and $1,750 every year for comprehensive dental services. Aetna Dental PPO Network",CMS,Aetna 2027 Plan Guide (CMS-approved),2026-09-03,"Aetna 2027 Plan Guide (PG27-NC01/NC02/NCC01/NCS01), CMS-approved material ID Y0001_8915303_2027_M NC01, dated 20260818. Not for distribution prior to 10/01."
H5521-170,Aetna Medicare Signature Extra (PPO),2027,Durable medical equipment,20% coinsurance,CMS,Aetna 2027 Plan Guide (CMS-approved),2026-09-03,"Aetna 2027 Plan Guide (PG27-NC01/NC02/NCC01/NCS01), CMS-approved material ID Y0001_8915303_2027_M NC01, dated 20260818. Not for distribution prior to 10/01."
H5521-170,Aetna Medicare Signature Extra (PPO),2027,Emergency room,$130 copay,CMS,Aetna 2027 Plan Guide (CMS-approved),2026-09-03,"Aetna 2027 Plan Guide (PG27-NC01/NC02/NCC01/NCS01), CMS-approved material ID Y0001_8915303_2027_M NC01, dated 20260818. Not for distribution prior to 10/01."
H5521-170,Aetna Medicare Signature Extra (PPO),2027,Fitness,Physical fitness program: Basic SilverSneakers® membership.,CMS,Aetna 2027 Plan Guide (CMS-approved),2026-09-03,"Aetna 2027 Plan Guide (PG27-NC01/NC02/NCC01/NCS01), CMS-approved material ID Y0001_8915303_2027_M NC01, dated 20260818. Not for distribution prior to 10/01."
H5521-170,Aetna Medicare Signature Extra (PPO),2027,Hearing - routine exam,$0 copay (one exam every year) Appointments should be scheduled through NationsHearing®.,CMS,Aetna 2027 Plan Guide (CMS-approved),2026-09-03,"Aetna 2027 Plan Guide (PG27-NC01/NC02/NCC01/NCS01), CMS-approved material ID Y0001_8915303_2027_M NC01, dated 20260818. Not for distribution prior to 10/01."
H5521-170,Aetna Medicare Signature Extra (PPO),2027,Hearing aids,"Our plan pays $1,250 per ear every year for hearing aids. Hearing aids should be purchased through NationsHearing®. $35 copay",CMS,Aetna 2027 Plan Guide (CMS-approved),2026-09-03,"Aetna 2027 Plan Guide (PG27-NC01/NC02/NCC01/NCS01), CMS-approved material ID Y0001_8915303_2027_M NC01, dated 20260818. Not for distribution prior to 10/01."
H5521-170,Aetna Medicare Signature Extra (PPO),2027,Inpatient hospital,"$459 per day, days 1-6; $0 per day, days 7-90; $0 for additional days. Our plan covers unlimited hospital days.",CMS,Aetna 2027 Plan Guide (CMS-approved),2026-09-03,"Aetna 2027 Plan Guide (PG27-NC01/NC02/NCC01/NCS01), CMS-approved material ID Y0001_8915303_2027_M NC01, dated 20260818. Not for distribution prior to 10/01."
H5521-170,Aetna Medicare Signature Extra (PPO),2027,Lab services,$0 - $25 copay Lower cost sharing is for services provided by your primary care provider in their office. $0 copay for certain lab services,CMS,Aetna 2027 Plan Guide (CMS-approved),2026-09-03,"Aetna 2027 Plan Guide (PG27-NC01/NC02/NCC01/NCS01), CMS-approved material ID Y0001_8915303_2027_M NC01, dated 20260818. Not for distribution prior to 10/01."
H5521-170,Aetna Medicare Signature Extra (PPO),2027,Max out-of-pocket,"$5,900 for in-network services. $6,900 for in- and out-of-network",CMS,Aetna 2027 Plan Guide (CMS-approved),2026-09-03,"Aetna 2027 Plan Guide (PG27-NC01/NC02/NCC01/NCS01), CMS-approved material ID Y0001_8915303_2027_M NC01, dated 20260818. Not for distribution prior to 10/01."
H5521-170,Aetna Medicare Signature Extra (PPO),2027,Medical deductible,$0,CMS,Aetna 2027 Plan Guide (CMS-approved),2026-09-03,"Aetna 2027 Plan Guide (PG27-NC01/NC02/NCC01/NCS01), CMS-approved material ID Y0001_8915303_2027_M NC01, dated 20260818. Not for distribution prior to 10/01."
H5521-170,Aetna Medicare Signature Extra (PPO),2027,Mental health (individual),$40 copay,CMS,Aetna 2027 Plan Guide (CMS-approved),2026-09-03,"Aetna 2027 Plan Guide (PG27-NC01/NC02/NCC01/NCS01), CMS-approved material ID Y0001_8915303_2027_M NC01, dated 20260818. Not for distribution prior to 10/01."
H5521-170,Aetna Medicare Signature Extra (PPO),2027,OTC allowance,CVS Over-the-counter,CMS,Aetna 2027 Plan Guide (CMS-approved),2026-09-03,"Aetna 2027 Plan Guide (PG27-NC01/NC02/NCC01/NCS01), CMS-approved material ID Y0001_8915303_2027_M NC01, dated 20260818. Not for distribution prior to 10/01."
H5521-170,Aetna Medicare Signature Extra (PPO),2027,Occupational therapy,$35 copay,CMS,Aetna 2027 Plan Guide (CMS-approved),2026-09-03,"Aetna 2027 Plan Guide (PG27-NC01/NC02/NCC01/NCS01), CMS-approved material ID Y0001_8915303_2027_M NC01, dated 20260818. Not for distribution prior to 10/01."
H5521-170,Aetna Medicare Signature Extra (PPO),2027,Outpatient hospital,$30 - $459 copay $30 copay for outpatient hospital services other than surgery $459 copay for each outpatient hospital surgery,CMS,Aetna 2027 Plan Guide (CMS-approved),2026-09-03,"Aetna 2027 Plan Guide (PG27-NC01/NC02/NCC01/NCS01), CMS-approved material ID Y0001_8915303_2027_M NC01, dated 20260818. Not for distribution prior to 10/01."
H5521-170,Aetna Medicare Signature Extra (PPO),2027,Outpatient surgery (ASC),$409 copay,CMS,Aetna 2027 Plan Guide (CMS-approved),2026-09-03,"Aetna 2027 Plan Guide (PG27-NC01/NC02/NCC01/NCS01), CMS-approved material ID Y0001_8915303_2027_M NC01, dated 20260818. Not for distribution prior to 10/01."
H5521-170,Aetna Medicare Signature Extra (PPO),2027,PCP,$0 copay,CMS,Aetna 2027 Plan Guide (CMS-approved),2026-09-03,"Aetna 2027 Plan Guide (PG27-NC01/NC02/NCC01/NCS01), CMS-approved material ID Y0001_8915303_2027_M NC01, dated 20260818. Not for distribution prior to 10/01."
H5521-170,Aetna Medicare Signature Extra (PPO),2027,Part B giveback,$0,CMS,Aetna 2027 Plan Guide (CMS-approved),2026-09-03,"Aetna 2027 Plan Guide (PG27-NC01/NC02/NCC01/NCS01), CMS-approved material ID Y0001_8915303_2027_M NC01, dated 20260818. Not for distribution prior to 10/01."
H5521-170,Aetna Medicare Signature Extra (PPO),2027,Premium,$0,CMS,Aetna 2027 Plan Guide (CMS-approved),2026-09-03,"Aetna 2027 Plan Guide (PG27-NC01/NC02/NCC01/NCS01), CMS-approved material ID Y0001_8915303_2027_M NC01, dated 20260818. Not for distribution prior to 10/01."
H5521-170,Aetna Medicare Signature Extra (PPO),2027,Referrals,This plan doesn’t require a referral to see a specialist.,CMS,Aetna 2027 Plan Guide (CMS-approved),2026-09-03,"Aetna 2027 Plan Guide (PG27-NC01/NC02/NCC01/NCS01), CMS-approved material ID Y0001_8915303_2027_M NC01, dated 20260818. Not for distribution prior to 10/01."
H5521-170,Aetna Medicare Signature Extra (PPO),2027,Skilled nursing facility,"$10 per day, days 1-20; $221 per day, days 21-100 Our plan covers up to 100 days per benefit period.",CMS,Aetna 2027 Plan Guide (CMS-approved),2026-09-03,"Aetna 2027 Plan Guide (PG27-NC01/NC02/NCC01/NCS01), CMS-approved material ID Y0001_8915303_2027_M NC01, dated 20260818. Not for distribution prior to 10/01."
H5521-170,Aetna Medicare Signature Extra (PPO),2027,Specialist,$30 copay,CMS,Aetna 2027 Plan Guide (CMS-approved),2026-09-03,"Aetna 2027 Plan Guide (PG27-NC01/NC02/NCC01/NCS01), CMS-approved material ID Y0001_8915303_2027_M NC01, dated 20260818. Not for distribution prior to 10/01."
H5521-170,Aetna Medicare Signature Extra (PPO),2027,Urgent care,$50 copay,CMS,Aetna 2027 Plan Guide (CMS-approved),2026-09-03,"Aetna 2027 Plan Guide (PG27-NC01/NC02/NCC01/NCS01), CMS-approved material ID Y0001_8915303_2027_M NC01, dated 20260818. Not for distribution prior to 10/01."
H5521-170,Aetna Medicare Signature Extra (PPO),2027,Vision - eyeglasses,Our plan pays $100 every year for prescription eyewear. EyeMed Network,CMS,Aetna 2027 Plan Guide (CMS-approved),2026-09-03,"Aetna 2027 Plan Guide (PG27-NC01/NC02/NCC01/NCS01), CMS-approved material ID Y0001_8915303_2027_M NC01, dated 20260818. Not for distribution prior to 10/01."
H5521-170,Aetna Medicare Signature Extra (PPO),2027,Vision - routine eye exam,$0 copay with an EyeMed provider (one exam every year),CMS,Aetna 2027 Plan Guide (CMS-approved),2026-09-03,"Aetna 2027 Plan Guide (PG27-NC01/NC02/NCC01/NCS01), CMS-approved material ID Y0001_8915303_2027_M NC01, dated 20260818. Not for distribution prior to 10/01."
H5521-170,Aetna Medicare Signature Extra (PPO),2027,X-ray,X-rays: $30 copay Diagnostic radiology: $0 - $300 copay Lower cost sharing is for services provided by your primary care provider in their office.,CMS,Aetna 2027 Plan Guide (CMS-approved),2026-09-03,"Aetna 2027 Plan Guide (PG27-NC01/NC02/NCC01/NCS01), CMS-approved material ID Y0001_8915303_2027_M NC01, dated 20260818. Not for distribution prior to 10/01."
H5521-236,Aetna Medicare Signature (PPO),2027,Ambulance (air),20% coinsurance,CMS,Aetna 2027 Plan Guide (CMS-approved),2026-09-03,"Aetna 2027 Plan Guide (PG27-NC01/NC02/NCC01/NCS01), CMS-approved material ID Y0001_8915303_2027_M NC01, dated 20260818. Not for distribution prior to 10/01."
H5521-236,Aetna Medicare Signature (PPO),2027,Ambulance (ground),$315 copay,CMS,Aetna 2027 Plan Guide (CMS-approved),2026-09-03,"Aetna 2027 Plan Guide (PG27-NC01/NC02/NCC01/NCS01), CMS-approved material ID Y0001_8915303_2027_M NC01, dated 20260818. Not for distribution prior to 10/01."
H5521-236,Aetna Medicare Signature (PPO),2027,Annual physical exam,$0 copay for an annual routine physical exam.,CMS,Aetna 2027 Plan Guide (CMS-approved),2026-09-03,"Aetna 2027 Plan Guide (PG27-NC01/NC02/NCC01/NCS01), CMS-approved material ID Y0001_8915303_2027_M NC01, dated 20260818. Not for distribution prior to 10/01."
H5521-236,Aetna Medicare Signature (PPO),2027,Dental - allowance,$0 for preventive services. Comprehensive services are not covered. Aetna Dental PPO Network,CMS,Aetna 2027 Plan Guide (CMS-approved),2026-09-03,"Aetna 2027 Plan Guide (PG27-NC01/NC02/NCC01/NCS01), CMS-approved material ID Y0001_8915303_2027_M NC01, dated 20260818. Not for distribution prior to 10/01."
H5521-236,Aetna Medicare Signature (PPO),2027,Durable medical equipment,20% coinsurance,CMS,Aetna 2027 Plan Guide (CMS-approved),2026-09-03,"Aetna 2027 Plan Guide (PG27-NC01/NC02/NCC01/NCS01), CMS-approved material ID Y0001_8915303_2027_M NC01, dated 20260818. Not for distribution prior to 10/01."
H5521-236,Aetna Medicare Signature (PPO),2027,Emergency room,$115 copay,CMS,Aetna 2027 Plan Guide (CMS-approved),2026-09-03,"Aetna 2027 Plan Guide (PG27-NC01/NC02/NCC01/NCS01), CMS-approved material ID Y0001_8915303_2027_M NC01, dated 20260818. Not for distribution prior to 10/01."
H5521-236,Aetna Medicare Signature (PPO),2027,Fitness,Physical fitness program: Basic SilverSneakers® membership.,CMS,Aetna 2027 Plan Guide (CMS-approved),2026-09-03,"Aetna 2027 Plan Guide (PG27-NC01/NC02/NCC01/NCS01), CMS-approved material ID Y0001_8915303_2027_M NC01, dated 20260818. Not for distribution prior to 10/01."
H5521-236,Aetna Medicare Signature (PPO),2027,Hearing - routine exam,$0 copay (one exam every year) Appointments should be scheduled through NationsHearing®.,CMS,Aetna 2027 Plan Guide (CMS-approved),2026-09-03,"Aetna 2027 Plan Guide (PG27-NC01/NC02/NCC01/NCS01), CMS-approved material ID Y0001_8915303_2027_M NC01, dated 20260818. Not for distribution prior to 10/01."
H5521-236,Aetna Medicare Signature (PPO),2027,Hearing aids,"Our plan pays $1,250 per ear every year for hearing aids. Hearing aids should be purchased through NationsHearing®. $40 copay",CMS,Aetna 2027 Plan Guide (CMS-approved),2026-09-03,"Aetna 2027 Plan Guide (PG27-NC01/NC02/NCC01/NCS01), CMS-approved material ID Y0001_8915303_2027_M NC01, dated 20260818. Not for distribution prior to 10/01."
H5521-236,Aetna Medicare Signature (PPO),2027,Inpatient hospital,"$408 per day, days 1-6; $0 per day, days 7-90; $0 for additional days. Our plan covers unlimited hospital days.",CMS,Aetna 2027 Plan Guide (CMS-approved),2026-09-03,"Aetna 2027 Plan Guide (PG27-NC01/NC02/NCC01/NCS01), CMS-approved material ID Y0001_8915303_2027_M NC01, dated 20260818. Not for distribution prior to 10/01."
H5521-236,Aetna Medicare Signature (PPO),2027,Lab services,$0 - $50 copay Lower cost sharing is for services provided by your primary care provider in their office. $0 copay for certain lab services,CMS,Aetna 2027 Plan Guide (CMS-approved),2026-09-03,"Aetna 2027 Plan Guide (PG27-NC01/NC02/NCC01/NCS01), CMS-approved material ID Y0001_8915303_2027_M NC01, dated 20260818. Not for distribution prior to 10/01."
H5521-236,Aetna Medicare Signature (PPO),2027,Max out-of-pocket,"$9,850 for in-network services. $10,850 for in- and out-of-network services",CMS,Aetna 2027 Plan Guide (CMS-approved),2026-09-03,"Aetna 2027 Plan Guide (PG27-NC01/NC02/NCC01/NCS01), CMS-approved material ID Y0001_8915303_2027_M NC01, dated 20260818. Not for distribution prior to 10/01."
H5521-236,Aetna Medicare Signature (PPO),2027,Medical deductible,$0,CMS,Aetna 2027 Plan Guide (CMS-approved),2026-09-03,"Aetna 2027 Plan Guide (PG27-NC01/NC02/NCC01/NCS01), CMS-approved material ID Y0001_8915303_2027_M NC01, dated 20260818. Not for distribution prior to 10/01."
H5521-236,Aetna Medicare Signature (PPO),2027,Mental health (individual),$40 copay,CMS,Aetna 2027 Plan Guide (CMS-approved),2026-09-03,"Aetna 2027 Plan Guide (PG27-NC01/NC02/NCC01/NCS01), CMS-approved material ID Y0001_8915303_2027_M NC01, dated 20260818. Not for distribution prior to 10/01."
H5521-236,Aetna Medicare Signature (PPO),2027,OTC allowance,Not offered with this plan,CMS,Aetna 2027 Plan Guide (CMS-approved),2026-09-03,"Aetna 2027 Plan Guide (PG27-NC01/NC02/NCC01/NCS01), CMS-approved material ID Y0001_8915303_2027_M NC01, dated 20260818. Not for distribution prior to 10/01."
H5521-236,Aetna Medicare Signature (PPO),2027,Occupational therapy,$35 copay,CMS,Aetna 2027 Plan Guide (CMS-approved),2026-09-03,"Aetna 2027 Plan Guide (PG27-NC01/NC02/NCC01/NCS01), CMS-approved material ID Y0001_8915303_2027_M NC01, dated 20260818. Not for distribution prior to 10/01."
H5521-236,Aetna Medicare Signature (PPO),2027,Outpatient hospital,$56 - $408 copay $56 copay for outpatient hospital services other than surgery $408 copay for each outpatient hospital surgery,CMS,Aetna 2027 Plan Guide (CMS-approved),2026-09-03,"Aetna 2027 Plan Guide (PG27-NC01/NC02/NCC01/NCS01), CMS-approved material ID Y0001_8915303_2027_M NC01, dated 20260818. Not for distribution prior to 10/01."
H5521-236,Aetna Medicare Signature (PPO),2027,Outpatient surgery (ASC),$358 copay,CMS,Aetna 2027 Plan Guide (CMS-approved),2026-09-03,"Aetna 2027 Plan Guide (PG27-NC01/NC02/NCC01/NCS01), CMS-approved material ID Y0001_8915303_2027_M NC01, dated 20260818. Not for distribution prior to 10/01."
H5521-236,Aetna Medicare Signature (PPO),2027,PCP,$0 copay In-network PCP selection is required.,CMS,Aetna 2027 Plan Guide (CMS-approved),2026-09-03,"Aetna 2027 Plan Guide (PG27-NC01/NC02/NCC01/NCS01), CMS-approved material ID Y0001_8915303_2027_M NC01, dated 20260818. Not for distribution prior to 10/01."
H5521-236,Aetna Medicare Signature (PPO),2027,Premium,$0,CMS,Aetna 2027 Plan Guide (CMS-approved),2026-09-03,"Aetna 2027 Plan Guide (PG27-NC01/NC02/NCC01/NCS01), CMS-approved material ID Y0001_8915303_2027_M NC01, dated 20260818. Not for distribution prior to 10/01."
H5521-236,Aetna Medicare Signature (PPO),2027,Referrals,This plan doesn’t require a referral to see a specialist.,CMS,Aetna 2027 Plan Guide (CMS-approved),2026-09-03,"Aetna 2027 Plan Guide (PG27-NC01/NC02/NCC01/NCS01), CMS-approved material ID Y0001_8915303_2027_M NC01, dated 20260818. Not for distribution prior to 10/01."
H5521-236,Aetna Medicare Signature (PPO),2027,Skilled nursing facility,"$0 per day, days 1-20; $221 per day, days 21-100 Our plan covers up to 100 days per benefit period.",CMS,Aetna 2027 Plan Guide (CMS-approved),2026-09-03,"Aetna 2027 Plan Guide (PG27-NC01/NC02/NCC01/NCS01), CMS-approved material ID Y0001_8915303_2027_M NC01, dated 20260818. Not for distribution prior to 10/01."
H5521-236,Aetna Medicare Signature (PPO),2027,Specialist,$56 copay,CMS,Aetna 2027 Plan Guide (CMS-approved),2026-09-03,"Aetna 2027 Plan Guide (PG27-NC01/NC02/NCC01/NCS01), CMS-approved material ID Y0001_8915303_2027_M NC01, dated 20260818. Not for distribution prior to 10/01."
H5521-236,Aetna Medicare Signature (PPO),2027,Urgent care,$40 copay,CMS,Aetna 2027 Plan Guide (CMS-approved),2026-09-03,"Aetna 2027 Plan Guide (PG27-NC01/NC02/NCC01/NCS01), CMS-approved material ID Y0001_8915303_2027_M NC01, dated 20260818. Not for distribution prior to 10/01."
H5521-236,Aetna Medicare Signature (PPO),2027,Vision - eyeglasses,Our plan pays $100 every year for prescription eyewear. EyeMed Network,CMS,Aetna 2027 Plan Guide (CMS-approved),2026-09-03,"Aetna 2027 Plan Guide (PG27-NC01/NC02/NCC01/NCS01), CMS-approved material ID Y0001_8915303_2027_M NC01, dated 20260818. Not for distribution prior to 10/01."
H5521-236,Aetna Medicare Signature (PPO),2027,Vision - routine eye exam,$0 copay with an EyeMed provider (one exam every year),CMS,Aetna 2027 Plan Guide (CMS-approved),2026-09-03,"Aetna 2027 Plan Guide (PG27-NC01/NC02/NCC01/NCS01), CMS-approved material ID Y0001_8915303_2027_M NC01, dated 20260818. Not for distribution prior to 10/01."
H5521-236,Aetna Medicare Signature (PPO),2027,X-ray,X-rays: $50 copay,CMS,Aetna 2027 Plan Guide (CMS-approved),2026-09-03,"Aetna 2027 Plan Guide (PG27-NC01/NC02/NCC01/NCS01), CMS-approved material ID Y0001_8915303_2027_M NC01, dated 20260818. Not for distribution prior to 10/01."
H5521-241,Aetna Medicare Eagle (PPO),2027,Ambulance (air),20% coinsurance,CMS,Aetna 2027 Plan Guide (CMS-approved),2026-09-03,"Aetna 2027 Plan Guide (PG27-NC01/NC02/NCC01/NCS01), CMS-approved material ID Y0001_8915303_2027_M NC01, dated 20260818. Not for distribution prior to 10/01."
H5521-241,Aetna Medicare Eagle (PPO),2027,Ambulance (ground),$315 copay,CMS,Aetna 2027 Plan Guide (CMS-approved),2026-09-03,"Aetna 2027 Plan Guide (PG27-NC01/NC02/NCC01/NCS01), CMS-approved material ID Y0001_8915303_2027_M NC01, dated 20260818. Not for distribution prior to 10/01."
H5521-241,Aetna Medicare Eagle (PPO),2027,Annual physical exam,$0 copay for an annual routine physical exam.,CMS,Aetna 2027 Plan Guide (CMS-approved),2026-09-03,"Aetna 2027 Plan Guide (PG27-NC01/NC02/NCC01/NCS01), CMS-approved material ID Y0001_8915303_2027_M NC01, dated 20260818. Not for distribution prior to 10/01."
H5521-241,Aetna Medicare Eagle (PPO),2027,Dental - allowance,"Our plan pays $2,000 every year for in and out-of network preventive and comprehensive dental services combined. Aetna Dental PPO Network",CMS,Aetna 2027 Plan Guide (CMS-approved),2026-09-03,"Aetna 2027 Plan Guide (PG27-NC01/NC02/NCC01/NCS01), CMS-approved material ID Y0001_8915303_2027_M NC01, dated 20260818. Not for distribution prior to 10/01."
H5521-241,Aetna Medicare Eagle (PPO),2027,Durable medical equipment,20% coinsurance,CMS,Aetna 2027 Plan Guide (CMS-approved),2026-09-03,"Aetna 2027 Plan Guide (PG27-NC01/NC02/NCC01/NCS01), CMS-approved material ID Y0001_8915303_2027_M NC01, dated 20260818. Not for distribution prior to 10/01."
H5521-241,Aetna Medicare Eagle (PPO),2027,Emergency room,$130 copay,CMS,Aetna 2027 Plan Guide (CMS-approved),2026-09-03,"Aetna 2027 Plan Guide (PG27-NC01/NC02/NCC01/NCS01), CMS-approved material ID Y0001_8915303_2027_M NC01, dated 20260818. Not for distribution prior to 10/01."
H5521-241,Aetna Medicare Eagle (PPO),2027,Fitness,Physical fitness program: Basic SilverSneakers® membership.,CMS,Aetna 2027 Plan Guide (CMS-approved),2026-09-03,"Aetna 2027 Plan Guide (PG27-NC01/NC02/NCC01/NCS01), CMS-approved material ID Y0001_8915303_2027_M NC01, dated 20260818. Not for distribution prior to 10/01."
H5521-241,Aetna Medicare Eagle (PPO),2027,Hearing - routine exam,$0 copay (one exam every year) Appointments should be scheduled through NationsHearing®.,CMS,Aetna 2027 Plan Guide (CMS-approved),2026-09-03,"Aetna 2027 Plan Guide (PG27-NC01/NC02/NCC01/NCS01), CMS-approved material ID Y0001_8915303_2027_M NC01, dated 20260818. Not for distribution prior to 10/01."
H5521-241,Aetna Medicare Eagle (PPO),2027,Hearing aids,"Our plan pays $1,250 per ear every year for hearing aids. Hearing aids should be purchased through NationsHearing®. $30 copay",CMS,Aetna 2027 Plan Guide (CMS-approved),2026-09-03,"Aetna 2027 Plan Guide (PG27-NC01/NC02/NCC01/NCS01), CMS-approved material ID Y0001_8915303_2027_M NC01, dated 20260818. Not for distribution prior to 10/01."
H5521-241,Aetna Medicare Eagle (PPO),2027,Inpatient hospital,"$459 per day, days 1-6; $0 per day, days 7-90; $0 for additional days. Our plan covers unlimited hospital days.",CMS,Aetna 2027 Plan Guide (CMS-approved),2026-09-03,"Aetna 2027 Plan Guide (PG27-NC01/NC02/NCC01/NCS01), CMS-approved material ID Y0001_8915303_2027_M NC01, dated 20260818. Not for distribution prior to 10/01."
H5521-241,Aetna Medicare Eagle (PPO),2027,Lab services,$0 copay,CMS,Aetna 2027 Plan Guide (CMS-approved),2026-09-03,"Aetna 2027 Plan Guide (PG27-NC01/NC02/NCC01/NCS01), CMS-approved material ID Y0001_8915303_2027_M NC01, dated 20260818. Not for distribution prior to 10/01."
H5521-241,Aetna Medicare Eagle (PPO),2027,Max out-of-pocket,"$7,150 for in-network services. $8,150 for in- and out-of-network",CMS,Aetna 2027 Plan Guide (CMS-approved),2026-09-03,"Aetna 2027 Plan Guide (PG27-NC01/NC02/NCC01/NCS01), CMS-approved material ID Y0001_8915303_2027_M NC01, dated 20260818. Not for distribution prior to 10/01."
H5521-241,Aetna Medicare Eagle (PPO),2027,Medical deductible,$0,CMS,Aetna 2027 Plan Guide (CMS-approved),2026-09-03,"Aetna 2027 Plan Guide (PG27-NC01/NC02/NCC01/NCS01), CMS-approved material ID Y0001_8915303_2027_M NC01, dated 20260818. Not for distribution prior to 10/01."
H5521-241,Aetna Medicare Eagle (PPO),2027,Mental health (individual),$0 copay,CMS,Aetna 2027 Plan Guide (CMS-approved),2026-09-03,"Aetna 2027 Plan Guide (PG27-NC01/NC02/NCC01/NCS01), CMS-approved material ID Y0001_8915303_2027_M NC01, dated 20260818. Not for distribution prior to 10/01."
H5521-241,Aetna Medicare Eagle (PPO),2027,OTC allowance,CVS Over-the-counter,CMS,Aetna 2027 Plan Guide (CMS-approved),2026-09-03,"Aetna 2027 Plan Guide (PG27-NC01/NC02/NCC01/NCS01), CMS-approved material ID Y0001_8915303_2027_M NC01, dated 20260818. Not for distribution prior to 10/01."
H5521-241,Aetna Medicare Eagle (PPO),2027,Occupational therapy,$30 copay,CMS,Aetna 2027 Plan Guide (CMS-approved),2026-09-03,"Aetna 2027 Plan Guide (PG27-NC01/NC02/NCC01/NCS01), CMS-approved material ID Y0001_8915303_2027_M NC01, dated 20260818. Not for distribution prior to 10/01."
H5521-241,Aetna Medicare Eagle (PPO),2027,Outpatient hospital,$35 - $459 copay $35 copay for outpatient hospital services other than surgery $459 copay for each outpatient hospital surgery,CMS,Aetna 2027 Plan Guide (CMS-approved),2026-09-03,"Aetna 2027 Plan Guide (PG27-NC01/NC02/NCC01/NCS01), CMS-approved material ID Y0001_8915303_2027_M NC01, dated 20260818. Not for distribution prior to 10/01."
H5521-241,Aetna Medicare Eagle (PPO),2027,Outpatient surgery (ASC),$409 copay,CMS,Aetna 2027 Plan Guide (CMS-approved),2026-09-03,"Aetna 2027 Plan Guide (PG27-NC01/NC02/NCC01/NCS01), CMS-approved material ID Y0001_8915303_2027_M NC01, dated 20260818. Not for distribution prior to 10/01."
H5521-241,Aetna Medicare Eagle (PPO),2027,PCP,$0 copay In-network PCP selection is required.,CMS,Aetna 2027 Plan Guide (CMS-approved),2026-09-03,"Aetna 2027 Plan Guide (PG27-NC01/NC02/NCC01/NCS01), CMS-approved material ID Y0001_8915303_2027_M NC01, dated 20260818. Not for distribution prior to 10/01."
H5521-241,Aetna Medicare Eagle (PPO),2027,Part B giveback,$120,CMS,Aetna 2027 Plan Guide (CMS-approved),2026-09-03,"Aetna 2027 Plan Guide (PG27-NC01/NC02/NCC01/NCS01), CMS-approved material ID Y0001_8915303_2027_M NC01, dated 20260818. Not for distribution prior to 10/01."
H5521-241,Aetna Medicare Eagle (PPO),2027,Premium,$0,CMS,Aetna 2027 Plan Guide (CMS-approved),2026-09-03,"Aetna 2027 Plan Guide (PG27-NC01/NC02/NCC01/NCS01), CMS-approved material ID Y0001_8915303_2027_M NC01, dated 20260818. Not for distribution prior to 10/01."
H5521-241,Aetna Medicare Eagle (PPO),2027,Referrals,This plan doesn’t require a referral to see a specialist.,CMS,Aetna 2027 Plan Guide (CMS-approved),2026-09-03,"Aetna 2027 Plan Guide (PG27-NC01/NC02/NCC01/NCS01), CMS-approved material ID Y0001_8915303_2027_M NC01, dated 20260818. Not for distribution prior to 10/01."
H5521-241,Aetna Medicare Eagle (PPO),2027,Skilled nursing facility,"$10 per day, days 1-20; $221 per day, days 21-100 Our plan covers up to 100 days per benefit period.",CMS,Aetna 2027 Plan Guide (CMS-approved),2026-09-03,"Aetna 2027 Plan Guide (PG27-NC01/NC02/NCC01/NCS01), CMS-approved material ID Y0001_8915303_2027_M NC01, dated 20260818. Not for distribution prior to 10/01."
H5521-241,Aetna Medicare Eagle (PPO),2027,Specialist,$35 copay,CMS,Aetna 2027 Plan Guide (CMS-approved),2026-09-03,"Aetna 2027 Plan Guide (PG27-NC01/NC02/NCC01/NCS01), CMS-approved material ID Y0001_8915303_2027_M NC01, dated 20260818. Not for distribution prior to 10/01."
H5521-241,Aetna Medicare Eagle (PPO),2027,Urgent care,$50 copay,CMS,Aetna 2027 Plan Guide (CMS-approved),2026-09-03,"Aetna 2027 Plan Guide (PG27-NC01/NC02/NCC01/NCS01), CMS-approved material ID Y0001_8915303_2027_M NC01, dated 20260818. Not for distribution prior to 10/01."
H5521-241,Aetna Medicare Eagle (PPO),2027,Vision - eyeglasses,Our plan pays $250 every year for prescription eyewear. EyeMed Network,CMS,Aetna 2027 Plan Guide (CMS-approved),2026-09-03,"Aetna 2027 Plan Guide (PG27-NC01/NC02/NCC01/NCS01), CMS-approved material ID Y0001_8915303_2027_M NC01, dated 20260818. Not for distribution prior to 10/01."
H5521-241,Aetna Medicare Eagle (PPO),2027,Vision - routine eye exam,$0 copay with an EyeMed provider (one exam every year),CMS,Aetna 2027 Plan Guide (CMS-approved),2026-09-03,"Aetna 2027 Plan Guide (PG27-NC01/NC02/NCC01/NCS01), CMS-approved material ID Y0001_8915303_2027_M NC01, dated 20260818. Not for distribution prior to 10/01."
H5521-241,Aetna Medicare Eagle (PPO),2027,X-ray,X-rays: $30 copay Diagnostic radiology: $0 - $300 copay Lower cost sharing is for services provided by your primary care provider in their office.,CMS,Aetna 2027 Plan Guide (CMS-approved),2026-09-03,"Aetna 2027 Plan Guide (PG27-NC01/NC02/NCC01/NCS01), CMS-approved material ID Y0001_8915303_2027_M NC01, dated 20260818. Not for distribution prior to 10/01."
H5521-243,Aetna Medicare Signature (PPO),2027,Ambulance (air),20% coinsurance,CMS,Aetna 2027 Plan Guide (CMS-approved),2026-09-03,"Aetna 2027 Plan Guide (PG27-NC01/NC02/NCC01/NCS01), CMS-approved material ID Y0001_8915303_2027_M NC01, dated 20260818. Not for distribution prior to 10/01."
H5521-243,Aetna Medicare Signature (PPO),2027,Ambulance (ground),$315 copay,CMS,Aetna 2027 Plan Guide (CMS-approved),2026-09-03,"Aetna 2027 Plan Guide (PG27-NC01/NC02/NCC01/NCS01), CMS-approved material ID Y0001_8915303_2027_M NC01, dated 20260818. Not for distribution prior to 10/01."
H5521-243,Aetna Medicare Signature (PPO),2027,Annual physical exam,$0 copay for an annual routine physical exam.,CMS,Aetna 2027 Plan Guide (CMS-approved),2026-09-03,"Aetna 2027 Plan Guide (PG27-NC01/NC02/NCC01/NCS01), CMS-approved material ID Y0001_8915303_2027_M NC01, dated 20260818. Not for distribution prior to 10/01."
H5521-243,Aetna Medicare Signature (PPO),2027,Dental - allowance,"$0 - 50% cost share. Our plan pays for preventive dental services and $1,000 every year for comprehensive dental services. Aetna Dental PPO Network",CMS,Aetna 2027 Plan Guide (CMS-approved),2026-09-03,"Aetna 2027 Plan Guide (PG27-NC01/NC02/NCC01/NCS01), CMS-approved material ID Y0001_8915303_2027_M NC01, dated 20260818. Not for distribution prior to 10/01."
H5521-243,Aetna Medicare Signature (PPO),2027,Durable medical equipment,20% coinsurance,CMS,Aetna 2027 Plan Guide (CMS-approved),2026-09-03,"Aetna 2027 Plan Guide (PG27-NC01/NC02/NCC01/NCS01), CMS-approved material ID Y0001_8915303_2027_M NC01, dated 20260818. Not for distribution prior to 10/01."
H5521-243,Aetna Medicare Signature (PPO),2027,Emergency room,$130 copay,CMS,Aetna 2027 Plan Guide (CMS-approved),2026-09-03,"Aetna 2027 Plan Guide (PG27-NC01/NC02/NCC01/NCS01), CMS-approved material ID Y0001_8915303_2027_M NC01, dated 20260818. Not for distribution prior to 10/01."
H5521-243,Aetna Medicare Signature (PPO),2027,Fitness,Physical fitness program: Basic SilverSneakers® membership.,CMS,Aetna 2027 Plan Guide (CMS-approved),2026-09-03,"Aetna 2027 Plan Guide (PG27-NC01/NC02/NCC01/NCS01), CMS-approved material ID Y0001_8915303_2027_M NC01, dated 20260818. Not for distribution prior to 10/01."
H5521-243,Aetna Medicare Signature (PPO),2027,Hearing - routine exam,$0 copay (one exam every year) Appointments should be scheduled through NationsHearing®.,CMS,Aetna 2027 Plan Guide (CMS-approved),2026-09-03,"Aetna 2027 Plan Guide (PG27-NC01/NC02/NCC01/NCS01), CMS-approved material ID Y0001_8915303_2027_M NC01, dated 20260818. Not for distribution prior to 10/01."
H5521-243,Aetna Medicare Signature (PPO),2027,Hearing aids,"Our plan pays $1,250 per ear every year for hearing aids. Hearing aids should be purchased through NationsHearing®. $35 copay",CMS,Aetna 2027 Plan Guide (CMS-approved),2026-09-03,"Aetna 2027 Plan Guide (PG27-NC01/NC02/NCC01/NCS01), CMS-approved material ID Y0001_8915303_2027_M NC01, dated 20260818. Not for distribution prior to 10/01."
H5521-243,Aetna Medicare Signature (PPO),2027,Inpatient hospital,"$459 per day, days 1-6; $0 per day, days 7-90; $0 for additional days. Our plan covers unlimited hospital days.",CMS,Aetna 2027 Plan Guide (CMS-approved),2026-09-03,"Aetna 2027 Plan Guide (PG27-NC01/NC02/NCC01/NCS01), CMS-approved material ID Y0001_8915303_2027_M NC01, dated 20260818. Not for distribution prior to 10/01."
H5521-243,Aetna Medicare Signature (PPO),2027,Lab services,$0 - $35 copay Lower cost sharing is for services provided by your primary care provider in their office. $0 copay for certain lab services,CMS,Aetna 2027 Plan Guide (CMS-approved),2026-09-03,"Aetna 2027 Plan Guide (PG27-NC01/NC02/NCC01/NCS01), CMS-approved material ID Y0001_8915303_2027_M NC01, dated 20260818. Not for distribution prior to 10/01."
H5521-243,Aetna Medicare Signature (PPO),2027,Max out-of-pocket,"$6,750 for in-network services. $7,750 for in- and out-of-network services",CMS,Aetna 2027 Plan Guide (CMS-approved),2026-09-03,"Aetna 2027 Plan Guide (PG27-NC01/NC02/NCC01/NCS01), CMS-approved material ID Y0001_8915303_2027_M NC01, dated 20260818. Not for distribution prior to 10/01."
H5521-243,Aetna Medicare Signature (PPO),2027,Medical deductible,$0,CMS,Aetna 2027 Plan Guide (CMS-approved),2026-09-03,"Aetna 2027 Plan Guide (PG27-NC01/NC02/NCC01/NCS01), CMS-approved material ID Y0001_8915303_2027_M NC01, dated 20260818. Not for distribution prior to 10/01."
H5521-243,Aetna Medicare Signature (PPO),2027,Mental health (individual),$40 copay,CMS,Aetna 2027 Plan Guide (CMS-approved),2026-09-03,"Aetna 2027 Plan Guide (PG27-NC01/NC02/NCC01/NCS01), CMS-approved material ID Y0001_8915303_2027_M NC01, dated 20260818. Not for distribution prior to 10/01."
H5521-243,Aetna Medicare Signature (PPO),2027,OTC allowance,CVS Over-the-counter,CMS,Aetna 2027 Plan Guide (CMS-approved),2026-09-03,"Aetna 2027 Plan Guide (PG27-NC01/NC02/NCC01/NCS01), CMS-approved material ID Y0001_8915303_2027_M NC01, dated 20260818. Not for distribution prior to 10/01."
H5521-243,Aetna Medicare Signature (PPO),2027,Occupational therapy,$35 copay,CMS,Aetna 2027 Plan Guide (CMS-approved),2026-09-03,"Aetna 2027 Plan Guide (PG27-NC01/NC02/NCC01/NCS01), CMS-approved material ID Y0001_8915303_2027_M NC01, dated 20260818. Not for distribution prior to 10/01."
H5521-243,Aetna Medicare Signature (PPO),2027,Outpatient hospital,$50 - $459 copay $50 copay for outpatient hospital services other than surgery $459 copay for each outpatient hospital surgery,CMS,Aetna 2027 Plan Guide (CMS-approved),2026-09-03,"Aetna 2027 Plan Guide (PG27-NC01/NC02/NCC01/NCS01), CMS-approved material ID Y0001_8915303_2027_M NC01, dated 20260818. Not for distribution prior to 10/01."
H5521-243,Aetna Medicare Signature (PPO),2027,Outpatient surgery (ASC),$409 copay,CMS,Aetna 2027 Plan Guide (CMS-approved),2026-09-03,"Aetna 2027 Plan Guide (PG27-NC01/NC02/NCC01/NCS01), CMS-approved material ID Y0001_8915303_2027_M NC01, dated 20260818. Not for distribution prior to 10/01."
H5521-243,Aetna Medicare Signature (PPO),2027,PCP,$0 copay In-network PCP selection is required.,CMS,Aetna 2027 Plan Guide (CMS-approved),2026-09-03,"Aetna 2027 Plan Guide (PG27-NC01/NC02/NCC01/NCS01), CMS-approved material ID Y0001_8915303_2027_M NC01, dated 20260818. Not for distribution prior to 10/01."
H5521-243,Aetna Medicare Signature (PPO),2027,Premium,$0,CMS,Aetna 2027 Plan Guide (CMS-approved),2026-09-03,"Aetna 2027 Plan Guide (PG27-NC01/NC02/NCC01/NCS01), CMS-approved material ID Y0001_8915303_2027_M NC01, dated 20260818. Not for distribution prior to 10/01."
H5521-243,Aetna Medicare Signature (PPO),2027,Referrals,This plan doesn’t require a referral to see a specialist.,CMS,Aetna 2027 Plan Guide (CMS-approved),2026-09-03,"Aetna 2027 Plan Guide (PG27-NC01/NC02/NCC01/NCS01), CMS-approved material ID Y0001_8915303_2027_M NC01, dated 20260818. Not for distribution prior to 10/01."
H5521-243,Aetna Medicare Signature (PPO),2027,Skilled nursing facility,"$10 per day, days 1-20; $221 per day, days 21-100 Our plan covers up to 100 days per benefit period.",CMS,Aetna 2027 Plan Guide (CMS-approved),2026-09-03,"Aetna 2027 Plan Guide (PG27-NC01/NC02/NCC01/NCS01), CMS-approved material ID Y0001_8915303_2027_M NC01, dated 20260818. Not for distribution prior to 10/01."
H5521-243,Aetna Medicare Signature (PPO),2027,Specialist,$50 copay,CMS,Aetna 2027 Plan Guide (CMS-approved),2026-09-03,"Aetna 2027 Plan Guide (PG27-NC01/NC02/NCC01/NCS01), CMS-approved material ID Y0001_8915303_2027_M NC01, dated 20260818. Not for distribution prior to 10/01."
H5521-243,Aetna Medicare Signature (PPO),2027,Urgent care,$50 copay,CMS,Aetna 2027 Plan Guide (CMS-approved),2026-09-03,"Aetna 2027 Plan Guide (PG27-NC01/NC02/NCC01/NCS01), CMS-approved material ID Y0001_8915303_2027_M NC01, dated 20260818. Not for distribution prior to 10/01."
H5521-243,Aetna Medicare Signature (PPO),2027,Vision - eyeglasses,Our plan pays $100 every year for prescription eyewear. EyeMed Network,CMS,Aetna 2027 Plan Guide (CMS-approved),2026-09-03,"Aetna 2027 Plan Guide (PG27-NC01/NC02/NCC01/NCS01), CMS-approved material ID Y0001_8915303_2027_M NC01, dated 20260818. Not for distribution prior to 10/01."
H5521-243,Aetna Medicare Signature (PPO),2027,Vision - routine eye exam,$0 copay with an EyeMed provider (one exam every year),CMS,Aetna 2027 Plan Guide (CMS-approved),2026-09-03,"Aetna 2027 Plan Guide (PG27-NC01/NC02/NCC01/NCS01), CMS-approved material ID Y0001_8915303_2027_M NC01, dated 20260818. Not for distribution prior to 10/01."
H5521-243,Aetna Medicare Signature (PPO),2027,X-ray,X-rays: $55 copay,CMS,Aetna 2027 Plan Guide (CMS-approved),2026-09-03,"Aetna 2027 Plan Guide (PG27-NC01/NC02/NCC01/NCS01), CMS-approved material ID Y0001_8915303_2027_M NC01, dated 20260818. Not for distribution prior to 10/01."
H5521-348,Aetna Medicare Signature Giveback (PPO),2027,Ambulance (air),20% coinsurance,CMS,Aetna 2027 Plan Guide (CMS-approved),2026-09-03,"Aetna 2027 Plan Guide (PG27-NC01/NC02/NCC01/NCS01), CMS-approved material ID Y0001_8915303_2027_M NC01, dated 20260818. Not for distribution prior to 10/01."
H5521-348,Aetna Medicare Signature Giveback (PPO),2027,Ambulance (ground),$315 copay,CMS,Aetna 2027 Plan Guide (CMS-approved),2026-09-03,"Aetna 2027 Plan Guide (PG27-NC01/NC02/NCC01/NCS01), CMS-approved material ID Y0001_8915303_2027_M NC01, dated 20260818. Not for distribution prior to 10/01."
H5521-348,Aetna Medicare Signature Giveback (PPO),2027,Annual physical exam,$0 copay for an annual routine physical exam.,CMS,Aetna 2027 Plan Guide (CMS-approved),2026-09-03,"Aetna 2027 Plan Guide (PG27-NC01/NC02/NCC01/NCS01), CMS-approved material ID Y0001_8915303_2027_M NC01, dated 20260818. Not for distribution prior to 10/01."
H5521-348,Aetna Medicare Signature Giveback (PPO),2027,Dental - allowance,"$0 - 50% cost share. Our plan pays for preventive dental services and $1,000 every year for comprehensive dental services. Aetna Dental PPO Network",CMS,Aetna 2027 Plan Guide (CMS-approved),2026-09-03,"Aetna 2027 Plan Guide (PG27-NC01/NC02/NCC01/NCS01), CMS-approved material ID Y0001_8915303_2027_M NC01, dated 20260818. Not for distribution prior to 10/01."
H5521-348,Aetna Medicare Signature Giveback (PPO),2027,Durable medical equipment,20% coinsurance,CMS,Aetna 2027 Plan Guide (CMS-approved),2026-09-03,"Aetna 2027 Plan Guide (PG27-NC01/NC02/NCC01/NCS01), CMS-approved material ID Y0001_8915303_2027_M NC01, dated 20260818. Not for distribution prior to 10/01."
H5521-348,Aetna Medicare Signature Giveback (PPO),2027,Emergency room,$115 copay,CMS,Aetna 2027 Plan Guide (CMS-approved),2026-09-03,"Aetna 2027 Plan Guide (PG27-NC01/NC02/NCC01/NCS01), CMS-approved material ID Y0001_8915303_2027_M NC01, dated 20260818. Not for distribution prior to 10/01."
H5521-348,Aetna Medicare Signature Giveback (PPO),2027,Fitness,Physical fitness program: Basic SilverSneakers® membership.,CMS,Aetna 2027 Plan Guide (CMS-approved),2026-09-03,"Aetna 2027 Plan Guide (PG27-NC01/NC02/NCC01/NCS01), CMS-approved material ID Y0001_8915303_2027_M NC01, dated 20260818. Not for distribution prior to 10/01."
H5521-348,Aetna Medicare Signature Giveback (PPO),2027,Hearing - routine exam,$0 copay (one exam every year) Appointments should be scheduled through NationsHearing®.,CMS,Aetna 2027 Plan Guide (CMS-approved),2026-09-03,"Aetna 2027 Plan Guide (PG27-NC01/NC02/NCC01/NCS01), CMS-approved material ID Y0001_8915303_2027_M NC01, dated 20260818. Not for distribution prior to 10/01."
H5521-348,Aetna Medicare Signature Giveback (PPO),2027,Hearing aids,"Our plan pays $1,250 per ear every year for hearing aids. Hearing aids should be purchased through NationsHearing®. $35 copay",CMS,Aetna 2027 Plan Guide (CMS-approved),2026-09-03,"Aetna 2027 Plan Guide (PG27-NC01/NC02/NCC01/NCS01), CMS-approved material ID Y0001_8915303_2027_M NC01, dated 20260818. Not for distribution prior to 10/01."
H5521-348,Aetna Medicare Signature Giveback (PPO),2027,Inpatient hospital,"$408 per day, days 1-6; $0 per day, days 7-90; $0 for additional days. Our plan covers unlimited hospital days.",CMS,Aetna 2027 Plan Guide (CMS-approved),2026-09-03,"Aetna 2027 Plan Guide (PG27-NC01/NC02/NCC01/NCS01), CMS-approved material ID Y0001_8915303_2027_M NC01, dated 20260818. Not for distribution prior to 10/01."
H5521-348,Aetna Medicare Signature Giveback (PPO),2027,Lab services,$0 - $50 copay Lower cost sharing is for services provided by your primary care provider in their office. $0 copay for certain lab services,CMS,Aetna 2027 Plan Guide (CMS-approved),2026-09-03,"Aetna 2027 Plan Guide (PG27-NC01/NC02/NCC01/NCS01), CMS-approved material ID Y0001_8915303_2027_M NC01, dated 20260818. Not for distribution prior to 10/01."
H5521-348,Aetna Medicare Signature Giveback (PPO),2027,Max out-of-pocket,"$7,500 for in-network services. $8,500 for in- and out-of-network",CMS,Aetna 2027 Plan Guide (CMS-approved),2026-09-03,"Aetna 2027 Plan Guide (PG27-NC01/NC02/NCC01/NCS01), CMS-approved material ID Y0001_8915303_2027_M NC01, dated 20260818. Not for distribution prior to 10/01."
H5521-348,Aetna Medicare Signature Giveback (PPO),2027,Medical deductible,$0,CMS,Aetna 2027 Plan Guide (CMS-approved),2026-09-03,"Aetna 2027 Plan Guide (PG27-NC01/NC02/NCC01/NCS01), CMS-approved material ID Y0001_8915303_2027_M NC01, dated 20260818. Not for distribution prior to 10/01."
H5521-348,Aetna Medicare Signature Giveback (PPO),2027,Mental health (individual),$40 copay,CMS,Aetna 2027 Plan Guide (CMS-approved),2026-09-03,"Aetna 2027 Plan Guide (PG27-NC01/NC02/NCC01/NCS01), CMS-approved material ID Y0001_8915303_2027_M NC01, dated 20260818. Not for distribution prior to 10/01."
H5521-348,Aetna Medicare Signature Giveback (PPO),2027,OTC allowance,CVS Over-the-counter,CMS,Aetna 2027 Plan Guide (CMS-approved),2026-09-03,"Aetna 2027 Plan Guide (PG27-NC01/NC02/NCC01/NCS01), CMS-approved material ID Y0001_8915303_2027_M NC01, dated 20260818. Not for distribution prior to 10/01."
H5521-348,Aetna Medicare Signature Giveback (PPO),2027,Occupational therapy,$35 copay,CMS,Aetna 2027 Plan Guide (CMS-approved),2026-09-03,"Aetna 2027 Plan Guide (PG27-NC01/NC02/NCC01/NCS01), CMS-approved material ID Y0001_8915303_2027_M NC01, dated 20260818. Not for distribution prior to 10/01."
H5521-348,Aetna Medicare Signature Giveback (PPO),2027,Outpatient hospital,$56 - $408 copay $56 copay for outpatient hospital services other than surgery $408 copay for each outpatient hospital surgery,CMS,Aetna 2027 Plan Guide (CMS-approved),2026-09-03,"Aetna 2027 Plan Guide (PG27-NC01/NC02/NCC01/NCS01), CMS-approved material ID Y0001_8915303_2027_M NC01, dated 20260818. Not for distribution prior to 10/01."
H5521-348,Aetna Medicare Signature Giveback (PPO),2027,Outpatient surgery (ASC),$358 copay,CMS,Aetna 2027 Plan Guide (CMS-approved),2026-09-03,"Aetna 2027 Plan Guide (PG27-NC01/NC02/NCC01/NCS01), CMS-approved material ID Y0001_8915303_2027_M NC01, dated 20260818. Not for distribution prior to 10/01."
H5521-348,Aetna Medicare Signature Giveback (PPO),2027,PCP,$0 copay,CMS,Aetna 2027 Plan Guide (CMS-approved),2026-09-03,"Aetna 2027 Plan Guide (PG27-NC01/NC02/NCC01/NCS01), CMS-approved material ID Y0001_8915303_2027_M NC01, dated 20260818. Not for distribution prior to 10/01."
H5521-348,Aetna Medicare Signature Giveback (PPO),2027,Part B giveback,$30,CMS,Aetna 2027 Plan Guide (CMS-approved),2026-09-03,"Aetna 2027 Plan Guide (PG27-NC01/NC02/NCC01/NCS01), CMS-approved material ID Y0001_8915303_2027_M NC01, dated 20260818. Not for distribution prior to 10/01."
H5521-348,Aetna Medicare Signature Giveback (PPO),2027,Premium,$0,CMS,Aetna 2027 Plan Guide (CMS-approved),2026-09-03,"Aetna 2027 Plan Guide (PG27-NC01/NC02/NCC01/NCS01), CMS-approved material ID Y0001_8915303_2027_M NC01, dated 20260818. Not for distribution prior to 10/01."
H5521-348,Aetna Medicare Signature Giveback (PPO),2027,Referrals,This plan doesn’t require a referral to see a specialist.,CMS,Aetna 2027 Plan Guide (CMS-approved),2026-09-03,"Aetna 2027 Plan Guide (PG27-NC01/NC02/NCC01/NCS01), CMS-approved material ID Y0001_8915303_2027_M NC01, dated 20260818. Not for distribution prior to 10/01."
H5521-348,Aetna Medicare Signature Giveback (PPO),2027,Skilled nursing facility,"$0 per day, days 1-20; $221 per day, days 21-100 Our plan covers up to 100 days per benefit period.",CMS,Aetna 2027 Plan Guide (CMS-approved),2026-09-03,"Aetna 2027 Plan Guide (PG27-NC01/NC02/NCC01/NCS01), CMS-approved material ID Y0001_8915303_2027_M NC01, dated 20260818. Not for distribution prior to 10/01."
H5521-348,Aetna Medicare Signature Giveback (PPO),2027,Specialist,$56 copay,CMS,Aetna 2027 Plan Guide (CMS-approved),2026-09-03,"Aetna 2027 Plan Guide (PG27-NC01/NC02/NCC01/NCS01), CMS-approved material ID Y0001_8915303_2027_M NC01, dated 20260818. Not for distribution prior to 10/01."
H5521-348,Aetna Medicare Signature Giveback (PPO),2027,Urgent care,$40 copay,CMS,Aetna 2027 Plan Guide (CMS-approved),2026-09-03,"Aetna 2027 Plan Guide (PG27-NC01/NC02/NCC01/NCS01), CMS-approved material ID Y0001_8915303_2027_M NC01, dated 20260818. Not for distribution prior to 10/01."
H5521-348,Aetna Medicare Signature Giveback (PPO),2027,Vision - eyeglasses,Our plan pays $100 every year for prescription eyewear. EyeMed Network,CMS,Aetna 2027 Plan Guide (CMS-approved),2026-09-03,"Aetna 2027 Plan Guide (PG27-NC01/NC02/NCC01/NCS01), CMS-approved material ID Y0001_8915303_2027_M NC01, dated 20260818. Not for distribution prior to 10/01."
H5521-348,Aetna Medicare Signature Giveback (PPO),2027,Vision - routine eye exam,$0 copay with an EyeMed provider (one exam every year),CMS,Aetna 2027 Plan Guide (CMS-approved),2026-09-03,"Aetna 2027 Plan Guide (PG27-NC01/NC02/NCC01/NCS01), CMS-approved material ID Y0001_8915303_2027_M NC01, dated 20260818. Not for distribution prior to 10/01."
H5521-348,Aetna Medicare Signature Giveback (PPO),2027,X-ray,X-rays: $50 copay Diagnostic radiology: $0 - $300 copay Lower cost sharing is for services provided by your primary care provider in their office.,CMS,Aetna 2027 Plan Guide (CMS-approved),2026-09-03,"Aetna 2027 Plan Guide (PG27-NC01/NC02/NCC01/NCS01), CMS-approved material ID Y0001_8915303_2027_M NC01, dated 20260818. Not for distribution prior to 10/01."
H5521-609,Aetna Medicare Signature (PPO),2027,Ambulance (air),20% coinsurance,CMS,Aetna 2027 Plan Guide (CMS-approved),2026-09-03,"Aetna 2027 Plan Guide (PG27-NC01/NC02/NCC01/NCS01), CMS-approved material ID Y0001_8915303_2027_M NC01, dated 20260818. Not for distribution prior to 10/01."
H5521-609,Aetna Medicare Signature (PPO),2027,Ambulance (ground),$300 copay,CMS,Aetna 2027 Plan Guide (CMS-approved),2026-09-03,"Aetna 2027 Plan Guide (PG27-NC01/NC02/NCC01/NCS01), CMS-approved material ID Y0001_8915303_2027_M NC01, dated 20260818. Not for distribution prior to 10/01."
H5521-609,Aetna Medicare Signature (PPO),2027,Annual physical exam,$0 copay for an annual routine physical exam.,CMS,Aetna 2027 Plan Guide (CMS-approved),2026-09-03,"Aetna 2027 Plan Guide (PG27-NC01/NC02/NCC01/NCS01), CMS-approved material ID Y0001_8915303_2027_M NC01, dated 20260818. Not for distribution prior to 10/01."
H5521-609,Aetna Medicare Signature (PPO),2027,Dental - allowance,$0 for preventive services. Comprehensive services are not covered. Aetna Dental PPO Network,CMS,Aetna 2027 Plan Guide (CMS-approved),2026-09-03,"Aetna 2027 Plan Guide (PG27-NC01/NC02/NCC01/NCS01), CMS-approved material ID Y0001_8915303_2027_M NC01, dated 20260818. Not for distribution prior to 10/01."
H5521-609,Aetna Medicare Signature (PPO),2027,Durable medical equipment,20% coinsurance,CMS,Aetna 2027 Plan Guide (CMS-approved),2026-09-03,"Aetna 2027 Plan Guide (PG27-NC01/NC02/NCC01/NCS01), CMS-approved material ID Y0001_8915303_2027_M NC01, dated 20260818. Not for distribution prior to 10/01."
H5521-609,Aetna Medicare Signature (PPO),2027,Emergency room,$115 copay,CMS,Aetna 2027 Plan Guide (CMS-approved),2026-09-03,"Aetna 2027 Plan Guide (PG27-NC01/NC02/NCC01/NCS01), CMS-approved material ID Y0001_8915303_2027_M NC01, dated 20260818. Not for distribution prior to 10/01."
H5521-609,Aetna Medicare Signature (PPO),2027,Fitness,Physical fitness program: Basic SilverSneakers® membership.,CMS,Aetna 2027 Plan Guide (CMS-approved),2026-09-03,"Aetna 2027 Plan Guide (PG27-NC01/NC02/NCC01/NCS01), CMS-approved material ID Y0001_8915303_2027_M NC01, dated 20260818. Not for distribution prior to 10/01."
H5521-609,Aetna Medicare Signature (PPO),2027,Hearing - routine exam,$0 copay (one exam every year) Appointments should be scheduled through NationsHearing®.,CMS,Aetna 2027 Plan Guide (CMS-approved),2026-09-03,"Aetna 2027 Plan Guide (PG27-NC01/NC02/NCC01/NCS01), CMS-approved material ID Y0001_8915303_2027_M NC01, dated 20260818. Not for distribution prior to 10/01."
H5521-609,Aetna Medicare Signature (PPO),2027,Hearing aids,"Our plan pays $1,250 per ear every year for hearing aids. Hearing aids should be purchased through NationsHearing®. $35 copay",CMS,Aetna 2027 Plan Guide (CMS-approved),2026-09-03,"Aetna 2027 Plan Guide (PG27-NC01/NC02/NCC01/NCS01), CMS-approved material ID Y0001_8915303_2027_M NC01, dated 20260818. Not for distribution prior to 10/01."
H5521-609,Aetna Medicare Signature (PPO),2027,Inpatient hospital,"$408 per day, days 1-6; $0 per day, days 7-90; $0 for additional days. Our plan covers unlimited hospital days.",CMS,Aetna 2027 Plan Guide (CMS-approved),2026-09-03,"Aetna 2027 Plan Guide (PG27-NC01/NC02/NCC01/NCS01), CMS-approved material ID Y0001_8915303_2027_M NC01, dated 20260818. Not for distribution prior to 10/01."
H5521-609,Aetna Medicare Signature (PPO),2027,Lab services,$0 - $55 copay Lower cost sharing is for services provided by your primary care provider in their office. $0 copay for certain lab services,CMS,Aetna 2027 Plan Guide (CMS-approved),2026-09-03,"Aetna 2027 Plan Guide (PG27-NC01/NC02/NCC01/NCS01), CMS-approved material ID Y0001_8915303_2027_M NC01, dated 20260818. Not for distribution prior to 10/01."
H5521-609,Aetna Medicare Signature (PPO),2027,Max out-of-pocket,"$9,850 for in-network services. $10,850 for in- and out-of-network services",CMS,Aetna 2027 Plan Guide (CMS-approved),2026-09-03,"Aetna 2027 Plan Guide (PG27-NC01/NC02/NCC01/NCS01), CMS-approved material ID Y0001_8915303_2027_M NC01, dated 20260818. Not for distribution prior to 10/01."
H5521-609,Aetna Medicare Signature (PPO),2027,Medical deductible,$0,CMS,Aetna 2027 Plan Guide (CMS-approved),2026-09-03,"Aetna 2027 Plan Guide (PG27-NC01/NC02/NCC01/NCS01), CMS-approved material ID Y0001_8915303_2027_M NC01, dated 20260818. Not for distribution prior to 10/01."
H5521-609,Aetna Medicare Signature (PPO),2027,Mental health (individual),$40 copay,CMS,Aetna 2027 Plan Guide (CMS-approved),2026-09-03,"Aetna 2027 Plan Guide (PG27-NC01/NC02/NCC01/NCS01), CMS-approved material ID Y0001_8915303_2027_M NC01, dated 20260818. Not for distribution prior to 10/01."
H5521-609,Aetna Medicare Signature (PPO),2027,OTC allowance,Not offered with this plan,CMS,Aetna 2027 Plan Guide (CMS-approved),2026-09-03,"Aetna 2027 Plan Guide (PG27-NC01/NC02/NCC01/NCS01), CMS-approved material ID Y0001_8915303_2027_M NC01, dated 20260818. Not for distribution prior to 10/01."
H5521-609,Aetna Medicare Signature (PPO),2027,Occupational therapy,$35 copay,CMS,Aetna 2027 Plan Guide (CMS-approved),2026-09-03,"Aetna 2027 Plan Guide (PG27-NC01/NC02/NCC01/NCS01), CMS-approved material ID Y0001_8915303_2027_M NC01, dated 20260818. Not for distribution prior to 10/01."
H5521-609,Aetna Medicare Signature (PPO),2027,Outpatient hospital,$60 - $408 copay $60 copay for outpatient hospital services other than surgery $408 copay for each outpatient hospital surgery,CMS,Aetna 2027 Plan Guide (CMS-approved),2026-09-03,"Aetna 2027 Plan Guide (PG27-NC01/NC02/NCC01/NCS01), CMS-approved material ID Y0001_8915303_2027_M NC01, dated 20260818. Not for distribution prior to 10/01."
H5521-609,Aetna Medicare Signature (PPO),2027,Outpatient surgery (ASC),$358 copay,CMS,Aetna 2027 Plan Guide (CMS-approved),2026-09-03,"Aetna 2027 Plan Guide (PG27-NC01/NC02/NCC01/NCS01), CMS-approved material ID Y0001_8915303_2027_M NC01, dated 20260818. Not for distribution prior to 10/01."
H5521-609,Aetna Medicare Signature (PPO),2027,PCP,$0 copay In-network PCP selection is required.,CMS,Aetna 2027 Plan Guide (CMS-approved),2026-09-03,"Aetna 2027 Plan Guide (PG27-NC01/NC02/NCC01/NCS01), CMS-approved material ID Y0001_8915303_2027_M NC01, dated 20260818. Not for distribution prior to 10/01."
H5521-609,Aetna Medicare Signature (PPO),2027,Premium,$0,CMS,Aetna 2027 Plan Guide (CMS-approved),2026-09-03,"Aetna 2027 Plan Guide (PG27-NC01/NC02/NCC01/NCS01), CMS-approved material ID Y0001_8915303_2027_M NC01, dated 20260818. Not for distribution prior to 10/01."
H5521-609,Aetna Medicare Signature (PPO),2027,Referrals,This plan doesn’t require a referral to see a specialist.,CMS,Aetna 2027 Plan Guide (CMS-approved),2026-09-03,"Aetna 2027 Plan Guide (PG27-NC01/NC02/NCC01/NCS01), CMS-approved material ID Y0001_8915303_2027_M NC01, dated 20260818. Not for distribution prior to 10/01."
H5521-609,Aetna Medicare Signature (PPO),2027,Skilled nursing facility,"$0 per day, days 1-20; $221 per day, days 21-100 Our plan covers up to 100 days per benefit period.",CMS,Aetna 2027 Plan Guide (CMS-approved),2026-09-03,"Aetna 2027 Plan Guide (PG27-NC01/NC02/NCC01/NCS01), CMS-approved material ID Y0001_8915303_2027_M NC01, dated 20260818. Not for distribution prior to 10/01."
H5521-609,Aetna Medicare Signature (PPO),2027,Specialist,$60 copay,CMS,Aetna 2027 Plan Guide (CMS-approved),2026-09-03,"Aetna 2027 Plan Guide (PG27-NC01/NC02/NCC01/NCS01), CMS-approved material ID Y0001_8915303_2027_M NC01, dated 20260818. Not for distribution prior to 10/01."
H5521-609,Aetna Medicare Signature (PPO),2027,Urgent care,$40 copay,CMS,Aetna 2027 Plan Guide (CMS-approved),2026-09-03,"Aetna 2027 Plan Guide (PG27-NC01/NC02/NCC01/NCS01), CMS-approved material ID Y0001_8915303_2027_M NC01, dated 20260818. Not for distribution prior to 10/01."
H5521-609,Aetna Medicare Signature (PPO),2027,Vision - eyeglasses,Our plan pays $100 every year for prescription eyewear. EyeMed Network,CMS,Aetna 2027 Plan Guide (CMS-approved),2026-09-03,"Aetna 2027 Plan Guide (PG27-NC01/NC02/NCC01/NCS01), CMS-approved material ID Y0001_8915303_2027_M NC01, dated 20260818. Not for distribution prior to 10/01."
H5521-609,Aetna Medicare Signature (PPO),2027,Vision - routine eye exam,$0 copay with an EyeMed provider (one exam every year),CMS,Aetna 2027 Plan Guide (CMS-approved),2026-09-03,"Aetna 2027 Plan Guide (PG27-NC01/NC02/NCC01/NCS01), CMS-approved material ID Y0001_8915303_2027_M NC01, dated 20260818. Not for distribution prior to 10/01."
H5521-609,Aetna Medicare Signature (PPO),2027,X-ray,X-rays: $0 - $75 copay,CMS,Aetna 2027 Plan Guide (CMS-approved),2026-09-03,"Aetna 2027 Plan Guide (PG27-NC01/NC02/NCC01/NCS01), CMS-approved material ID Y0001_8915303_2027_M NC01, dated 20260818. Not for distribution prior to 10/01."
